disease,source_name,source_url,fetch_status,fetched_at,heading,text
cholera,CDC Cholera Signs and Symptoms,https://www.cdc.gov/cholera/signs-symptoms/index.html,ok,2026-09-19T01:48:23.123096+00:00,Early symptoms,"People with cholera often will have mild symptoms, or no symptoms at all, and get better on their own. About 1 in 10 people will develop severe symptoms that can be life-threatening."
cholera,CDC Cholera Signs and Symptoms,https://www.cdc.gov/cholera/signs-symptoms/index.html,ok,2026-09-19T01:48:23.123096+00:00,Early symptoms,Early symptoms of cholera include:
cholera,CDC Cholera Signs and Symptoms,https://www.cdc.gov/cholera/signs-symptoms/index.html,ok,2026-09-19T01:48:23.123096+00:00,Early symptoms,"Watery diarrhea, sometimes described as ""rice-water stools"" because they are milky white"
cholera,CDC Cholera Signs and Symptoms,https://www.cdc.gov/cholera/signs-symptoms/index.html,ok,2026-09-19T01:48:23.123096+00:00,Early symptoms,Vomiting
cholera,CDC Cholera Signs and Symptoms,https://www.cdc.gov/cholera/signs-symptoms/index.html,ok,2026-09-19T01:48:23.123096+00:00,Early symptoms,Leg cramps
cholera,CDC Cholera Signs and Symptoms,https://www.cdc.gov/cholera/signs-symptoms/index.html,ok,2026-09-19T01:48:23.123096+00:00,Early symptoms,Restlessness or irritability
cholera,CDC Cholera Signs and Symptoms,https://www.cdc.gov/cholera/signs-symptoms/index.html,ok,2026-09-19T01:48:23.123096+00:00,Early symptoms,Symptoms usually appear 2-3 days after someone drinks or eats something containing cholera bacteria. Symptoms can show up within a few hours or up to 5 days.
cholera,CDC Cholera Signs and Symptoms,https://www.cdc.gov/cholera/signs-symptoms/index.html,ok,2026-09-19T01:48:23.123096+00:00,Early symptoms,"During a cholera outbreak, people with acute watery diarrhea (3 or more loose stools a day) should seek care."
cholera,CDC Cholera Signs and Symptoms,https://www.cdc.gov/cholera/signs-symptoms/index.html,ok,2026-09-19T01:48:23.123096+00:00,Later symptoms,Losing body fluids quickly from diarrhea and vomiting can cause dehydration. Patients with severe cholera may have lost more than 10% of body weight by the time they seek medical care.
cholera,CDC Cholera Signs and Symptoms,https://www.cdc.gov/cholera/signs-symptoms/index.html,ok,2026-09-19T01:48:23.123096+00:00,Later symptoms,"If untreated, severe dehydration can lead to kidney failure, shock, coma, and death."
cholera,CDC Cholera Signs and Symptoms,https://www.cdc.gov/cholera/signs-symptoms/index.html,ok,2026-09-19T01:48:23.123096+00:00,Later symptoms,Symptoms of dehydration include:
cholera,CDC Cholera Signs and Symptoms,https://www.cdc.gov/cholera/signs-symptoms/index.html,ok,2026-09-19T01:48:23.123096+00:00,Later symptoms,Rapid heart rate
cholera,CDC Cholera Signs and Symptoms,https://www.cdc.gov/cholera/signs-symptoms/index.html,ok,2026-09-19T01:48:23.123096+00:00,Later symptoms,Loss of elasticity in the skin
cholera,CDC Cholera Signs and Symptoms,https://www.cdc.gov/cholera/signs-symptoms/index.html,ok,2026-09-19T01:48:23.123096+00:00,Later symptoms,Dry mucous membranes
cholera,CDC Cholera Signs and Symptoms,https://www.cdc.gov/cholera/signs-symptoms/index.html,ok,2026-09-19T01:48:23.123096+00:00,Later symptoms,Low blood pressure
cholera,CDC Cholera Signs and Symptoms,https://www.cdc.gov/cholera/signs-symptoms/index.html,ok,2026-09-19T01:48:23.123096+00:00,Later symptoms,"With early and proper treatment, even people with severe cholera can survive."
cholera,WHO Cholera Fact Sheet,https://www.who.int/news-room/fact-sheets/detail/cholera,ok,2026-09-19T01:48:23.518761+00:00,Key facts,Cholera is a severe diarrheal disease that can be fatal within hours if not treated. Quick access to treatment is crucial.
cholera,WHO Cholera Fact Sheet,https://www.who.int/news-room/fact-sheets/detail/cholera,ok,2026-09-19T01:48:23.518761+00:00,Key facts,"Most people with cholera have no or mild symptoms and can be treated with oral rehydration solution. Severe cases need intravenous fluids, oral rehydration solution and antibiotics."
cholera,WHO Cholera Fact Sheet,https://www.who.int/news-room/fact-sheets/detail/cholera,ok,2026-09-19T01:48:23.518761+00:00,Key facts,The oral cholera vaccine (OCV) can help prevent and control cholera.
cholera,WHO Cholera Fact Sheet,https://www.who.int/news-room/fact-sheets/detail/cholera,ok,2026-09-19T01:48:23.518761+00:00,Overview,"Cholera is an acute diarrheal infection caused by consuming food or water contaminated with the bacterium Vibrio cholerae . It is a global public health threat and indicates inequity and lack of social and economic development. Access to safe water, basic sanitation and hygiene is essential to prevent cholera and other waterborne diseases."
cholera,WHO Cholera Fact Sheet,https://www.who.int/news-room/fact-sheets/detail/cholera,ok,2026-09-19T01:48:23.518761+00:00,Overview,"Most people with cholera have mild or moderate diarrhoea and can be treated with oral rehydration solution (ORS). However, the disease can progress rapidly, so starting treatment quickly is vital to save lives. Patients with severe disease need intravenous fluids, ORS and antibiotics."
cholera,WHO Cholera Fact Sheet,https://www.who.int/news-room/fact-sheets/detail/cholera,ok,2026-09-19T01:48:23.518761+00:00,Symptoms,"Cholera can cause severe acute watery diarrhoea, which can be fatal within hours if untreated. Most people infected with V. cholerae do not develop symptoms but can spread the bacteria through their faeces for 1–10 days. Symptoms appear 12 hours to 5 days after infection (2) ."
cholera,WHO Cholera Fact Sheet,https://www.who.int/news-room/fact-sheets/detail/cholera,ok,2026-09-19T01:48:23.518761+00:00,Symptoms,Most people with the disease have mild or moderate symptoms. A minority of patients develop severe acute watery diarrhoea and life-threatening dehydration.
cholera,WHO Cholera Fact Sheet,https://www.who.int/news-room/fact-sheets/detail/cholera,ok,2026-09-19T01:48:23.518761+00:00,Prevention and control,"Preventing and controlling cholera involves a combination of strengthening surveillance, improving water, sanitation and hygiene, increasing risk communication and community engagement, improving access to quality treatment and implementing oral cholera vaccine campaigns."
cholera,WHO Cholera Fact Sheet,https://www.who.int/news-room/fact-sheets/detail/cholera,ok,2026-09-19T01:48:23.518761+00:00,Treatment,Cholera is an easily treatable disease. Most people can be treated successfully with prompt ORS administration. Severely dehydrated patients are at risk of dying from dehydration and need rapid intravenous fluids. They also receive oral rehydration solution and antibiotics. Patients with underlying conditions or comorbidities may require additional care in specific treatment centres. The case fatality rate in treatment centres should remain below 1%.
cholera,WHO Cholera Fact Sheet,https://www.who.int/news-room/fact-sheets/detail/cholera,ok,2026-09-19T01:48:23.518761+00:00,Treatment,"Community access to ORS is essential during a cholera outbreak. Mass administration of antibiotics to prevent cholera (chemoprophylaxis) is not recommended, as it has no proven effect on the spread of cholera and may contribute to antimicrobial resistance."
common cold,CDC Common Cold About,https://www.cdc.gov/common-cold/about/index.html,ok,2026-09-19T01:48:23.911847+00:00,Signs and symptoms,The signs and symptoms of a cold usually peak within 2 to 3 days of infection and can include:
common cold,CDC Common Cold About,https://www.cdc.gov/common-cold/about/index.html,ok,2026-09-19T01:48:23.911847+00:00,Signs and symptoms,Runny nose
common cold,CDC Common Cold About,https://www.cdc.gov/common-cold/about/index.html,ok,2026-09-19T01:48:23.911847+00:00,Signs and symptoms,Nasal congestion
common cold,CDC Common Cold About,https://www.cdc.gov/common-cold/about/index.html,ok,2026-09-19T01:48:23.911847+00:00,Signs and symptoms,Cough
common cold,CDC Common Cold About,https://www.cdc.gov/common-cold/about/index.html,ok,2026-09-19T01:48:23.911847+00:00,Signs and symptoms,Sneezing
common cold,CDC Common Cold About,https://www.cdc.gov/common-cold/about/index.html,ok,2026-09-19T01:48:23.911847+00:00,Signs and symptoms,Sore throat
common cold,CDC Common Cold About,https://www.cdc.gov/common-cold/about/index.html,ok,2026-09-19T01:48:23.911847+00:00,Signs and symptoms,Headache
common cold,CDC Common Cold About,https://www.cdc.gov/common-cold/about/index.html,ok,2026-09-19T01:48:23.911847+00:00,Signs and symptoms,Mild body aches
common cold,CDC Common Cold About,https://www.cdc.gov/common-cold/about/index.html,ok,2026-09-19T01:48:23.911847+00:00,Signs and symptoms,Fever (usually low grade in older children and adults)
covid-like illness,CDC COVID Symptoms,https://www.cdc.gov/covid/signs-symptoms/index.html,ok,2026-09-19T01:48:24.399282+00:00,Signs and Symptoms,The following list does not include all possible symptoms. Symptoms may change with new COVID-19 variants and can vary depending on vaccination status. Possible symptoms include:
covid-like illness,CDC COVID Symptoms,https://www.cdc.gov/covid/signs-symptoms/index.html,ok,2026-09-19T01:48:24.399282+00:00,Signs and Symptoms,Fever or chills
covid-like illness,CDC COVID Symptoms,https://www.cdc.gov/covid/signs-symptoms/index.html,ok,2026-09-19T01:48:24.399282+00:00,Signs and Symptoms,Cough
covid-like illness,CDC COVID Symptoms,https://www.cdc.gov/covid/signs-symptoms/index.html,ok,2026-09-19T01:48:24.399282+00:00,Signs and Symptoms,Shortness of breath or difficulty breathing
covid-like illness,CDC COVID Symptoms,https://www.cdc.gov/covid/signs-symptoms/index.html,ok,2026-09-19T01:48:24.399282+00:00,Signs and Symptoms,Sore throat
covid-like illness,CDC COVID Symptoms,https://www.cdc.gov/covid/signs-symptoms/index.html,ok,2026-09-19T01:48:24.399282+00:00,Signs and Symptoms,Congestion or runny nose
covid-like illness,CDC COVID Symptoms,https://www.cdc.gov/covid/signs-symptoms/index.html,ok,2026-09-19T01:48:24.399282+00:00,Signs and Symptoms,New loss of taste or smell
covid-like illness,CDC COVID Symptoms,https://www.cdc.gov/covid/signs-symptoms/index.html,ok,2026-09-19T01:48:24.399282+00:00,Signs and Symptoms,Fatigue
covid-like illness,CDC COVID Symptoms,https://www.cdc.gov/covid/signs-symptoms/index.html,ok,2026-09-19T01:48:24.399282+00:00,Signs and Symptoms,Muscle or body aches
covid-like illness,CDC COVID Symptoms,https://www.cdc.gov/covid/signs-symptoms/index.html,ok,2026-09-19T01:48:24.399282+00:00,Signs and Symptoms,Headache
covid-like illness,CDC COVID Symptoms,https://www.cdc.gov/covid/signs-symptoms/index.html,ok,2026-09-19T01:48:24.399282+00:00,Signs and Symptoms,Nausea or vomiting
covid-like illness,CDC COVID Symptoms,https://www.cdc.gov/covid/signs-symptoms/index.html,ok,2026-09-19T01:48:24.399282+00:00,Signs and Symptoms,Diarrhea
covid-like illness,CDC COVID Symptoms,https://www.cdc.gov/covid/signs-symptoms/index.html,ok,2026-09-19T01:48:24.399282+00:00,Signs and Symptoms,CDC will continue to update this list as we learn more about COVID-19.
covid-like illness,WHO COVID-19 Fact Sheet,https://www.who.int/news-room/fact-sheets/detail/coronavirus-disease-(covid-19),ok,2026-09-19T01:48:24.761258+00:00,Key facts,"COVID-19 is a disease caused by the SARS-CoV-2 coronavirus. There are a range of signs and symptoms, but hte most common symptoms reported for currently-circulating variants are fever, chills, and sore throat."
covid-like illness,WHO COVID-19 Fact Sheet,https://www.who.int/news-room/fact-sheets/detail/coronavirus-disease-(covid-19),ok,2026-09-19T01:48:24.761258+00:00,Key facts,Most people make a full recovery without needing treatment. People with severe disease or at risk of developing severe disease should seek medical care as soon as possible.
covid-like illness,WHO COVID-19 Fact Sheet,https://www.who.int/news-room/fact-sheets/detail/coronavirus-disease-(covid-19),ok,2026-09-19T01:48:24.761258+00:00,Key facts,"Over 13.64 billion COVID-19 vaccine doses had been administered by the end of 2024. WHO continues to recommend COVID-19 vaccination using a risk-based approach. WHO recommends a single dose for persons who have not yet received a COVID-19 vaccine. For those at high risk of severe COVID-19, revaccination may be needed 6-12 months after the most recent dose."
covid-like illness,WHO COVID-19 Fact Sheet,https://www.who.int/news-room/fact-sheets/detail/coronavirus-disease-(covid-19),ok,2026-09-19T01:48:24.761258+00:00,Overview,"Because of increasing immunity from past infections and/or vaccination, most people recover without treatment. About 6% develop post COVID-19 condition (PCC, or long COVID), however, which can cause lasting symptoms such as memory issues, fatigue or breathing difficulties. PCC an affect daily life and requires individualized care."
covid-like illness,WHO COVID-19 Fact Sheet,https://www.who.int/news-room/fact-sheets/detail/coronavirus-disease-(covid-19),ok,2026-09-19T01:48:24.761258+00:00,Overview,Vaccination remains a key preventive measure against severe disease. COVID-19 vaccines continue to provide strong protection against severe illness and death.
covid-like illness,WHO COVID-19 Fact Sheet,https://www.who.int/news-room/fact-sheets/detail/coronavirus-disease-(covid-19),ok,2026-09-19T01:48:24.761258+00:00,Overview,fever
covid-like illness,WHO COVID-19 Fact Sheet,https://www.who.int/news-room/fact-sheets/detail/coronavirus-disease-(covid-19),ok,2026-09-19T01:48:24.761258+00:00,Overview,chills
covid-like illness,WHO COVID-19 Fact Sheet,https://www.who.int/news-room/fact-sheets/detail/coronavirus-disease-(covid-19),ok,2026-09-19T01:48:24.761258+00:00,Overview,severe fatigue or tiredness
covid-like illness,WHO COVID-19 Fact Sheet,https://www.who.int/news-room/fact-sheets/detail/coronavirus-disease-(covid-19),ok,2026-09-19T01:48:24.761258+00:00,Overview,headache
covid-like illness,WHO COVID-19 Fact Sheet,https://www.who.int/news-room/fact-sheets/detail/coronavirus-disease-(covid-19),ok,2026-09-19T01:48:24.761258+00:00,Overview,new and persistent cough
covid-like illness,WHO COVID-19 Fact Sheet,https://www.who.int/news-room/fact-sheets/detail/coronavirus-disease-(covid-19),ok,2026-09-19T01:48:24.761258+00:00,Overview,tight chest or chest pain
covid-like illness,WHO COVID-19 Fact Sheet,https://www.who.int/news-room/fact-sheets/detail/coronavirus-disease-(covid-19),ok,2026-09-19T01:48:24.761258+00:00,Overview,"appetite loss, nausea, vomiting, abdominal pain or diarrhoea"
covid-like illness,WHO COVID-19 Fact Sheet,https://www.who.int/news-room/fact-sheets/detail/coronavirus-disease-(covid-19),ok,2026-09-19T01:48:24.761258+00:00,Overview,"difficulty breathing, especially at rest, or unable to speak in sentences"
covid-like illness,WHO COVID-19 Fact Sheet,https://www.who.int/news-room/fact-sheets/detail/coronavirus-disease-(covid-19),ok,2026-09-19T01:48:24.761258+00:00,Overview,persistent pain or pressure in the chest
covid-like illness,WHO COVID-19 Fact Sheet,https://www.who.int/news-room/fact-sheets/detail/coronavirus-disease-(covid-19),ok,2026-09-19T01:48:24.761258+00:00,Overview,"people with high blood pressure, diabetes, obesity, chronic lung, heart, liver and/or kidney disaeses, cancer or dementia;"
covid-like illness,WHO COVID-19 Fact Sheet,https://www.who.int/news-room/fact-sheets/detail/coronavirus-disease-(covid-19),ok,2026-09-19T01:48:24.761258+00:00,Overview,"The potential consequences of severe COVID-19 include respiratory failure, sepsis, thromboembolism (blood clots), and multiorgan failure, including injury of the heart, liver or kidneys, and death."
covid-like illness,WHO COVID-19 Fact Sheet,https://www.who.int/news-room/fact-sheets/detail/coronavirus-disease-(covid-19),ok,2026-09-19T01:48:24.761258+00:00,Overview,"Some people who have had COVID-19, whether they needed hospitalization or not, continue to experience symptoms long after the infectious period has ended. These long-term effects are called post COVID-19 condition (PCC, or long COVID). The most common symptoms include fatigue, aches and pains in muscles or joints, breathlessness, headaches, and difficulty in thinking or concentrating. Post COVID-19 condition can affect a person’s ability to perform daily activities such as work or household tasks."
covid-like illness,WHO COVID-19 Fact Sheet,https://www.who.int/news-room/fact-sheets/detail/coronavirus-disease-(covid-19),ok,2026-09-19T01:48:24.761258+00:00,Treatment,"Medical treatment exists for COVID-19, although most people recover from mild illness without needing treatment. For those who need treatment, health-care professionals suggest treatments for COVID-19 based on the severity of the disease and the risk of it getting worse. They consider the person’s age, symptoms, any coexisting health conditions, and individual factors which might interfere with specific treatments."
covid-like illness,WHO COVID-19 Fact Sheet,https://www.who.int/news-room/fact-sheets/detail/coronavirus-disease-(covid-19),ok,2026-09-19T01:48:24.761258+00:00,Prevention,"cover your mouth and nose with a bent elbow or tissue when you cough or sneeze, and dispose of used tissues right away and clean your hands;"
dengue,CDC Dengue Symptoms and Testing,https://www.cdc.gov/dengue/signs-symptoms/index.html,ok,2026-09-19T01:48:25.126201+00:00,Symptoms,The most common symptom of dengue is fever with any of the following:
dengue,CDC Dengue Symptoms and Testing,https://www.cdc.gov/dengue/signs-symptoms/index.html,ok,2026-09-19T01:48:25.126201+00:00,Symptoms,"Aches and pains (eye pain, typically behind the eyes, muscle, joint, or bone pain)"
dengue,CDC Dengue Symptoms and Testing,https://www.cdc.gov/dengue/signs-symptoms/index.html,ok,2026-09-19T01:48:25.126201+00:00,Symptoms,"Nausea, vomiting"
dengue,CDC Dengue Symptoms and Testing,https://www.cdc.gov/dengue/signs-symptoms/index.html,ok,2026-09-19T01:48:25.126201+00:00,Symptoms,Rash
dengue,CDC Dengue Symptoms and Testing,https://www.cdc.gov/dengue/signs-symptoms/index.html,ok,2026-09-19T01:48:25.126201+00:00,Symptoms,Any warning sign
dengue,CDC Dengue Symptoms and Testing,https://www.cdc.gov/dengue/signs-symptoms/index.html,ok,2026-09-19T01:48:25.126201+00:00,Symptoms,Dengue symptoms
dengue,CDC Dengue Symptoms and Testing,https://www.cdc.gov/dengue/signs-symptoms/index.html,ok,2026-09-19T01:48:25.126201+00:00,Symptoms,Fever with any of the following
dengue,CDC Dengue Symptoms and Testing,https://www.cdc.gov/dengue/signs-symptoms/index.html,ok,2026-09-19T01:48:25.126201+00:00,Symptoms,- Eye pain
dengue,CDC Dengue Symptoms and Testing,https://www.cdc.gov/dengue/signs-symptoms/index.html,ok,2026-09-19T01:48:25.126201+00:00,Symptoms,- Muscle pain
dengue,CDC Dengue Symptoms and Testing,https://www.cdc.gov/dengue/signs-symptoms/index.html,ok,2026-09-19T01:48:25.126201+00:00,Symptoms,- Bone pain
dengue,CDC Dengue Symptoms and Testing,https://www.cdc.gov/dengue/signs-symptoms/index.html,ok,2026-09-19T01:48:25.126201+00:00,Symptoms,- Joint pain
dengue,CDC Dengue Symptoms and Testing,https://www.cdc.gov/dengue/signs-symptoms/index.html,ok,2026-09-19T01:48:25.126201+00:00,Symptoms,- Headache
dengue,CDC Dengue Symptoms and Testing,https://www.cdc.gov/dengue/signs-symptoms/index.html,ok,2026-09-19T01:48:25.126201+00:00,Symptoms,- Nausea/vomiting
dengue,CDC Dengue Symptoms and Testing,https://www.cdc.gov/dengue/signs-symptoms/index.html,ok,2026-09-19T01:48:25.126201+00:00,Symptoms,- Rash
dengue,CDC Dengue Symptoms and Testing,https://www.cdc.gov/dengue/signs-symptoms/index.html,ok,2026-09-19T01:48:25.126201+00:00,Symptoms,CDC logo
dengue,CDC Dengue Symptoms and Testing,https://www.cdc.gov/dengue/signs-symptoms/index.html,ok,2026-09-19T01:48:25.126201+00:00,Symptoms,Mild symptoms of dengue can be confused with other illnesses that cause fever.
dengue,CDC Dengue Symptoms and Testing,https://www.cdc.gov/dengue/signs-symptoms/index.html,ok,2026-09-19T01:48:25.126201+00:00,Symptoms,Symptoms of dengue typically last 2–7 days.
dengue,CDC Dengue Symptoms and Testing,https://www.cdc.gov/dengue/signs-symptoms/index.html,ok,2026-09-19T01:48:25.126201+00:00,Symptoms,Most people will recover after about a week.
dengue,CDC Dengue Symptoms and Testing,https://www.cdc.gov/dengue/signs-symptoms/index.html,ok,2026-09-19T01:48:25.126201+00:00,Testing,"A blood test is the only way to confirm the diagnosis. Laboratory confirmation is not required to manage illness from dengue, and your healthcare provider might provide care based on your signs and symptoms."
dengue,CDC Dengue Symptoms and Testing,https://www.cdc.gov/dengue/signs-symptoms/index.html,ok,2026-09-19T01:48:25.126201+00:00,Testing,Your healthcare provider may order blood tests to look for dengue or other similar viruses like Zika or chikungunya.
dengue,WHO Dengue Fact Sheet,https://www.who.int/news-room/fact-sheets/detail/dengue-and-severe-dengue,ok,2026-09-19T01:48:25.516833+00:00,Key facts,"Prevention and control of dengue rely on vector control. There is no specific treatment for dengue/severe dengue, and early detection and access to proper medical care greatly lower fatality rates of severe dengue."
dengue,WHO Dengue Fact Sheet,https://www.who.int/news-room/fact-sheets/detail/dengue-and-severe-dengue,ok,2026-09-19T01:48:25.516833+00:00,Overview,Dengue (break-bone fever) is a viral infection that is spread from mosquitoes to people. It is more common in tropical and subtropical than in temperate climates.
dengue,WHO Dengue Fact Sheet,https://www.who.int/news-room/fact-sheets/detail/dengue-and-severe-dengue,ok,2026-09-19T01:48:25.516833+00:00,Overview,"Most people who get dengue do not have symptoms. For those who do, the most common symptoms are high fever, headache, body aches, nausea and rash. Most get better in 1–2 weeks. Some develop severe dengue and need care in a hospital."
dengue,WHO Dengue Fact Sheet,https://www.who.int/news-room/fact-sheets/detail/dengue-and-severe-dengue,ok,2026-09-19T01:48:25.516833+00:00,Overview,Dengue is treated through pain management as there is no specific treatment currently.
dengue,WHO Dengue Fact Sheet,https://www.who.int/news-room/fact-sheets/detail/dengue-and-severe-dengue,ok,2026-09-19T01:48:25.516833+00:00,Symptoms,"Most people with dengue have mild or no symptoms and will get better in 1–2 weeks. Rarely, dengue can be severe and lead to death."
dengue,WHO Dengue Fact Sheet,https://www.who.int/news-room/fact-sheets/detail/dengue-and-severe-dengue,ok,2026-09-19T01:48:25.516833+00:00,Symptoms,"If symptoms occur, they usually begin 4–10 days after infection and last for 2–7 days. Symptoms may include:"
dengue,WHO Dengue Fact Sheet,https://www.who.int/news-room/fact-sheets/detail/dengue-and-severe-dengue,ok,2026-09-19T01:48:25.516833+00:00,Symptoms,high fever (40°C/104°F)
dengue,WHO Dengue Fact Sheet,https://www.who.int/news-room/fact-sheets/detail/dengue-and-severe-dengue,ok,2026-09-19T01:48:25.516833+00:00,Symptoms,severe headache
dengue,WHO Dengue Fact Sheet,https://www.who.int/news-room/fact-sheets/detail/dengue-and-severe-dengue,ok,2026-09-19T01:48:25.516833+00:00,Symptoms,pain behind the eyes
dengue,WHO Dengue Fact Sheet,https://www.who.int/news-room/fact-sheets/detail/dengue-and-severe-dengue,ok,2026-09-19T01:48:25.516833+00:00,Symptoms,muscle and joint pains
dengue,WHO Dengue Fact Sheet,https://www.who.int/news-room/fact-sheets/detail/dengue-and-severe-dengue,ok,2026-09-19T01:48:25.516833+00:00,Symptoms,nausea
dengue,WHO Dengue Fact Sheet,https://www.who.int/news-room/fact-sheets/detail/dengue-and-severe-dengue,ok,2026-09-19T01:48:25.516833+00:00,Symptoms,vomiting
dengue,WHO Dengue Fact Sheet,https://www.who.int/news-room/fact-sheets/detail/dengue-and-severe-dengue,ok,2026-09-19T01:48:25.516833+00:00,Symptoms,swollen glands
dengue,WHO Dengue Fact Sheet,https://www.who.int/news-room/fact-sheets/detail/dengue-and-severe-dengue,ok,2026-09-19T01:48:25.516833+00:00,Symptoms,rash.
dengue,WHO Dengue Fact Sheet,https://www.who.int/news-room/fact-sheets/detail/dengue-and-severe-dengue,ok,2026-09-19T01:48:25.516833+00:00,Symptoms,Individuals who are infected for the second time are at greater risk of severe dengue. The symptoms of severe dengue often come after the fever has gone away and may include:
dengue,WHO Dengue Fact Sheet,https://www.who.int/news-room/fact-sheets/detail/dengue-and-severe-dengue,ok,2026-09-19T01:48:25.516833+00:00,Symptoms,severe abdominal pain
dengue,WHO Dengue Fact Sheet,https://www.who.int/news-room/fact-sheets/detail/dengue-and-severe-dengue,ok,2026-09-19T01:48:25.516833+00:00,Symptoms,persistent vomiting
dengue,WHO Dengue Fact Sheet,https://www.who.int/news-room/fact-sheets/detail/dengue-and-severe-dengue,ok,2026-09-19T01:48:25.516833+00:00,Symptoms,rapid breathing
dengue,WHO Dengue Fact Sheet,https://www.who.int/news-room/fact-sheets/detail/dengue-and-severe-dengue,ok,2026-09-19T01:48:25.516833+00:00,Symptoms,bleeding gums or nose
dengue,WHO Dengue Fact Sheet,https://www.who.int/news-room/fact-sheets/detail/dengue-and-severe-dengue,ok,2026-09-19T01:48:25.516833+00:00,Symptoms,fatigue
dengue,WHO Dengue Fact Sheet,https://www.who.int/news-room/fact-sheets/detail/dengue-and-severe-dengue,ok,2026-09-19T01:48:25.516833+00:00,Symptoms,restlessness
dengue,WHO Dengue Fact Sheet,https://www.who.int/news-room/fact-sheets/detail/dengue-and-severe-dengue,ok,2026-09-19T01:48:25.516833+00:00,Symptoms,blood in vomit or stool
dengue,WHO Dengue Fact Sheet,https://www.who.int/news-room/fact-sheets/detail/dengue-and-severe-dengue,ok,2026-09-19T01:48:25.516833+00:00,Symptoms,being very thirsty
dengue,WHO Dengue Fact Sheet,https://www.who.int/news-room/fact-sheets/detail/dengue-and-severe-dengue,ok,2026-09-19T01:48:25.516833+00:00,Symptoms,pale and cold skin
dengue,WHO Dengue Fact Sheet,https://www.who.int/news-room/fact-sheets/detail/dengue-and-severe-dengue,ok,2026-09-19T01:48:25.516833+00:00,Symptoms,feeling weak.
dengue,WHO Dengue Fact Sheet,https://www.who.int/news-room/fact-sheets/detail/dengue-and-severe-dengue,ok,2026-09-19T01:48:25.516833+00:00,Symptoms,People with these severe symptoms should seek care immediately.
dengue,WHO Dengue Fact Sheet,https://www.who.int/news-room/fact-sheets/detail/dengue-and-severe-dengue,ok,2026-09-19T01:48:25.516833+00:00,Symptoms,"After recovery, people who have had dengue may experience fatigue for several weeks."
dengue,WHO Dengue Fact Sheet,https://www.who.int/news-room/fact-sheets/detail/dengue-and-severe-dengue,ok,2026-09-19T01:48:25.516833+00:00,Diagnostics and treatment,"Laboratory-based and point of care diagnostics are critical to control and manage dengue, yet global disparities in laboratory capabilities present significant challenges. The diagnostic algorithms, testing strategies and test methodologies employed vary, depending on the capabilities of national laboratory systems. The wide range of available tests – including nucleic acid amplification tests (NAATs), enzyme-linked immunosorbent assays (ELISAs) and rapid diagnostic tests (RDTs) – vary significantly in quality and performance."
dengue,WHO Dengue Fact Sheet,https://www.who.int/news-room/fact-sheets/detail/dengue-and-severe-dengue,ok,2026-09-19T01:48:25.516833+00:00,Diagnostics and treatment,"Laboratory testing for arboviruses can be accomplished through either direct detection methods such as virus isolation, molecular detection of nucleic acid or antigen testing, including rapid diagnostic tests (RDTs) within the first week of illness."
dengue,WHO Dengue Fact Sheet,https://www.who.int/news-room/fact-sheets/detail/dengue-and-severe-dengue,ok,2026-09-19T01:48:25.516833+00:00,Diagnostics and treatment,"There is no specific treatment for dengue, although pain can be managed with medication such as paracetamol (acetaminophen). Non-steroidal anti-inflammatory medicines such as ibuprofen and aspirin should be avoided as they can increase the risk of bleeding."
dengue,WHO Dengue Fact Sheet,https://www.who.int/news-room/fact-sheets/detail/dengue-and-severe-dengue,ok,2026-09-19T01:48:25.516833+00:00,Diagnostics and treatment,"Dengue is spreading to new areas, including the European and Eastern Mediterranean regions. In 2024, 308 cases were reported to WHO from three European countries (France, Italy and Spain) and an additional 1291 cases and four deaths were recorded in the French overseas territories of Mayotte and Réunion."
dengue,WHO Dengue Fact Sheet,https://www.who.int/news-room/fact-sheets/detail/dengue-and-severe-dengue,ok,2026-09-19T01:48:25.516833+00:00,Prevention and control,use acetaminophen (paracetamol) for pain;
dengue,WHO Dengue Fact Sheet,https://www.who.int/news-room/fact-sheets/detail/dengue-and-severe-dengue,ok,2026-09-19T01:48:25.516833+00:00,Prevention and control,"Currently, one vaccine (QDenga) is available and licensed in some countries. However, it is recommended only for those aged 6–16 years in high transmission settings. Several additional vaccines are under evaluation."
dengue,WHO Dengue Fact Sheet,https://www.who.int/news-room/fact-sheets/detail/dengue-and-severe-dengue,ok,2026-09-19T01:48:25.516833+00:00,Prevention and control,"providing training on clinical management, diagnosis and vector control at the country and regional levels in collaboration with its collaborating centres;"
dengue,WHO Dengue Fact Sheet,https://www.who.int/news-room/fact-sheets/detail/dengue-and-severe-dengue,ok,2026-09-19T01:48:25.516833+00:00,Prevention and control,"publishing guidance and handbooks for surveillance, case management, diagnosis, dengue prevention and control for Member States."
dengue,WHO Dengue Fact Sheet,https://www.who.int/news-room/fact-sheets/detail/dengue-and-severe-dengue,ok,2026-09-19T01:48:25.516833+00:00,Prevention and control,"Lim A, Shearer FM, Sewalk K, Pigott DM, Clarke J, Ghouse A, et al. The overlapping global distribution of dengue, chikungunya, Zika and yellow fever. Nat Commun. 2025;16(1):3418. doi: 10.1038/s41467-025-58609-5."
flu,CDC Flu Signs and Symptoms,https://www.cdc.gov/flu/signs-symptoms/index.html,ok,2026-09-19T01:48:25.893866+00:00,Symptoms,"Flu can cause mild to severe illness, and at times can lead to death. Flu symptoms usually come on suddenly. People who have flu often feel some or all of these signs and symptoms:"
flu,CDC Flu Signs and Symptoms,https://www.cdc.gov/flu/signs-symptoms/index.html,ok,2026-09-19T01:48:25.893866+00:00,Symptoms,fever* or feeling feverish/chills
flu,CDC Flu Signs and Symptoms,https://www.cdc.gov/flu/signs-symptoms/index.html,ok,2026-09-19T01:48:25.893866+00:00,Symptoms,cough
flu,CDC Flu Signs and Symptoms,https://www.cdc.gov/flu/signs-symptoms/index.html,ok,2026-09-19T01:48:25.893866+00:00,Symptoms,sore throat
flu,CDC Flu Signs and Symptoms,https://www.cdc.gov/flu/signs-symptoms/index.html,ok,2026-09-19T01:48:25.893866+00:00,Symptoms,runny or stuffy nose
flu,CDC Flu Signs and Symptoms,https://www.cdc.gov/flu/signs-symptoms/index.html,ok,2026-09-19T01:48:25.893866+00:00,Symptoms,muscle or body aches
flu,CDC Flu Signs and Symptoms,https://www.cdc.gov/flu/signs-symptoms/index.html,ok,2026-09-19T01:48:25.893866+00:00,Symptoms,headaches
flu,CDC Flu Signs and Symptoms,https://www.cdc.gov/flu/signs-symptoms/index.html,ok,2026-09-19T01:48:25.893866+00:00,Symptoms,fatigue (tiredness)
flu,CDC Flu Signs and Symptoms,https://www.cdc.gov/flu/signs-symptoms/index.html,ok,2026-09-19T01:48:25.893866+00:00,Symptoms,"some people may have vomiting and diarrhea, though this is more common in children than adults."
flu,CDC Flu Signs and Symptoms,https://www.cdc.gov/flu/signs-symptoms/index.html,ok,2026-09-19T01:48:25.893866+00:00,Symptoms,*It's important to note that not everyone with flu will have a fever.
flu,WHO Influenza (Seasonal) Fact Sheet,https://www.who.int/news-room/fact-sheets/detail/influenza-(seasonal),ok,2026-09-19T01:48:26.240745+00:00,Overview,Seasonal influenza (the flu) is an acute respiratory infection caused by influenza viruses. It is common in all parts of the world. Most people recover without treatment.
flu,WHO Influenza (Seasonal) Fact Sheet,https://www.who.int/news-room/fact-sheets/detail/influenza-(seasonal),ok,2026-09-19T01:48:26.240745+00:00,Overview,Influenza spreads easily between people when they cough or sneeze. Vaccination is the best way to prevent the disease.
flu,WHO Influenza (Seasonal) Fact Sheet,https://www.who.int/news-room/fact-sheets/detail/influenza-(seasonal),ok,2026-09-19T01:48:26.240745+00:00,Overview,"Symptoms of influenza include acute onset of fever, cough, sore throat, body aches and fatigue."
flu,WHO Influenza (Seasonal) Fact Sheet,https://www.who.int/news-room/fact-sheets/detail/influenza-(seasonal),ok,2026-09-19T01:48:26.240745+00:00,Overview,Treatment should aim to relieve symptoms. People with the flu should rest and drink plenty of liquids. Most people will recover on their own within a week. Medical care may be needed in severe cases and for people with risk factors.
flu,WHO Influenza (Seasonal) Fact Sheet,https://www.who.int/news-room/fact-sheets/detail/influenza-(seasonal),ok,2026-09-19T01:48:26.240745+00:00,Signs and symptoms,Symptoms of influenza usually begin around 2 days after being infected by someone who has the virus.
flu,WHO Influenza (Seasonal) Fact Sheet,https://www.who.int/news-room/fact-sheets/detail/influenza-(seasonal),ok,2026-09-19T01:48:26.240745+00:00,Signs and symptoms,Symptoms include:
flu,WHO Influenza (Seasonal) Fact Sheet,https://www.who.int/news-room/fact-sheets/detail/influenza-(seasonal),ok,2026-09-19T01:48:26.240745+00:00,Signs and symptoms,sudden onset of fever
flu,WHO Influenza (Seasonal) Fact Sheet,https://www.who.int/news-room/fact-sheets/detail/influenza-(seasonal),ok,2026-09-19T01:48:26.240745+00:00,Signs and symptoms,cough (usually dry)
flu,WHO Influenza (Seasonal) Fact Sheet,https://www.who.int/news-room/fact-sheets/detail/influenza-(seasonal),ok,2026-09-19T01:48:26.240745+00:00,Signs and symptoms,headache
flu,WHO Influenza (Seasonal) Fact Sheet,https://www.who.int/news-room/fact-sheets/detail/influenza-(seasonal),ok,2026-09-19T01:48:26.240745+00:00,Signs and symptoms,muscle and joint pain
flu,WHO Influenza (Seasonal) Fact Sheet,https://www.who.int/news-room/fact-sheets/detail/influenza-(seasonal),ok,2026-09-19T01:48:26.240745+00:00,Signs and symptoms,severe malaise (feeling unwell)
flu,WHO Influenza (Seasonal) Fact Sheet,https://www.who.int/news-room/fact-sheets/detail/influenza-(seasonal),ok,2026-09-19T01:48:26.240745+00:00,Signs and symptoms,sore throat
flu,WHO Influenza (Seasonal) Fact Sheet,https://www.who.int/news-room/fact-sheets/detail/influenza-(seasonal),ok,2026-09-19T01:48:26.240745+00:00,Signs and symptoms,runny nose.
flu,WHO Influenza (Seasonal) Fact Sheet,https://www.who.int/news-room/fact-sheets/detail/influenza-(seasonal),ok,2026-09-19T01:48:26.240745+00:00,Signs and symptoms,The cough can be severe and can last 2 weeks or more.
flu,WHO Influenza (Seasonal) Fact Sheet,https://www.who.int/news-room/fact-sheets/detail/influenza-(seasonal),ok,2026-09-19T01:48:26.240745+00:00,Signs and symptoms,"Most people recover from fever and other symptoms within a week without requiring medical attention. However, influenza can cause severe illness or death, especially in people at high risk."
flu,WHO Influenza (Seasonal) Fact Sheet,https://www.who.int/news-room/fact-sheets/detail/influenza-(seasonal),ok,2026-09-19T01:48:26.240745+00:00,Signs and symptoms,Influenza can worsen symptoms of other chronic diseases. In severe cases influenza can lead to pneumonia and sepsis. People with other medical issues or who have severe symptoms should seek medical care.
flu,WHO Influenza (Seasonal) Fact Sheet,https://www.who.int/news-room/fact-sheets/detail/influenza-(seasonal),ok,2026-09-19T01:48:26.240745+00:00,Signs and symptoms,Hospitalization and death due to influenza occur mainly among high-risk groups.
flu,WHO Influenza (Seasonal) Fact Sheet,https://www.who.int/news-room/fact-sheets/detail/influenza-(seasonal),ok,2026-09-19T01:48:26.240745+00:00,Signs and symptoms,In industrialized countries most deaths associated with influenza occur among people aged 65 years or older (1) .
flu,WHO Influenza (Seasonal) Fact Sheet,https://www.who.int/news-room/fact-sheets/detail/influenza-(seasonal),ok,2026-09-19T01:48:26.240745+00:00,Signs and symptoms,"The effects of seasonal influenza epidemics in developing countries are not fully known, but research estimates that 99% of deaths in children under 5 years of age with influenza related lower respiratory tract infections are in developing countries (2) ."
flu,WHO Influenza (Seasonal) Fact Sheet,https://www.who.int/news-room/fact-sheets/detail/influenza-(seasonal),ok,2026-09-19T01:48:26.240745+00:00,Diagnosis,"Collection of appropriate respiratory samples and the application of a laboratory diagnostic test is required to establish a definitive diagnosis. Proper collection, storage and transport of respiratory specimens is the essential first step for laboratory detection of influenza virus infections. Laboratory confirmation is commonly performed using direct antigen detection, virus isolation, or detection of influenza-specific RNA by reverse transcriptase-polymerase chain reaction (RT-PCR). Various guidance on the laboratory techniques is published and updated by WHO ."
flu,WHO Influenza (Seasonal) Fact Sheet,https://www.who.int/news-room/fact-sheets/detail/influenza-(seasonal),ok,2026-09-19T01:48:26.240745+00:00,Treatment,treat other symptoms such as fever
flu,WHO Influenza (Seasonal) Fact Sheet,https://www.who.int/news-room/fact-sheets/detail/influenza-(seasonal),ok,2026-09-19T01:48:26.240745+00:00,Prevention,Safe and effective vaccines have been used for more than 60 years. Immunity from vaccination goes away over time so annual vaccination is recommended to protect against influenza.
flu,WHO Influenza (Seasonal) Fact Sheet,https://www.who.int/news-room/fact-sheets/detail/influenza-(seasonal),ok,2026-09-19T01:48:26.240745+00:00,Prevention,"The vaccine may be less effective in older people, but it will make the illness less severe and reduces the chance of complications and death."
flu,WHO Influenza (Seasonal) Fact Sheet,https://www.who.int/news-room/fact-sheets/detail/influenza-(seasonal),ok,2026-09-19T01:48:26.240745+00:00,Prevention,cover your mouth and nose when coughing or sneezing
gastroenteritis,CDC Norovirus About,https://www.cdc.gov/norovirus/about/index.html,ok,2026-09-19T01:48:26.616973+00:00,Signs and symptoms,A person usually develops symptoms 12 to 48 hours after being exposed to norovirus.
gastroenteritis,CDC Norovirus About,https://www.cdc.gov/norovirus/about/index.html,ok,2026-09-19T01:48:26.616973+00:00,Signs and symptoms,"Most common symptoms: Diarrhea, vomiting, nausea, stomach pain"
gastroenteritis,CDC Norovirus About,https://www.cdc.gov/norovirus/about/index.html,ok,2026-09-19T01:48:26.616973+00:00,Signs and symptoms,"Other symptoms: Fever, headache, and body aches"
gastroenteritis,CDC Norovirus About,https://www.cdc.gov/norovirus/about/index.html,ok,2026-09-19T01:48:26.616973+00:00,Treatment and recovery,"Most people with norovirus illness get better within 1 to 3 days. There is no specific medicine to treat people with norovirus illness. Antibiotic drugs will not help treat norovirus infections because they fight bacteria, not viruses."
gastroenteritis,WHO Diarrhoeal Disease Fact Sheet,https://www.who.int/news-room/fact-sheets/detail/diarrhoeal-disease,ok,2026-09-19T01:48:26.994836+00:00,Key facts,Diarrhoeal disease is the third leading cause of death in children 1–59 months of age. It is both preventable and treatable.
gastroenteritis,WHO Diarrhoeal Disease Fact Sheet,https://www.who.int/news-room/fact-sheets/detail/diarrhoeal-disease,ok,2026-09-19T01:48:26.994836+00:00,Key facts,Each year diarrhoea kills around 443 832 children under 5 and an additional 50 851 children aged 5 to 9 years.
gastroenteritis,WHO Diarrhoeal Disease Fact Sheet,https://www.who.int/news-room/fact-sheets/detail/diarrhoeal-disease,ok,2026-09-19T01:48:26.994836+00:00,Key facts,A significant proportion of diarrhoeal disease can be prevented through safe drinking-water and adequate sanitation and hygiene.
gastroenteritis,WHO Diarrhoeal Disease Fact Sheet,https://www.who.int/news-room/fact-sheets/detail/diarrhoeal-disease,ok,2026-09-19T01:48:26.994836+00:00,Key facts,"Globally, there are nearly 1.7 billion cases of childhood diarrhoeal disease every year."
gastroenteritis,WHO Diarrhoeal Disease Fact Sheet,https://www.who.int/news-room/fact-sheets/detail/diarrhoeal-disease,ok,2026-09-19T01:48:26.994836+00:00,Key facts,Diarrhoea is a leading cause of malnutrition in children under 5 years old.
gastroenteritis,WHO Diarrhoeal Disease Fact Sheet,https://www.who.int/news-room/fact-sheets/detail/diarrhoeal-disease,ok,2026-09-19T01:48:26.994836+00:00,Overview,"Diarrhoeal disease is the third leading cause of death in children under 5 years old and is responsible for killing around 443 832 children every year. Diarrhoea can last several days and can leave the body without the water and salts that are necessary for survival. In the past, for most people, severe dehydration and fluid loss were the main causes of diarrhoea-associated deaths. Now, other causes such as septic bacterial infections are likely to account for an increasing proportion of all diarrhoea-associated deaths. Children who are malnourished or have impaired immunity, as well as people living with HIV, are most at risk of life-threatening diarrhoea."
gastroenteritis,WHO Diarrhoeal Disease Fact Sheet,https://www.who.int/news-room/fact-sheets/detail/diarrhoeal-disease,ok,2026-09-19T01:48:26.994836+00:00,Overview,"Diarrhoea is defined as the passage of 3 or more loose or liquid stools per day (or more frequent passage than is normal for the individual). Frequent passing of formed stools is not diarrhoea, nor is the passing of loose, pasty stools by breastfed babies."
gastroenteritis,WHO Diarrhoeal Disease Fact Sheet,https://www.who.int/news-room/fact-sheets/detail/diarrhoeal-disease,ok,2026-09-19T01:48:26.994836+00:00,Overview,"Diarrhoea is usually a symptom of an infection in the intestinal tract, which can be caused by a variety of bacterial, viral and parasitic organisms. Infection is spread through contaminated food or drinking-water, or from person-to-person as a result of poor hygiene."
gastroenteritis,WHO Diarrhoeal Disease Fact Sheet,https://www.who.int/news-room/fact-sheets/detail/diarrhoeal-disease,ok,2026-09-19T01:48:26.994836+00:00,Overview,"Interventions to prevent diarrhoea, including safe drinking-water, use of improved sanitation and hand washing with soap, can reduce disease risk. Diarrhoea should be treated with oral rehydration solution (ORS), a solution of clean water, sugar and salt. In addition, a 10–14 day supplemental treatment course of dispersible zinc tablets shortens diarrhoea duration and improves outcomes."
gastroenteritis,WHO Diarrhoeal Disease Fact Sheet,https://www.who.int/news-room/fact-sheets/detail/diarrhoeal-disease,ok,2026-09-19T01:48:26.994836+00:00,Overview,There are 3 clinical types of diarrhoea:
gastroenteritis,WHO Diarrhoeal Disease Fact Sheet,https://www.who.int/news-room/fact-sheets/detail/diarrhoeal-disease,ok,2026-09-19T01:48:26.994836+00:00,Overview,acute watery diarrhoea – lasts several hours or days and includes cholera
gastroenteritis,WHO Diarrhoeal Disease Fact Sheet,https://www.who.int/news-room/fact-sheets/detail/diarrhoeal-disease,ok,2026-09-19T01:48:26.994836+00:00,Overview,acute bloody diarrhoea – also called dysentery
gastroenteritis,WHO Diarrhoeal Disease Fact Sheet,https://www.who.int/news-room/fact-sheets/detail/diarrhoeal-disease,ok,2026-09-19T01:48:26.994836+00:00,Overview,persistent diarrhoea – lasts 14 days or longer.
gastroenteritis,WHO Diarrhoeal Disease Fact Sheet,https://www.who.int/news-room/fact-sheets/detail/diarrhoeal-disease,ok,2026-09-19T01:48:26.994836+00:00,Prevention and treatment,Key measures to prevent diarrhoea include:
gastroenteritis,WHO Diarrhoeal Disease Fact Sheet,https://www.who.int/news-room/fact-sheets/detail/diarrhoeal-disease,ok,2026-09-19T01:48:26.994836+00:00,Prevention and treatment,Key measures to treat diarrhoea include the following.
gastroenteritis,WHO Diarrhoeal Disease Fact Sheet,https://www.who.int/news-room/fact-sheets/detail/diarrhoeal-disease,ok,2026-09-19T01:48:26.994836+00:00,Prevention and treatment,"Rehydration with oral rehydration salts (ORS) solution. ORS is a mixture of clean water, salt and sugar. It costs a few cents per treatment. ORS is absorbed in the small intestine and replaces the water and electrolytes lost in the faeces."
gastroenteritis,WHO Diarrhoeal Disease Fact Sheet,https://www.who.int/news-room/fact-sheets/detail/diarrhoeal-disease,ok,2026-09-19T01:48:26.994836+00:00,Prevention and treatment,Zinc supplements reduce the duration of a diarrhoea episode by 25% and are associated with a 30% reduction in stool volume.
gastroenteritis,WHO Diarrhoeal Disease Fact Sheet,https://www.who.int/news-room/fact-sheets/detail/diarrhoeal-disease,ok,2026-09-19T01:48:26.994836+00:00,Prevention and treatment,Rehydration with intravenous fluids in case of severe dehydration or shock.
gastroenteritis,WHO Diarrhoeal Disease Fact Sheet,https://www.who.int/news-room/fact-sheets/detail/diarrhoeal-disease,ok,2026-09-19T01:48:26.994836+00:00,Prevention and treatment,"Nutrient-rich foods. The vicious circle of malnutrition and diarrhoea can be broken by continuing to give nutrient-rich foods – including breast milk – during an episode, and by giving a nutritious diet – including exclusive breastfeeding for the first 6 months of life – to children when they are well."
gastroenteritis,WHO Diarrhoeal Disease Fact Sheet,https://www.who.int/news-room/fact-sheets/detail/diarrhoeal-disease,ok,2026-09-19T01:48:26.994836+00:00,Prevention and treatment,"Consulting a health professional, in particular for management of persistent diarrhoea or when there is blood in stool or if there are signs of dehydration."
hepatitis b,CDC Hepatitis B Basics,https://www.cdc.gov/hepatitis-b/about/index.html,ok,2026-09-19T01:48:27.388469+00:00,About Hepatitis B,"Hepatitis B is a vaccine-preventable liver infection caused by HBV. HBV is transmitted when blood, semen, or another body fluid from a person infected with the virus enters the body of someone who is uninfected."
hepatitis b,CDC Hepatitis B Basics,https://www.cdc.gov/hepatitis-b/about/index.html,ok,2026-09-19T01:48:27.388469+00:00,Signs and symptoms,"Many people infected with hepatitis B virus won’t experience symptoms. If symptoms occur during acute infection, they often begin 90 days after exposure. Although the symptoms of acute HBV infection and chronic HBV infection may be similar, most people with chronic infection do not have symptoms until much later in life, often decades after exposure."
hepatitis b,CDC Hepatitis B Basics,https://www.cdc.gov/hepatitis-b/about/index.html,ok,2026-09-19T01:48:27.388469+00:00,Signs and symptoms,Symptoms of hepatitis B include:
hepatitis b,CDC Hepatitis B Basics,https://www.cdc.gov/hepatitis-b/about/index.html,ok,2026-09-19T01:48:27.388469+00:00,Signs and symptoms,Dark urine or clay-colored stools
hepatitis b,CDC Hepatitis B Basics,https://www.cdc.gov/hepatitis-b/about/index.html,ok,2026-09-19T01:48:27.388469+00:00,Signs and symptoms,Feeling tired
hepatitis b,CDC Hepatitis B Basics,https://www.cdc.gov/hepatitis-b/about/index.html,ok,2026-09-19T01:48:27.388469+00:00,Signs and symptoms,Fever
hepatitis b,CDC Hepatitis B Basics,https://www.cdc.gov/hepatitis-b/about/index.html,ok,2026-09-19T01:48:27.388469+00:00,Signs and symptoms,Joint pain
hepatitis b,CDC Hepatitis B Basics,https://www.cdc.gov/hepatitis-b/about/index.html,ok,2026-09-19T01:48:27.388469+00:00,Signs and symptoms,Loss of appetite
hepatitis b,CDC Hepatitis B Basics,https://www.cdc.gov/hepatitis-b/about/index.html,ok,2026-09-19T01:48:27.388469+00:00,Signs and symptoms,"Nausea, stomach pain, throwing up"
hepatitis b,CDC Hepatitis B Basics,https://www.cdc.gov/hepatitis-b/about/index.html,ok,2026-09-19T01:48:27.388469+00:00,Signs and symptoms,Yellow skin or eyes (jaundice)
hepatitis b,CDC Hepatitis B Basics,https://www.cdc.gov/hepatitis-b/about/index.html,ok,2026-09-19T01:48:27.388469+00:00,Signs and symptoms,Learn more about hepatitis B symptoms .
hepatitis b,CDC Hepatitis B Basics,https://www.cdc.gov/hepatitis-b/about/index.html,ok,2026-09-19T01:48:27.388469+00:00,"Screening, testing, and diagnosis","CDC recommends all adults get screened for hepatitis B at least once in their lifetime through a blood test. There are also some people who should be tested more often, including:"
hepatitis b,CDC Hepatitis B Basics,https://www.cdc.gov/hepatitis-b/about/index.html,ok,2026-09-19T01:48:27.388469+00:00,"Screening, testing, and diagnosis",Learn more about the types of tests used to diagnosis hepatitis B .
hepatitis b,CDC Hepatitis B Basics,https://www.cdc.gov/hepatitis-b/about/index.html,ok,2026-09-19T01:48:27.388469+00:00,Treatment and recovery,Learn more about treatment options for hepatitis B .
hepatitis b,CDC Hepatitis B Basics,https://www.cdc.gov/hepatitis-b/about/index.html,ok,2026-09-19T01:48:27.388469+00:00,"""If I don’t have symptoms, I’m not infected.""",Many people with hepatitis B do not have any symptoms.
hepatitis b,CDC Hepatitis B Basics,https://www.cdc.gov/hepatitis-b/about/index.html,ok,2026-09-19T01:48:27.388469+00:00,"""If I don’t have symptoms, I can’t spread the virus to others.""",You can still spread HBV to others even if you don’t have any symptoms.
hepatitis b,WHO Hepatitis B Fact Sheet,https://www.who.int/news-room/fact-sheets/detail/hepatitis-b,ok,2026-09-19T01:48:27.782588+00:00,Key facts,"The virus is most commonly transmitted from mother to child during birth and delivery, in early childhood, as well as through contact with blood or other body fluids during sex with an infected partner, unsafe injections or exposures to sharp instruments."
hepatitis b,WHO Hepatitis B Fact Sheet,https://www.who.int/news-room/fact-sheets/detail/hepatitis-b,ok,2026-09-19T01:48:27.782588+00:00,Key facts,"Hepatitis B can be prevented by vaccines that are safe, available and effective."
hepatitis b,WHO Hepatitis B Fact Sheet,https://www.who.int/news-room/fact-sheets/detail/hepatitis-b,ok,2026-09-19T01:48:27.782588+00:00,Overview,"It can spread through contact with infected body fluids like blood, vaginal fluids, semen and saliva in the presence of open cuts and sores. It can also be passed from a mother to her baby."
hepatitis b,WHO Hepatitis B Fact Sheet,https://www.who.int/news-room/fact-sheets/detail/hepatitis-b,ok,2026-09-19T01:48:27.782588+00:00,Overview,Hepatitis B can be prevented with a safe and effective vaccine. The vaccine is usually given soon after birth with boosters a few weeks later. It offers nearly 100% protection against the virus.
hepatitis b,WHO Hepatitis B Fact Sheet,https://www.who.int/news-room/fact-sheets/detail/hepatitis-b,ok,2026-09-19T01:48:27.782588+00:00,Overview,"According to latest WHO estimates, the proportion of children under 5 years of age chronically infected with hepatitis B dropped to just under 1% in 2019 down from around 5% in the pre-vaccine era ranging from the 1980s to the early 2000s."
hepatitis b,WHO Hepatitis B Fact Sheet,https://www.who.int/news-room/fact-sheets/detail/hepatitis-b,ok,2026-09-19T01:48:27.782588+00:00,Symptoms,Most people do not experience any symptoms when newly infected.
hepatitis b,WHO Hepatitis B Fact Sheet,https://www.who.int/news-room/fact-sheets/detail/hepatitis-b,ok,2026-09-19T01:48:27.782588+00:00,Symptoms,Some people have acute illness with symptoms that last several weeks:
hepatitis b,WHO Hepatitis B Fact Sheet,https://www.who.int/news-room/fact-sheets/detail/hepatitis-b,ok,2026-09-19T01:48:27.782588+00:00,Symptoms,yellowing of the skin and eyes (jaundice)
hepatitis b,WHO Hepatitis B Fact Sheet,https://www.who.int/news-room/fact-sheets/detail/hepatitis-b,ok,2026-09-19T01:48:27.782588+00:00,Symptoms,dark urine
hepatitis b,WHO Hepatitis B Fact Sheet,https://www.who.int/news-room/fact-sheets/detail/hepatitis-b,ok,2026-09-19T01:48:27.782588+00:00,Symptoms,feeling very tired
hepatitis b,WHO Hepatitis B Fact Sheet,https://www.who.int/news-room/fact-sheets/detail/hepatitis-b,ok,2026-09-19T01:48:27.782588+00:00,Symptoms,nausea
hepatitis b,WHO Hepatitis B Fact Sheet,https://www.who.int/news-room/fact-sheets/detail/hepatitis-b,ok,2026-09-19T01:48:27.782588+00:00,Symptoms,vomiting
hepatitis b,WHO Hepatitis B Fact Sheet,https://www.who.int/news-room/fact-sheets/detail/hepatitis-b,ok,2026-09-19T01:48:27.782588+00:00,Symptoms,pain in the abdomen.
hepatitis b,WHO Hepatitis B Fact Sheet,https://www.who.int/news-room/fact-sheets/detail/hepatitis-b,ok,2026-09-19T01:48:27.782588+00:00,Symptoms,"When severe, acute hepatitis can lead to liver failure, which can lead to death."
hepatitis b,WHO Hepatitis B Fact Sheet,https://www.who.int/news-room/fact-sheets/detail/hepatitis-b,ok,2026-09-19T01:48:27.782588+00:00,Symptoms,"Although most people will recover from acute illness, some people with chronic hepatitis B will develop progressive liver disease and complications like cirrhosis and hepatocellular carcinoma (liver cancer). These diseases can be fatal."
hepatitis b,WHO Hepatitis B Fact Sheet,https://www.who.int/news-room/fact-sheets/detail/hepatitis-b,ok,2026-09-19T01:48:27.782588+00:00,Diagnosis,"It is not possible on clinical grounds to differentiate hepatitis B from hepatitis caused by other viral agents; hence laboratory confirmation of the diagnosis is essential. Several blood tests are available to diagnose and monitor people with hepatitis B. Some laboratory tests can be used to distinguish acute and chronic infections, whilst other can assess and monitor the severity of liver disease. Physical examination, ultrasound and elastography can also be performed to assess degree of liver fibrosis and scarring and monitor progression of liver disease. WHO recommends that all blood donations be tested for hepatitis B to ensure blood safety and avoid accidental transmission."
hepatitis b,WHO Hepatitis B Fact Sheet,https://www.who.int/news-room/fact-sheets/detail/hepatitis-b,ok,2026-09-19T01:48:27.782588+00:00,Diagnosis,"In settings with intermediate and high Hepatitis B surface antigen (HBsAg) seroprevalence in the general population (defined as >2% HBsAg seroprevalence), WHO recommends that all adults have access to and be offered HBsAg testing with linkage to prevention and care and treatment services as needed. WHO also recommends targeted testing, in all settings, of people with suspicions of liver disease, blood donors, and all pregnant women, the latter in order to provide the opportunity to institute measures for prevention of mother-to-child transmission (MTCT). In addition, WHO recommends testing among specific high-risk groups, including migrants from endemic regions, partners or family members of infected persons, health-care workers, people who inject drugs (PWID), people in prisons and other closed settings, men who have sex with men (MSM) sex workers, transgender people and people living with HIV."
hepatitis b,WHO Hepatitis B Fact Sheet,https://www.who.int/news-room/fact-sheets/detail/hepatitis-b,ok,2026-09-19T01:48:27.782588+00:00,Treatment,There is no specific treatment for acute hepatitis B. Chronic hepatitis B can be treated with antiviral medications.
hepatitis b,WHO Hepatitis B Fact Sheet,https://www.who.int/news-room/fact-sheets/detail/hepatitis-b,ok,2026-09-19T01:48:27.782588+00:00,Treatment,Care for people with acute hepatitis B should focus on managing symptoms. They should eat a healthy diet and drink plenty of liquids to prevent dehydration from vomiting and diarrhoea.
hepatitis b,WHO Hepatitis B Fact Sheet,https://www.who.int/news-room/fact-sheets/detail/hepatitis-b,ok,2026-09-19T01:48:27.782588+00:00,Treatment,"Chronic hepatitis B infection can be treated with oral medicines, including tenofovir or entecavir."
hepatitis b,WHO Hepatitis B Fact Sheet,https://www.who.int/news-room/fact-sheets/detail/hepatitis-b,ok,2026-09-19T01:48:27.782588+00:00,Treatment,Treatment can
hepatitis b,WHO Hepatitis B Fact Sheet,https://www.who.int/news-room/fact-sheets/detail/hepatitis-b,ok,2026-09-19T01:48:27.782588+00:00,Treatment,Most people who start hepatitis B treatment must continue it for life.
hepatitis b,WHO Hepatitis B Fact Sheet,https://www.who.int/news-room/fact-sheets/detail/hepatitis-b,ok,2026-09-19T01:48:27.782588+00:00,Treatment,"In 2024 only 10 million people were on antiviral treatment, this being equivalent to 4.3% of all people living with chronic hepatitis B."
hepatitis b,WHO Hepatitis B Fact Sheet,https://www.who.int/news-room/fact-sheets/detail/hepatitis-b,ok,2026-09-19T01:48:27.782588+00:00,Treatment,"With the updated Guidelines for the prevention, diagnosis, care and treatment for people with chronic hepatitis B infection , released in 2024, it is estimated that more than 50% of people with chronic hepatitis B infection will require treatment, depending on setting and eligibility criteria."
hepatitis b,WHO Hepatitis B Fact Sheet,https://www.who.int/news-room/fact-sheets/detail/hepatitis-b,ok,2026-09-19T01:48:27.782588+00:00,Treatment,"In low-income settings, most people with liver cancer present late in the course of the disease and die within months of diagnosis. In high-income countries, patients present to hospital earlier in the course of the disease and have access to surgery and chemotherapy, which can prolong life for several months to a few years. Liver transplantation is sometimes used in people with cirrhosis or liver cancer in technologically advanced countries, with varying success."
hepatitis b,WHO Hepatitis B Fact Sheet,https://www.who.int/news-room/fact-sheets/detail/hepatitis-b,ok,2026-09-19T01:48:27.782588+00:00,Prevention,Hepatitis B is preventable with a vaccine.
hepatitis b,WHO Hepatitis B Fact Sheet,https://www.who.int/news-room/fact-sheets/detail/hepatitis-b,ok,2026-09-19T01:48:27.782588+00:00,Prevention,All babies should receive the hepatitis B vaccine as soon as possible after birth (within 24 hours). This is followed by two or three doses of hepatitis B vaccine at least four weeks apart.
hepatitis b,WHO Hepatitis B Fact Sheet,https://www.who.int/news-room/fact-sheets/detail/hepatitis-b,ok,2026-09-19T01:48:27.782588+00:00,Prevention,Booster vaccines are not usually required for people who have completed the three-dose vaccination series.
hepatitis b,WHO Hepatitis B Fact Sheet,https://www.who.int/news-room/fact-sheets/detail/hepatitis-b,ok,2026-09-19T01:48:27.782588+00:00,Prevention,The vaccine protects against hepatitis B for at least 20 years and probably for life.
hepatitis b,WHO Hepatitis B Fact Sheet,https://www.who.int/news-room/fact-sheets/detail/hepatitis-b,ok,2026-09-19T01:48:27.782588+00:00,Prevention,"Hepatitis B can be passed from mother to child. This can be prevented by taking antiviral medicines to prevent transmission, in addition to the vaccine shortly after birth."
hepatitis b,WHO Hepatitis B Fact Sheet,https://www.who.int/news-room/fact-sheets/detail/hepatitis-b,ok,2026-09-19T01:48:27.782588+00:00,Prevention,"wash your hands thoroughly with soap and water after coming into contact with blood, body fluids, or contaminated surfaces; and"
hepatitis b,WHO Hepatitis B Fact Sheet,https://www.who.int/news-room/fact-sheets/detail/hepatitis-b,ok,2026-09-19T01:48:27.782588+00:00,Prevention,get a hepatitis B vaccine if working in a health-care setting.
hiv,CDC HIV About,https://www.cdc.gov/hiv/about/index.html,ok,2026-09-19T01:48:28.191209+00:00,Overview,"HIV (human immunodeficiency virus) is a virus that attacks the body's immune system. Without treatment, it can lead to AIDS (acquired immunodeficiency syndrome)."
hiv,CDC HIV About,https://www.cdc.gov/hiv/about/index.html,ok,2026-09-19T01:48:28.191209+00:00,Overview,"People with HIV who get on and stay on effective HIV treatment can live long, healthy lives and protect their partners."
hiv,CDC HIV About,https://www.cdc.gov/hiv/about/index.html,ok,2026-09-19T01:48:28.191209+00:00,Symptoms,Most people have flu-like symptoms within 2 to 4 weeks after infection. Symptoms may last for a few days or several weeks.
hiv,CDC HIV About,https://www.cdc.gov/hiv/about/index.html,ok,2026-09-19T01:48:28.191209+00:00,Symptoms,Having these symptoms alone doesn't mean you have HIV. Other illnesses can cause similar symptoms.
hiv,CDC HIV About,https://www.cdc.gov/hiv/about/index.html,ok,2026-09-19T01:48:28.191209+00:00,Symptoms,Some people have no symptoms at all. The only way to know if you have HIV is to get tested .
hiv,CDC HIV About,https://www.cdc.gov/hiv/about/index.html,ok,2026-09-19T01:48:28.191209+00:00,Prevention,"If you have HIV, there are many ways to prevent transmitting HIV to others, including taking HIV treatment to get and keep an undetectable viral load."
hiv,CDC HIV About,https://www.cdc.gov/hiv/about/index.html,ok,2026-09-19T01:48:28.191209+00:00,Testing,"There are many options for quick, free, and painless HIV testing. If your test result is positive , you can take medicine to treat HIV to help you live a long, healthy life and protect others. If your test result is negative , you can take actions to prevent HIV."
hiv,CDC HIV About,https://www.cdc.gov/hiv/about/index.html,ok,2026-09-19T01:48:28.191209+00:00,Treatment,HIV treatment (antiretroviral therapy or ART) involves taking medicine as prescribed by a health care provider. You should start HIV treatment as soon as possible after diagnosis.
hiv,CDC HIV About,https://www.cdc.gov/hiv/about/index.html,ok,2026-09-19T01:48:28.191209+00:00,Treatment,"HIV treatment reduces the amount of HIV in the blood ( viral load ). HIV treatment can make the viral load so low that a test can't detect it ( undetectable viral load ). If you have an undetectable viral load, you will not transmit HIV to others through sex. Having an undetectable viral load also reduces the risk of HIV transmission through sharing drug injection equipment, and during pregnancy, labor, and delivery."
hiv,WHO HIV and AIDS Fact Sheet,https://www.who.int/news-room/fact-sheets/detail/hiv-aids,ok,2026-09-19T01:48:28.584789+00:00,Key facts,"There is no cure for HIV infection. However, with access to effective HIV prevention, diagnosis, treatment and care, including for opportunistic infections, HIV infection has become a manageable chronic health condition, enabling people living with HIV to lead long and healthy lives."
hiv,WHO HIV and AIDS Fact Sheet,https://www.who.int/news-room/fact-sheets/detail/hiv-aids,ok,2026-09-19T01:48:28.584789+00:00,Overview,"HIV targets the body’s white blood cells, weakening the immune system. This makes it easier to get sick with diseases like tuberculosis, infections and some cancers."
hiv,WHO HIV and AIDS Fact Sheet,https://www.who.int/news-room/fact-sheets/detail/hiv-aids,ok,2026-09-19T01:48:28.584789+00:00,Overview,"HIV is spread from the body fluids of an infected person, including blood, breast milk, semen and vaginal fluids. It is not spread by kisses, hugs or sharing food. It can also spread from a mother to her baby."
hiv,WHO HIV and AIDS Fact Sheet,https://www.who.int/news-room/fact-sheets/detail/hiv-aids,ok,2026-09-19T01:48:28.584789+00:00,Signs and symptoms,The signs and symptoms of HIV vary depending on the stage of infection.
hiv,WHO HIV and AIDS Fact Sheet,https://www.who.int/news-room/fact-sheets/detail/hiv-aids,ok,2026-09-19T01:48:28.584789+00:00,Signs and symptoms,"HIV spreads more easily in the first few months after a person is infected, but many are unaware of their status until the later stages. In the first few weeks after being infected people may not experience symptoms. Others may have an influenza-like illness including:"
hiv,WHO HIV and AIDS Fact Sheet,https://www.who.int/news-room/fact-sheets/detail/hiv-aids,ok,2026-09-19T01:48:28.584789+00:00,Signs and symptoms,fever
hiv,WHO HIV and AIDS Fact Sheet,https://www.who.int/news-room/fact-sheets/detail/hiv-aids,ok,2026-09-19T01:48:28.584789+00:00,Signs and symptoms,headache
hiv,WHO HIV and AIDS Fact Sheet,https://www.who.int/news-room/fact-sheets/detail/hiv-aids,ok,2026-09-19T01:48:28.584789+00:00,Signs and symptoms,rash
hiv,WHO HIV and AIDS Fact Sheet,https://www.who.int/news-room/fact-sheets/detail/hiv-aids,ok,2026-09-19T01:48:28.584789+00:00,Signs and symptoms,sore throat.
hiv,WHO HIV and AIDS Fact Sheet,https://www.who.int/news-room/fact-sheets/detail/hiv-aids,ok,2026-09-19T01:48:28.584789+00:00,Signs and symptoms,The infection progressively weakens the immune system. This can cause other signs and symptoms:
hiv,WHO HIV and AIDS Fact Sheet,https://www.who.int/news-room/fact-sheets/detail/hiv-aids,ok,2026-09-19T01:48:28.584789+00:00,Signs and symptoms,swollen lymph nodes
hiv,WHO HIV and AIDS Fact Sheet,https://www.who.int/news-room/fact-sheets/detail/hiv-aids,ok,2026-09-19T01:48:28.584789+00:00,Signs and symptoms,weight loss
hiv,WHO HIV and AIDS Fact Sheet,https://www.who.int/news-room/fact-sheets/detail/hiv-aids,ok,2026-09-19T01:48:28.584789+00:00,Signs and symptoms,diarrhoea
hiv,WHO HIV and AIDS Fact Sheet,https://www.who.int/news-room/fact-sheets/detail/hiv-aids,ok,2026-09-19T01:48:28.584789+00:00,Signs and symptoms,cough.
hiv,WHO HIV and AIDS Fact Sheet,https://www.who.int/news-room/fact-sheets/detail/hiv-aids,ok,2026-09-19T01:48:28.584789+00:00,Signs and symptoms,"Without treatment, people living with HIV infection can also develop severe illnesses:"
hiv,WHO HIV and AIDS Fact Sheet,https://www.who.int/news-room/fact-sheets/detail/hiv-aids,ok,2026-09-19T01:48:28.584789+00:00,Signs and symptoms,tuberculosis (TB)
hiv,WHO HIV and AIDS Fact Sheet,https://www.who.int/news-room/fact-sheets/detail/hiv-aids,ok,2026-09-19T01:48:28.584789+00:00,Signs and symptoms,cryptococcal meningitis
hiv,WHO HIV and AIDS Fact Sheet,https://www.who.int/news-room/fact-sheets/detail/hiv-aids,ok,2026-09-19T01:48:28.584789+00:00,Signs and symptoms,severe bacterial infections
hiv,WHO HIV and AIDS Fact Sheet,https://www.who.int/news-room/fact-sheets/detail/hiv-aids,ok,2026-09-19T01:48:28.584789+00:00,Signs and symptoms,cancers such as lymphomas and Kaposi's sarcoma.
hiv,WHO HIV and AIDS Fact Sheet,https://www.who.int/news-room/fact-sheets/detail/hiv-aids,ok,2026-09-19T01:48:28.584789+00:00,Signs and symptoms,"HIV can make other infections, such as hepatitis C, hepatitis B and mpox, get worse."
hiv,WHO HIV and AIDS Fact Sheet,https://www.who.int/news-room/fact-sheets/detail/hiv-aids,ok,2026-09-19T01:48:28.584789+00:00,Diagnosis,"HIV can be diagnosed through rapid diagnostic tests that provide same-day results. This greatly facilitates early diagnosis and linkage with treatment and prevention. People can also use HIV self-tests to test themselves. However, no single test can provide a full HIV positive diagnosis; confirmatory testing is required, conducted by a qualified and trained health worker or community worker. HIV infection can be detected with great accuracy using WHO prequalified tests within a nationally approved testing strategy and algorithm."
hiv,WHO HIV and AIDS Fact Sheet,https://www.who.int/news-room/fact-sheets/detail/hiv-aids,ok,2026-09-19T01:48:28.584789+00:00,Diagnosis,"Following a positive diagnosis, people should be retested before they are enrolled in treatment and care to rule out any potential testing or reporting error. While testing for adolescents and adults has been made simple and efficient, this is not the case for babies born to HIV-positive mothers. For children less than 18 months of age, rapid antibody testing is not sufficient to identify HIV infection – virological testing must be provided as early as birth or at 6 weeks of age. New technologies are now available to perform this test at the point of care and enable same-day results, which will accelerate appropriate linkage with treatment and care."
hiv,WHO HIV and AIDS Fact Sheet,https://www.who.int/news-room/fact-sheets/detail/hiv-aids,ok,2026-09-19T01:48:28.584789+00:00,Prevention,People taking ART and who have no evidence of virus in the blood will not pass HIV to their sexual partners. Access to testing and ART is an important part of preventing HIV.
hiv,WHO HIV and AIDS Fact Sheet,https://www.who.int/news-room/fact-sheets/detail/hiv-aids,ok,2026-09-19T01:48:28.584789+00:00,Treatment,ART lowers the amount of the virus in a person’s body. This stops symptoms and allows people to live full and healthy lives. People living with HIV who are taking ART and who have no evidence of virus in the blood will not spread the virus to their sexual partners.
hiv,WHO HIV and AIDS Fact Sheet,https://www.who.int/news-room/fact-sheets/detail/hiv-aids,ok,2026-09-19T01:48:28.584789+00:00,Treatment,"Advanced HIV disease remains a persistent problem in the HIV response. WHO is supporting countries to implement the advanced HIV disease package of care to reduce illness and death. Newer HIV medicines and short course treatments for opportunistic infections like cryptococcal meningitis are being developed that may change the way people take ART and prevention medicines, including access to long-acting injectable formulations, such as lenacapavir which now has been approved by the FDA for HIV prevention."
hiv,WHO HIV and AIDS Fact Sheet,https://www.who.int/news-room/fact-sheets/detail/hiv-aids,ok,2026-09-19T01:48:28.584789+00:00,Treatment,More information on HIV treatments
malaria,CDC Malaria About,https://www.cdc.gov/malaria/about/index.html,ok,2026-09-19T01:48:28.961858+00:00,Symptoms,Malaria symptoms range from very mild illness to severe disease and even death. Early symptoms can include:
malaria,CDC Malaria About,https://www.cdc.gov/malaria/about/index.html,ok,2026-09-19T01:48:28.961858+00:00,Symptoms,Fever and flu-like illness
malaria,CDC Malaria About,https://www.cdc.gov/malaria/about/index.html,ok,2026-09-19T01:48:28.961858+00:00,Symptoms,Chills
malaria,CDC Malaria About,https://www.cdc.gov/malaria/about/index.html,ok,2026-09-19T01:48:28.961858+00:00,Symptoms,"Headache, muscle aches, and tiredness"
malaria,CDC Malaria About,https://www.cdc.gov/malaria/about/index.html,ok,2026-09-19T01:48:28.961858+00:00,Symptoms,"Nausea, vomiting, and diarrhea may also occur"
malaria,CDC Malaria About,https://www.cdc.gov/malaria/about/index.html,ok,2026-09-19T01:48:28.961858+00:00,Symptoms,"If not treated quickly, the infection can become severe."
malaria,CDC Malaria About,https://www.cdc.gov/malaria/about/index.html,ok,2026-09-19T01:48:28.961858+00:00,Symptoms,Severe symptoms can include
malaria,CDC Malaria About,https://www.cdc.gov/malaria/about/index.html,ok,2026-09-19T01:48:28.961858+00:00,Symptoms,Kidney failure
malaria,CDC Malaria About,https://www.cdc.gov/malaria/about/index.html,ok,2026-09-19T01:48:28.961858+00:00,Symptoms,Seizures
malaria,CDC Malaria About,https://www.cdc.gov/malaria/about/index.html,ok,2026-09-19T01:48:28.961858+00:00,Symptoms,Mental confusion
malaria,CDC Malaria About,https://www.cdc.gov/malaria/about/index.html,ok,2026-09-19T01:48:28.961858+00:00,Symptoms,Coma
malaria,CDC Malaria About,https://www.cdc.gov/malaria/about/index.html,ok,2026-09-19T01:48:28.961858+00:00,Testing and diagnosis,Only a healthcare provider can diagnose malaria. A lab test will confirm malaria using a small sample of your blood.
malaria,CDC Malaria About,https://www.cdc.gov/malaria/about/index.html,ok,2026-09-19T01:48:28.961858+00:00,Treatment,Prescription drugs can treat and cure malaria. The types of drugs and length of treatment depends on
malaria,CDC Malaria About,https://www.cdc.gov/malaria/about/index.html,ok,2026-09-19T01:48:28.961858+00:00,Treatment,How sick they are when treatment starts.
malaria,WHO Malaria Fact Sheet,https://www.who.int/news-room/fact-sheets/detail/malaria,ok,2026-09-19T01:48:29.317930+00:00,Overview,"Symptoms can be mild or life-threatening. Mild symptoms are fever, chills and headache. Severe symptoms include fatigue, confusion, seizures, and difficulty breathing."
malaria,WHO Malaria Fact Sheet,https://www.who.int/news-room/fact-sheets/detail/malaria,ok,2026-09-19T01:48:29.317930+00:00,Overview,Malaria can be prevented by avoiding mosquito bites and with medicines. Treatments can stop mild cases from getting worse.
malaria,WHO Malaria Fact Sheet,https://www.who.int/news-room/fact-sheets/detail/malaria,ok,2026-09-19T01:48:29.317930+00:00,Overview,"Malaria mostly spreads to people through the bites of some infected female Anopheles mosquitoes. Blood transfusion and contaminated needles may also transmit malaria. The first symptoms may be mild, similar to many febrile illnesses, and difficulty to recognize as malaria. Left untreated, P. falciparum malaria can progress to severe illness and death within 24 hours."
malaria,WHO Malaria Fact Sheet,https://www.who.int/news-room/fact-sheets/detail/malaria,ok,2026-09-19T01:48:29.317930+00:00,Symptoms,"The most common early symptoms of malaria are fever, headache and chills."
malaria,WHO Malaria Fact Sheet,https://www.who.int/news-room/fact-sheets/detail/malaria,ok,2026-09-19T01:48:29.317930+00:00,Symptoms,Symptoms usually start within 10–15 days of getting bitten by an infected mosquito.
malaria,WHO Malaria Fact Sheet,https://www.who.int/news-room/fact-sheets/detail/malaria,ok,2026-09-19T01:48:29.317930+00:00,Symptoms,"Symptoms may be mild for some people, especially for those who have had a malaria infection before. Because some malaria symptoms are not specific, getting tested early is important."
malaria,WHO Malaria Fact Sheet,https://www.who.int/news-room/fact-sheets/detail/malaria,ok,2026-09-19T01:48:29.317930+00:00,Symptoms,"Some types of malaria can cause severe illness and death. Infants, children under 5 years, pregnant women, travellers and people with HIV or AIDS are at higher risk. Severe symptoms include:"
malaria,WHO Malaria Fact Sheet,https://www.who.int/news-room/fact-sheets/detail/malaria,ok,2026-09-19T01:48:29.317930+00:00,Symptoms,extreme tiredness and fatigue
malaria,WHO Malaria Fact Sheet,https://www.who.int/news-room/fact-sheets/detail/malaria,ok,2026-09-19T01:48:29.317930+00:00,Symptoms,impaired consciousness
malaria,WHO Malaria Fact Sheet,https://www.who.int/news-room/fact-sheets/detail/malaria,ok,2026-09-19T01:48:29.317930+00:00,Symptoms,multiple convulsions
malaria,WHO Malaria Fact Sheet,https://www.who.int/news-room/fact-sheets/detail/malaria,ok,2026-09-19T01:48:29.317930+00:00,Symptoms,difficulty breathing
malaria,WHO Malaria Fact Sheet,https://www.who.int/news-room/fact-sheets/detail/malaria,ok,2026-09-19T01:48:29.317930+00:00,Symptoms,dark or bloody urine
malaria,WHO Malaria Fact Sheet,https://www.who.int/news-room/fact-sheets/detail/malaria,ok,2026-09-19T01:48:29.317930+00:00,Symptoms,jaundice (yellowing of the eyes and skin)
malaria,WHO Malaria Fact Sheet,https://www.who.int/news-room/fact-sheets/detail/malaria,ok,2026-09-19T01:48:29.317930+00:00,Symptoms,abnormal bleeding.
malaria,WHO Malaria Fact Sheet,https://www.who.int/news-room/fact-sheets/detail/malaria,ok,2026-09-19T01:48:29.317930+00:00,Symptoms,People with severe symptoms should get emergency care right away. Getting treatment early for mild malaria can stop the infection from becoming severe.
malaria,WHO Malaria Fact Sheet,https://www.who.int/news-room/fact-sheets/detail/malaria,ok,2026-09-19T01:48:29.317930+00:00,Symptoms,Malaria infection during pregnancy can also cause premature delivery or delivery of a baby with low birth weight.
malaria,WHO Malaria Fact Sheet,https://www.who.int/news-room/fact-sheets/detail/malaria,ok,2026-09-19T01:48:29.317930+00:00,Prevention,Malaria can be prevented by avoiding mosquito bites and by taking medicines. Talk to a doctor about taking medicines such as chemoprophylaxis before travelling to areas where malaria is common.
malaria,WHO Malaria Fact Sheet,https://www.who.int/news-room/fact-sheets/detail/malaria,ok,2026-09-19T01:48:29.317930+00:00,Treatment,"Early diagnosis and treatment of malaria reduces disease, prevents deaths and contributes to reducing transmission. WHO recommends that all suspected cases of malaria be confirmed using parasite-based diagnostic testing (through either microscopy or a rapid diagnostic test)."
malaria,WHO Malaria Fact Sheet,https://www.who.int/news-room/fact-sheets/detail/malaria,ok,2026-09-19T01:48:29.317930+00:00,Treatment,Malaria is a serious infection and always requires treatment with medicine.
malaria,WHO Malaria Fact Sheet,https://www.who.int/news-room/fact-sheets/detail/malaria,ok,2026-09-19T01:48:29.317930+00:00,Treatment,Multiple medicines are used to prevent and treat malaria. Doctors will choose one or more based on:
malaria,WHO Malaria Fact Sheet,https://www.who.int/news-room/fact-sheets/detail/malaria,ok,2026-09-19T01:48:29.317930+00:00,Treatment,whether a malaria parasite is resistant to a medicine
malaria,WHO Malaria Fact Sheet,https://www.who.int/news-room/fact-sheets/detail/malaria,ok,2026-09-19T01:48:29.317930+00:00,Treatment,These are the most common medicines for malaria:
malaria,WHO Malaria Fact Sheet,https://www.who.int/news-room/fact-sheets/detail/malaria,ok,2026-09-19T01:48:29.317930+00:00,Treatment,Artemisinin-based combination therapy medicines are the most effective treatment for P. falciparum malaria.
malaria,WHO Malaria Fact Sheet,https://www.who.int/news-room/fact-sheets/detail/malaria,ok,2026-09-19T01:48:29.317930+00:00,Treatment,Chloroquine is recommended for treatment of infection with the P. vivax parasite only in places where it is still sensitive to this medicine.
malaria,WHO Malaria Fact Sheet,https://www.who.int/news-room/fact-sheets/detail/malaria,ok,2026-09-19T01:48:29.317930+00:00,Treatment,Primaquine should be added to the main treatment to prevent relapses of infection with the P. vivax and P. ovale parasites.
malaria,WHO Malaria Fact Sheet,https://www.who.int/news-room/fact-sheets/detail/malaria,ok,2026-09-19T01:48:29.317930+00:00,Treatment,Most medicines used are in pill form. Some people may need to go to a health centre or hospital for injectable medicines.
measles,CDC Measles Symptoms,https://www.cdc.gov/measles/signs-symptoms/index.html,ok,2026-09-19T01:48:29.686532+00:00,Signs and symptoms,Measles isn't just a little rash. Measles can be dangerous for anyone but especially for babies and young children.
measles,CDC Measles Symptoms,https://www.cdc.gov/measles/signs-symptoms/index.html,ok,2026-09-19T01:48:29.686532+00:00,7–14 days after a measles infection: first symptoms show,Measles symptoms appear 7 to 14 days after contact with the virus. Measles typically begins with:
measles,CDC Measles Symptoms,https://www.cdc.gov/measles/signs-symptoms/index.html,ok,2026-09-19T01:48:29.686532+00:00,7–14 days after a measles infection: first symptoms show,High fever (may spike to more than 104°)
measles,CDC Measles Symptoms,https://www.cdc.gov/measles/signs-symptoms/index.html,ok,2026-09-19T01:48:29.686532+00:00,7–14 days after a measles infection: first symptoms show,Cough
measles,CDC Measles Symptoms,https://www.cdc.gov/measles/signs-symptoms/index.html,ok,2026-09-19T01:48:29.686532+00:00,7–14 days after a measles infection: first symptoms show,Runny nose (coryza)
measles,CDC Measles Symptoms,https://www.cdc.gov/measles/signs-symptoms/index.html,ok,2026-09-19T01:48:29.686532+00:00,7–14 days after a measles infection: first symptoms show,"Red, watery eyes ( conjunctivitis or pink eye )"
measles,CDC Measles Symptoms,https://www.cdc.gov/measles/signs-symptoms/index.html,ok,2026-09-19T01:48:29.686532+00:00,2–3 days after symptoms begin: Koplik spots,Tiny white spots (Koplik spots) may appear inside the mouth two to three days after symptoms begin.
measles,CDC Measles Symptoms,https://www.cdc.gov/measles/signs-symptoms/index.html,ok,2026-09-19T01:48:29.686532+00:00,3–5 days after symptoms begin: measles rash,"Measles rash appears 3 to 5 days after the first symptoms. It usually begins as flat red spots that appear on the face at the hairline. They then spread downward to the neck, trunk, arms, legs, and feet."
measles,CDC Measles Symptoms,https://www.cdc.gov/measles/signs-symptoms/index.html,ok,2026-09-19T01:48:29.686532+00:00,3–5 days after symptoms begin: measles rash,Small raised bumps may also appear on top of the flat red spots.
measles,CDC Measles Symptoms,https://www.cdc.gov/measles/signs-symptoms/index.html,ok,2026-09-19T01:48:29.686532+00:00,3–5 days after symptoms begin: measles rash,The spots may become joined together as they spread from the head to the rest of the body.
measles,CDC Measles Symptoms,https://www.cdc.gov/measles/signs-symptoms/index.html,ok,2026-09-19T01:48:29.686532+00:00,3–5 days after symptoms begin: measles rash,"When the rash appears, a person's fever may spike to more than 104° Fahrenheit."
measles,WHO Measles Fact Sheet,https://www.who.int/news-room/fact-sheets/detail/measles,ok,2026-09-19T01:48:30.047918+00:00,Key facts,"Even though a safe and cost-effective vaccine is available, in 2024, there were an estimated 95 000 measles deaths globally, mostly among unvaccinated or under vaccinated children under the age of 5 years."
measles,WHO Measles Fact Sheet,https://www.who.int/news-room/fact-sheets/detail/measles,ok,2026-09-19T01:48:30.047918+00:00,Key facts,"The proportion of children receiving a first dose of measles vaccine was 84% in 2025, slightly below the 2019 level of 86%."
measles,WHO Measles Fact Sheet,https://www.who.int/news-room/fact-sheets/detail/measles,ok,2026-09-19T01:48:30.047918+00:00,Overview,"Measles is a highly contagious disease caused by a virus. It spreads easily when an infected person breathes, coughs or sneezes. It can cause severe disease, complications, and even death."
measles,WHO Measles Fact Sheet,https://www.who.int/news-room/fact-sheets/detail/measles,ok,2026-09-19T01:48:30.047918+00:00,Overview,"Measles infects the respiratory tract and then spreads throughout the body. Symptoms include a high fever, cough, runny nose and a rash all over the body."
measles,WHO Measles Fact Sheet,https://www.who.int/news-room/fact-sheets/detail/measles,ok,2026-09-19T01:48:30.047918+00:00,Overview,Being vaccinated is the best way to prevent getting sick with measles or spreading it to other people. The vaccine is safe and helps your body fight off the virus.
measles,WHO Measles Fact Sheet,https://www.who.int/news-room/fact-sheets/detail/measles,ok,2026-09-19T01:48:30.047918+00:00,Overview,"Before the introduction of measles vaccine in 1963 and widespread vaccination, major epidemics occurred approximately every two to three years and caused an estimated 2.6 million deaths each year."
measles,WHO Measles Fact Sheet,https://www.who.int/news-room/fact-sheets/detail/measles,ok,2026-09-19T01:48:30.047918+00:00,Overview,"An estimated 95 000 people died from measles in 2024 – mostly children under the age of five years, despite the availability of a safe and cost-effective vaccine."
measles,WHO Measles Fact Sheet,https://www.who.int/news-room/fact-sheets/detail/measles,ok,2026-09-19T01:48:30.047918+00:00,Signs and symptoms,Symptoms of measles usually begin 7–14 days after exposure to the virus. A prominent rash is the most visible symptom.
measles,WHO Measles Fact Sheet,https://www.who.int/news-room/fact-sheets/detail/measles,ok,2026-09-19T01:48:30.047918+00:00,Signs and symptoms,Early symptoms usually last 4–7 days. They include:
measles,WHO Measles Fact Sheet,https://www.who.int/news-room/fact-sheets/detail/measles,ok,2026-09-19T01:48:30.047918+00:00,Signs and symptoms,fever
measles,WHO Measles Fact Sheet,https://www.who.int/news-room/fact-sheets/detail/measles,ok,2026-09-19T01:48:30.047918+00:00,Signs and symptoms,running nose
measles,WHO Measles Fact Sheet,https://www.who.int/news-room/fact-sheets/detail/measles,ok,2026-09-19T01:48:30.047918+00:00,Signs and symptoms,cough
measles,WHO Measles Fact Sheet,https://www.who.int/news-room/fact-sheets/detail/measles,ok,2026-09-19T01:48:30.047918+00:00,Signs and symptoms,red and watery eyes
measles,WHO Measles Fact Sheet,https://www.who.int/news-room/fact-sheets/detail/measles,ok,2026-09-19T01:48:30.047918+00:00,Signs and symptoms,small white spots inside the cheeks.
measles,WHO Measles Fact Sheet,https://www.who.int/news-room/fact-sheets/detail/measles,ok,2026-09-19T01:48:30.047918+00:00,Signs and symptoms,"The rash appears 3 to 5 days after the first symptoms, usually on the face and upper neck. It spreads over about 3 days, eventually downward to the trunk, arms, legs and feet. It usually lasts 4–8 days before fading."
measles,WHO Measles Fact Sheet,https://www.who.int/news-room/fact-sheets/detail/measles,ok,2026-09-19T01:48:30.047918+00:00,Signs and symptoms,Most deaths from measles are from complications related to the disease.
measles,WHO Measles Fact Sheet,https://www.who.int/news-room/fact-sheets/detail/measles,ok,2026-09-19T01:48:30.047918+00:00,Signs and symptoms,Complications can include:
measles,WHO Measles Fact Sheet,https://www.who.int/news-room/fact-sheets/detail/measles,ok,2026-09-19T01:48:30.047918+00:00,Signs and symptoms,blindness
measles,WHO Measles Fact Sheet,https://www.who.int/news-room/fact-sheets/detail/measles,ok,2026-09-19T01:48:30.047918+00:00,Signs and symptoms,encephalitis (an infection causing brain swelling and potentially brain damage)
measles,WHO Measles Fact Sheet,https://www.who.int/news-room/fact-sheets/detail/measles,ok,2026-09-19T01:48:30.047918+00:00,Signs and symptoms,severe diarrhoea and related dehydration
measles,WHO Measles Fact Sheet,https://www.who.int/news-room/fact-sheets/detail/measles,ok,2026-09-19T01:48:30.047918+00:00,Signs and symptoms,ear infections
measles,WHO Measles Fact Sheet,https://www.who.int/news-room/fact-sheets/detail/measles,ok,2026-09-19T01:48:30.047918+00:00,Signs and symptoms,severe breathing problems including pneumonia.
measles,WHO Measles Fact Sheet,https://www.who.int/news-room/fact-sheets/detail/measles,ok,2026-09-19T01:48:30.047918+00:00,Signs and symptoms,"If a woman catches measles during pregnancy, this can be dangerous for the mother and can result in miscarriage or her baby being born prematurely with a low birth weight."
measles,WHO Measles Fact Sheet,https://www.who.int/news-room/fact-sheets/detail/measles,ok,2026-09-19T01:48:30.047918+00:00,Signs and symptoms,"Complications are most common in children under 5 years and adults over age 30. They are more likely in children who are malnourished, especially those without enough vitamin A or with a weak immune system from HIV or other diseases. Measles itself also weakens the immune system and can make the body “forget” how to protect itself against infections, leaving children extremely vulnerable."
measles,WHO Measles Fact Sheet,https://www.who.int/news-room/fact-sheets/detail/measles,ok,2026-09-19T01:48:30.047918+00:00,Treatment,"There is no specific treatment for measles. Caregiving should focus on relieving symptoms, making the person comfortable and preventing complications."
measles,WHO Measles Fact Sheet,https://www.who.int/news-room/fact-sheets/detail/measles,ok,2026-09-19T01:48:30.047918+00:00,Treatment,Drinking enough water and treatments for dehydration can replace fluids lost to diarrhoea or vomiting. Eating a healthy diet is also important.
measles,WHO Measles Fact Sheet,https://www.who.int/news-room/fact-sheets/detail/measles,ok,2026-09-19T01:48:30.047918+00:00,Treatment,Doctors may use antibiotics to treat pneumonia and ear and eye infections.
measles,WHO Measles Fact Sheet,https://www.who.int/news-room/fact-sheets/detail/measles,ok,2026-09-19T01:48:30.047918+00:00,Treatment,"Two doses of vitamin A are recommended for all suspected measles cases in children under 5 years of age, immediately on diagnosis and repeated the next day, according to the dosing indicated by the health practitioner. A third dose is recommended for any clinical signs of vitamin A deficiency with eye complications and should be given 4–6 weeks later. This restores low levels of vitamin A that occur even in well-nourished children. It can help prevent other complications from measles, including eye damage and blindness. Vitamin A supplements may also reduce the number of measles deaths."
measles,WHO Measles Fact Sheet,https://www.who.int/news-room/fact-sheets/detail/measles,ok,2026-09-19T01:48:30.047918+00:00,Prevention,"Community-wide vaccination is the most effective way to prevent measles. All children should be vaccinated against measles. The vaccine is safe, effective and inexpensive."
measles,WHO Measles Fact Sheet,https://www.who.int/news-room/fact-sheets/detail/measles,ok,2026-09-19T01:48:30.047918+00:00,Prevention,"Children should receive two doses of the vaccine to ensure they are immune. The first dose is usually given at 9 months of age in countries where measles is common and 12–15 months in other countries. A second dose should be given later in childhood, usually at 15–18 months."
measles,WHO Measles Fact Sheet,https://www.who.int/news-room/fact-sheets/detail/measles,ok,2026-09-19T01:48:30.047918+00:00,Prevention,"The measles vaccine is given alone or often combined with vaccines for mumps, rubella and/or varicella."
measles,WHO Measles Fact Sheet,https://www.who.int/news-room/fact-sheets/detail/measles,ok,2026-09-19T01:48:30.047918+00:00,Prevention,"Routine measles vaccination, combined with mass immunization campaigns in countries with high case rates are crucial for reducing global measles deaths. The measles vaccine has been in use for about 60 years and costs less than US$ 1 per child. The measles vaccine is also used in emergencies to stop outbreaks from spreading. The risk of measles outbreaks is particularly high amongst refugees, who should be vaccinated as soon as possible."
measles,WHO Measles Fact Sheet,https://www.who.int/news-room/fact-sheets/detail/measles,ok,2026-09-19T01:48:30.047918+00:00,Prevention,"Combining vaccines slightly increases the cost but allows for shared delivery and administration costs and importantly, adds the benefit of protection against rubella, the most common vaccine preventable infection that can infect babies in the womb."
measles,WHO Measles Fact Sheet,https://www.who.int/news-room/fact-sheets/detail/measles,ok,2026-09-19T01:48:30.047918+00:00,Prevention,"In 2025, 77% of children received both doses of the measles vaccine, and about 84% of the world's children received one dose of measles vaccine by their first birthday. Two doses of the vaccine are recommended to ensure immunity and prevent outbreaks, as not all children develop immunity from the first dose."
meningitis,CDC Meningitis About,https://www.cdc.gov/meningitis/about/index.html,ok,2026-09-19T01:48:30.412725+00:00,Symptoms,Common meningitis symptoms include
meningitis,CDC Meningitis About,https://www.cdc.gov/meningitis/about/index.html,ok,2026-09-19T01:48:30.412725+00:00,Symptoms,Fever
meningitis,CDC Meningitis About,https://www.cdc.gov/meningitis/about/index.html,ok,2026-09-19T01:48:30.412725+00:00,Symptoms,Headache
meningitis,CDC Meningitis About,https://www.cdc.gov/meningitis/about/index.html,ok,2026-09-19T01:48:30.412725+00:00,Symptoms,Stiff neck
meningitis,CDC Meningitis About,https://www.cdc.gov/meningitis/about/index.html,ok,2026-09-19T01:48:30.412725+00:00,Symptoms,"There are often other symptoms, such as"
meningitis,CDC Meningitis About,https://www.cdc.gov/meningitis/about/index.html,ok,2026-09-19T01:48:30.412725+00:00,Symptoms,Nausea
meningitis,CDC Meningitis About,https://www.cdc.gov/meningitis/about/index.html,ok,2026-09-19T01:48:30.412725+00:00,Symptoms,Vomiting
meningitis,CDC Meningitis About,https://www.cdc.gov/meningitis/about/index.html,ok,2026-09-19T01:48:30.412725+00:00,Symptoms,Photophobia (eyes being more sensitive to light)
meningitis,CDC Meningitis About,https://www.cdc.gov/meningitis/about/index.html,ok,2026-09-19T01:48:30.412725+00:00,Symptoms,Altered mental status (confusion)
meningitis,CDC Meningitis About,https://www.cdc.gov/meningitis/about/index.html,ok,2026-09-19T01:48:30.412725+00:00,Symptoms in babies,"Newborns and babies may not have, or it may be difficult to notice, the classic symptoms listed above. Instead, babies may"
meningitis,CDC Meningitis About,https://www.cdc.gov/meningitis/about/index.html,ok,2026-09-19T01:48:30.412725+00:00,Symptoms in babies,Be slow or inactive
meningitis,CDC Meningitis About,https://www.cdc.gov/meningitis/about/index.html,ok,2026-09-19T01:48:30.412725+00:00,Symptoms in babies,Be irritable
meningitis,CDC Meningitis About,https://www.cdc.gov/meningitis/about/index.html,ok,2026-09-19T01:48:30.412725+00:00,Symptoms in babies,Vomit
meningitis,CDC Meningitis About,https://www.cdc.gov/meningitis/about/index.html,ok,2026-09-19T01:48:30.412725+00:00,Symptoms in babies,Feed poorly
meningitis,CDC Meningitis About,https://www.cdc.gov/meningitis/about/index.html,ok,2026-09-19T01:48:30.412725+00:00,Symptoms in babies,"Have a bulging fontanelle (the ""soft spot"" on a baby's head)"
meningitis,CDC Meningitis About,https://www.cdc.gov/meningitis/about/index.html,ok,2026-09-19T01:48:30.412725+00:00,Symptoms in babies,Have abnormal reflexes
meningitis,CDC Meningitis About,https://www.cdc.gov/meningitis/about/index.html,ok,2026-09-19T01:48:30.412725+00:00,Testing and diagnosis,"If healthcare providers suspect meningitis, they may collect samples of blood or cerebrospinal fluid (fluid surrounding the spinal cord). Then laboratories can perform specific tests, depending on the type of infection suspected. Knowing the specific cause is important because treatment differs depending on the cause."
meningitis,WHO Meningitis Fact Sheet,https://www.who.int/news-room/fact-sheets/detail/meningitis,ok,2026-09-19T01:48:31.229068+00:00,Key facts,Vaccines are the most effective way to deliver long-lasting protection.
meningitis,WHO Meningitis Fact Sheet,https://www.who.int/news-room/fact-sheets/detail/meningitis,ok,2026-09-19T01:48:31.229068+00:00,Signs and symptoms,"The symptoms of meningitis can differ based on the cause, how quickly the disease progresses, how long it lasts, brain involvement, and other serious complications like sepsis."
meningitis,WHO Meningitis Fact Sheet,https://www.who.int/news-room/fact-sheets/detail/meningitis,ok,2026-09-19T01:48:31.229068+00:00,Signs and symptoms,"Common symptoms of meningitis are fever, neck stiffness, confusion or altered mental status, headache, sensitivity to light, nausea and vomiting. Less frequent symptoms include seizures, coma and neurological deficits, such as weakness of the limbs."
meningitis,WHO Meningitis Fact Sheet,https://www.who.int/news-room/fact-sheets/detail/meningitis,ok,2026-09-19T01:48:31.229068+00:00,Signs and symptoms,Infants often have different symptoms compared to adults:
meningitis,WHO Meningitis Fact Sheet,https://www.who.int/news-room/fact-sheets/detail/meningitis,ok,2026-09-19T01:48:31.229068+00:00,Signs and symptoms,"unusual behaviour, such as the child being less active and difficult to wake"
meningitis,WHO Meningitis Fact Sheet,https://www.who.int/news-room/fact-sheets/detail/meningitis,ok,2026-09-19T01:48:31.229068+00:00,Signs and symptoms,irritability
meningitis,WHO Meningitis Fact Sheet,https://www.who.int/news-room/fact-sheets/detail/meningitis,ok,2026-09-19T01:48:31.229068+00:00,Signs and symptoms,"weak, continuous cry"
meningitis,WHO Meningitis Fact Sheet,https://www.who.int/news-room/fact-sheets/detail/meningitis,ok,2026-09-19T01:48:31.229068+00:00,Signs and symptoms,poor feeding
meningitis,WHO Meningitis Fact Sheet,https://www.who.int/news-room/fact-sheets/detail/meningitis,ok,2026-09-19T01:48:31.229068+00:00,Signs and symptoms,bulging of the soft spot in their head.
meningitis,WHO Meningitis Fact Sheet,https://www.who.int/news-room/fact-sheets/detail/meningitis,ok,2026-09-19T01:48:31.229068+00:00,Signs and symptoms,"Some bacterial pathogens may also account for other symptoms as a result of bloodstream infection, which can quickly lead to sepsis, including cold hands and feet, fast breathing and low blood pressure. A characteristic, non-blanching skin rash may appear with meningococcal sepsis."
meningitis,WHO Meningitis Fact Sheet,https://www.who.int/news-room/fact-sheets/detail/meningitis,ok,2026-09-19T01:48:31.229068+00:00,Prevention,Vaccines offer the best protection against common types of bacterial meningitis.
meningitis,WHO Meningitis Fact Sheet,https://www.who.int/news-room/fact-sheets/detail/meningitis,ok,2026-09-19T01:48:31.229068+00:00,Prevention,Vaccines can prevent meningitis caused by:
meningitis,WHO Meningitis Fact Sheet,https://www.who.int/news-room/fact-sheets/detail/meningitis,ok,2026-09-19T01:48:31.229068+00:00,Prevention,Maternal Group B streptococcus vaccines to prevent invasive GBS disease in infants are in the final stages of clinical development.
meningitis,WHO Meningitis Fact Sheet,https://www.who.int/news-room/fact-sheets/detail/meningitis,ok,2026-09-19T01:48:31.229068+00:00,Prevention,talk to your doctor or nurse about taking antibiotics (in case of bacterial meningitis)
meningitis,WHO Meningitis Fact Sheet,https://www.who.int/news-room/fact-sheets/detail/meningitis,ok,2026-09-19T01:48:31.229068+00:00,2. Antibiotics for prevention (chemoprophylaxis),Post-exposure prophylaxis with antibiotics is given to close contacts of individuals with meningococcal disease to eradicate asymptomatic meningococcal carriage in the nose and decrease the risk of transmission.
meningitis,WHO Meningitis Fact Sheet,https://www.who.int/news-room/fact-sheets/detail/meningitis,ok,2026-09-19T01:48:31.229068+00:00,Diagnosis,"To diagnose meningitis, a lumbar puncture is needed to examine the cerebrospinal fluid (CSF). This should be done before starting antibiotics; however, if bacterial meningitis is suspected based on the signs and symptoms, a lumbar puncture should never delay antibiotic treatment."
meningitis,WHO Meningitis Fact Sheet,https://www.who.int/news-room/fact-sheets/detail/meningitis,ok,2026-09-19T01:48:31.229068+00:00,Diagnosis,"Laboratories will then perform specific tests with CSF or blood to identify the pathogen causing the infection. The tests will also help identify the treatments needed, and specifically for bacterial infections the susceptibility to types of antibiotics, as well as identify the strain(s) of the pathogen responsible and inform public health responses."
meningitis,WHO Meningitis Fact Sheet,https://www.who.int/news-room/fact-sheets/detail/meningitis,ok,2026-09-19T01:48:31.229068+00:00,Treatment,"Antibiotic treatment should be started as soon as possible when bacterial meningitis is suspected. The first dose of antibiotic treatment should not be delayed until the results of the lumbar puncture are available. The choice of antibiotic treatment should consider the age of the patient, presence of immunosuppression, and local prevalence of antimicrobial resistance patterns. In non-epidemic settings, intravenous corticosteroids (e.g., dexamethasone) are initiated with the first dose of antibiotics to reduce the inflammatory response and the risk of neurological sequelae and death,"
meningitis,WHO Meningitis Fact Sheet,https://www.who.int/news-room/fact-sheets/detail/meningitis,ok,2026-09-19T01:48:31.229068+00:00,Treatment,"Those who have lived through meningitis can have complications such as deafness, learning impairment or behavioural problem and require long-term treatment and care. The ongoing psychosocial impacts of disability from meningitis can have medical, educational, social and human rights-based implications. Access to both services and support for these conditions is often insufficient, especially in low- and middle-income countries."
pneumonia,CDC Pneumonia About,https://www.cdc.gov/pneumonia/about/index.html,ok,2026-09-19T01:48:31.873308+00:00,Symptoms,Common symptoms of pneumonia include:
pneumonia,CDC Pneumonia About,https://www.cdc.gov/pneumonia/about/index.html,ok,2026-09-19T01:48:31.873308+00:00,Symptoms,Chest pain when breathing or coughing
pneumonia,CDC Pneumonia About,https://www.cdc.gov/pneumonia/about/index.html,ok,2026-09-19T01:48:31.873308+00:00,Symptoms,Altered mental status (confusion)
pneumonia,CDC Pneumonia About,https://www.cdc.gov/pneumonia/about/index.html,ok,2026-09-19T01:48:31.873308+00:00,Symptoms,Cough
pneumonia,CDC Pneumonia About,https://www.cdc.gov/pneumonia/about/index.html,ok,2026-09-19T01:48:31.873308+00:00,Symptoms,Fatigue (feeling tired)
pneumonia,CDC Pneumonia About,https://www.cdc.gov/pneumonia/about/index.html,ok,2026-09-19T01:48:31.873308+00:00,Symptoms,Fever or chills
pneumonia,CDC Pneumonia About,https://www.cdc.gov/pneumonia/about/index.html,ok,2026-09-19T01:48:31.873308+00:00,Symptoms,"Nausea, vomiting, or diarrhea"
pneumonia,CDC Pneumonia About,https://www.cdc.gov/pneumonia/about/index.html,ok,2026-09-19T01:48:31.873308+00:00,Symptoms,Shortness of breath
pneumonia,WHO Pneumonia Fact Sheet,https://www.who.int/news-room/fact-sheets/detail/pneumonia,ok,2026-09-19T01:48:32.676393+00:00,Key facts,"Pneumonia caused by bacteria can be treated with antibiotics, but only one third of children with pneumonia receive the antibiotics they need."
pneumonia,WHO Pneumonia Fact Sheet,https://www.who.int/news-room/fact-sheets/detail/pneumonia,ok,2026-09-19T01:48:32.676393+00:00,Overview,"Pneumonia is a form of acute respiratory infection that affects the lungs. The lungs are made up of small sacs called alveoli, which fill with air when a healthy person breathes. When an individual has pneumonia, the alveoli are filled with pus and fluid, which makes breathing painful and limits oxygen intake."
pneumonia,WHO Pneumonia Fact Sheet,https://www.who.int/news-room/fact-sheets/detail/pneumonia,ok,2026-09-19T01:48:32.676393+00:00,Treatment,"Pneumonia should be treated with antibiotics. The antibiotic of choice for first line treatment is amoxicillin dispersible tablets. Most cases of pneumonia require oral antibiotics, which are often prescribed at a health centre. These cases can also be diagnosed and treated with inexpensive oral antibiotics at the community level by trained community health workers. Hospitalization is recommended only for severe cases of pneumonia."
pneumonia,WHO Pneumonia Fact Sheet,https://www.who.int/news-room/fact-sheets/detail/pneumonia,ok,2026-09-19T01:48:32.676393+00:00,Prevention,"Preventing pneumonia in children is an essential component of a strategy to reduce child mortality. Immunization against Hib, pneumococcus, measles and whooping cough (pertussis) is the most effective way to prevent pneumonia."
tuberculosis,CDC About Tuberculosis,https://www.cdc.gov/tb/about/index.html,ok,2026-09-19T01:48:33.797955+00:00,Symptoms of active TB disease include:,A cough that lasts three weeks or longer
tuberculosis,CDC About Tuberculosis,https://www.cdc.gov/tb/about/index.html,ok,2026-09-19T01:48:33.797955+00:00,Symptoms of active TB disease include:,Chest pain
tuberculosis,CDC About Tuberculosis,https://www.cdc.gov/tb/about/index.html,ok,2026-09-19T01:48:33.797955+00:00,Symptoms of active TB disease include:,Coughing up blood or sputum (phlegm from deep inside the lungs)
tuberculosis,CDC About Tuberculosis,https://www.cdc.gov/tb/about/index.html,ok,2026-09-19T01:48:33.797955+00:00,Symptoms of active TB disease include:,Weakness or fatigue
tuberculosis,CDC About Tuberculosis,https://www.cdc.gov/tb/about/index.html,ok,2026-09-19T01:48:33.797955+00:00,Symptoms of active TB disease include:,Weight loss
tuberculosis,CDC About Tuberculosis,https://www.cdc.gov/tb/about/index.html,ok,2026-09-19T01:48:33.797955+00:00,Symptoms of active TB disease include:,Loss of appetite
tuberculosis,CDC About Tuberculosis,https://www.cdc.gov/tb/about/index.html,ok,2026-09-19T01:48:33.797955+00:00,Symptoms of active TB disease include:,Chills
tuberculosis,CDC About Tuberculosis,https://www.cdc.gov/tb/about/index.html,ok,2026-09-19T01:48:33.797955+00:00,Symptoms of active TB disease include:,Fever
tuberculosis,CDC About Tuberculosis,https://www.cdc.gov/tb/about/index.html,ok,2026-09-19T01:48:33.797955+00:00,Symptoms of active TB disease include:,Night sweats
tuberculosis,CDC About Tuberculosis,https://www.cdc.gov/tb/about/index.html,ok,2026-09-19T01:48:33.797955+00:00,Symptoms of active TB disease include:,"People with inactive TB do not have symptoms. However, without treatment, they can develop active TB disease and become sick."
tuberculosis,CDC About Tuberculosis,https://www.cdc.gov/tb/about/index.html,ok,2026-09-19T01:48:33.797955+00:00,Prevention,"If you are diagnosed with inactive TB, there are treatments available that can help protect you from getting sick with active TB disease."
tuberculosis,CDC About Tuberculosis,https://www.cdc.gov/tb/about/index.html,ok,2026-09-19T01:48:33.797955+00:00,Treatment,"If you have active TB disease, you can be treated with medicine. You will need to take and finish all of your TB medicine as directed by your health care provider. This is to help you feel better and prevent other people from getting sick."
tuberculosis,CDC TB Signs and Symptoms,https://www.cdc.gov/tb/signs-symptoms/index.html,ok,2026-09-19T01:48:34.818063+00:00,Do you have symptoms of active TB disease?,Contact your health care provider or local health department and ask about TB testing .
tuberculosis,WHO Tuberculosis Fact Sheet,https://www.who.int/news-room/fact-sheets/detail/tuberculosis,ok,2026-09-19T01:48:35.877169+00:00,Key facts,Multidrug-resistant TB (MDR-TB) remains a public health crisis and a health security threat. Only about 2 in 5 people with drug-resistant TB accessed treatment in 2024.
tuberculosis,WHO Tuberculosis Fact Sheet,https://www.who.int/news-room/fact-sheets/detail/tuberculosis,ok,2026-09-19T01:48:35.877169+00:00,Overview,"Tuberculosis (TB) is an infectious disease caused by bacteria that most often affects the lungs. It spreads through the air when people with TB cough, sneeze or spit."
tuberculosis,WHO Tuberculosis Fact Sheet,https://www.who.int/news-room/fact-sheets/detail/tuberculosis,ok,2026-09-19T01:48:35.877169+00:00,Overview,TB disease is usually treated with antibiotics and can be fatal without treatment.
tuberculosis,WHO Tuberculosis Fact Sheet,https://www.who.int/news-room/fact-sheets/detail/tuberculosis,ok,2026-09-19T01:48:35.877169+00:00,Overview,"In certain countries, the Bacille Calmette-Guérin (BCG) vaccine is given to babies or small children to prevent TB. The vaccine prevents deaths from TB and protects children from serious forms of TB."
tuberculosis,WHO Tuberculosis Fact Sheet,https://www.who.int/news-room/fact-sheets/detail/tuberculosis,ok,2026-09-19T01:48:35.877169+00:00,Overview,diabetes (high blood sugar);
tuberculosis,WHO Tuberculosis Fact Sheet,https://www.who.int/news-room/fact-sheets/detail/tuberculosis,ok,2026-09-19T01:48:35.877169+00:00,Symptoms,"In general, people with TB infection don’t feel sick and are not contagious. Only a small proportion of people who get infected with TB will get TB disease and develop symptoms. Babies and children are at higher risk of developing the disease if they are infected."
tuberculosis,WHO Tuberculosis Fact Sheet,https://www.who.int/news-room/fact-sheets/detail/tuberculosis,ok,2026-09-19T01:48:35.877169+00:00,Symptoms,"TB disease occurs when bacteria multiply in the body and affect different organs. TB symptoms may be mild for many months, so it is easy to spread TB to others without knowing it. Symptoms depend on which part of the body is affected. While TB usually affects the lungs, it can also affect the kidneys, brain, and spine."
tuberculosis,WHO Tuberculosis Fact Sheet,https://www.who.int/news-room/fact-sheets/detail/tuberculosis,ok,2026-09-19T01:48:35.877169+00:00,Symptoms,Some people with TB disease do not have any symptoms but can still spread TB.
tuberculosis,WHO Tuberculosis Fact Sheet,https://www.who.int/news-room/fact-sheets/detail/tuberculosis,ok,2026-09-19T01:48:35.877169+00:00,Symptoms,Common symptoms of TB are:
tuberculosis,WHO Tuberculosis Fact Sheet,https://www.who.int/news-room/fact-sheets/detail/tuberculosis,ok,2026-09-19T01:48:35.877169+00:00,Symptoms,prolonged cough (sometimes with blood);
tuberculosis,WHO Tuberculosis Fact Sheet,https://www.who.int/news-room/fact-sheets/detail/tuberculosis,ok,2026-09-19T01:48:35.877169+00:00,Symptoms,chest pain;
tuberculosis,WHO Tuberculosis Fact Sheet,https://www.who.int/news-room/fact-sheets/detail/tuberculosis,ok,2026-09-19T01:48:35.877169+00:00,Symptoms,weakness;
tuberculosis,WHO Tuberculosis Fact Sheet,https://www.who.int/news-room/fact-sheets/detail/tuberculosis,ok,2026-09-19T01:48:35.877169+00:00,Symptoms,fatigue;
tuberculosis,WHO Tuberculosis Fact Sheet,https://www.who.int/news-room/fact-sheets/detail/tuberculosis,ok,2026-09-19T01:48:35.877169+00:00,Symptoms,weight loss;
tuberculosis,WHO Tuberculosis Fact Sheet,https://www.who.int/news-room/fact-sheets/detail/tuberculosis,ok,2026-09-19T01:48:35.877169+00:00,Symptoms,fever; and
tuberculosis,WHO Tuberculosis Fact Sheet,https://www.who.int/news-room/fact-sheets/detail/tuberculosis,ok,2026-09-19T01:48:35.877169+00:00,Symptoms,night sweats
tuberculosis,WHO Tuberculosis Fact Sheet,https://www.who.int/news-room/fact-sheets/detail/tuberculosis,ok,2026-09-19T01:48:35.877169+00:00,Symptoms,"The symptoms people get depend on which part of the body is affected by TB. While TB usually affects the lungs, it can also involve the kidneys, brain, spine and skin."
tuberculosis,WHO Tuberculosis Fact Sheet,https://www.who.int/news-room/fact-sheets/detail/tuberculosis,ok,2026-09-19T01:48:35.877169+00:00,Prevention,"Seek medical attention if you have symptoms like prolonged cough, fever and unexplained weight loss as early treatment for TB can help stop the spread of disease and improve your chances of recovery."
tuberculosis,WHO Tuberculosis Fact Sheet,https://www.who.int/news-room/fact-sheets/detail/tuberculosis,ok,2026-09-19T01:48:35.877169+00:00,Prevention,"TB preventive treatment (or TPT) prevents infection from becoming disease. If prescribed TPT, complete the full course."
tuberculosis,WHO Tuberculosis Fact Sheet,https://www.who.int/news-room/fact-sheets/detail/tuberculosis,ok,2026-09-19T01:48:35.877169+00:00,Prevention,"If you have TB, practice good hygiene when coughing, including avoiding contact with other people and wearing a mask, covering your mouth and nose when coughing or sneezing, and disposing of sputum and used tissues properly."
tuberculosis,WHO Tuberculosis Fact Sheet,https://www.who.int/news-room/fact-sheets/detail/tuberculosis,ok,2026-09-19T01:48:35.877169+00:00,Diagnosis,Rapid diagnostic tests recommended by WHO include biomarker-based point-of-care tests and molecular assays. All these tests are accurate and can provide initial results to guide treatment decisions within 48 hours of sample collection. Use of these tests will lead to major improvements in the early detection of TB and drug-resistant TB.
tuberculosis,WHO Tuberculosis Fact Sheet,https://www.who.int/news-room/fact-sheets/detail/tuberculosis,ok,2026-09-19T01:48:35.877169+00:00,Diagnosis,"A tuberculin skin test (TST), interferon gamma release assay (IGRA) or newer antigen-based skin test (TBST) can be used to identify people with TB infection. The results from these TB infection tests are used to identify which individuals with a high risk of TB will benefit most from TB preventive treatment."
tuberculosis,WHO Tuberculosis Fact Sheet,https://www.who.int/news-room/fact-sheets/detail/tuberculosis,ok,2026-09-19T01:48:35.877169+00:00,Treatment,Tuberculosis disease is treated with special antibiotics. Treatment is recommended for both TB infection and disease.
tuberculosis,WHO Tuberculosis Fact Sheet,https://www.who.int/news-room/fact-sheets/detail/tuberculosis,ok,2026-09-19T01:48:35.877169+00:00,Treatment,The most common antibiotics used are:
tuberculosis,WHO Tuberculosis Fact Sheet,https://www.who.int/news-room/fact-sheets/detail/tuberculosis,ok,2026-09-19T01:48:35.877169+00:00,Treatment,"To be effective, medications need to be taken daily for 4–6 months. It is dangerous to stop the medications early or without medical advice as it can prompt TB bacteria in the body to become resistant to the antibiotics."
tuberculosis,WHO Tuberculosis Fact Sheet,https://www.who.int/news-room/fact-sheets/detail/tuberculosis,ok,2026-09-19T01:48:35.877169+00:00,Treatment,TB that doesn’t respond to standard drugs is called drug-resistant TB and requires treatment with different medicines.
typhoid fever,CDC Typhoid Symptoms,https://www.cdc.gov/typhoid-fever/signs-symptoms/index.html,ok,2026-09-19T01:48:36.660493+00:00,Signs and symptoms,Fever is common. The fever can be as high as 103–104°F (39–40°C). The fever usually lasts more than 3 days.
typhoid fever,CDC Typhoid Symptoms,https://www.cdc.gov/typhoid-fever/signs-symptoms/index.html,ok,2026-09-19T01:48:36.660493+00:00,Signs and symptoms,The fever can be as high as 103–104°F (39–40°C).
typhoid fever,CDC Typhoid Symptoms,https://www.cdc.gov/typhoid-fever/signs-symptoms/index.html,ok,2026-09-19T01:48:36.660493+00:00,Signs and symptoms,The fever usually lasts more than 3 days.
typhoid fever,CDC Typhoid Symptoms,https://www.cdc.gov/typhoid-fever/signs-symptoms/index.html,ok,2026-09-19T01:48:36.660493+00:00,Signs and symptoms,"People can have other symptoms, including: Weakness Stomach pain Headache Constipation or diarrhea Cough Loss of appetite"
typhoid fever,CDC Typhoid Symptoms,https://www.cdc.gov/typhoid-fever/signs-symptoms/index.html,ok,2026-09-19T01:48:36.660493+00:00,Signs and symptoms,Weakness
typhoid fever,CDC Typhoid Symptoms,https://www.cdc.gov/typhoid-fever/signs-symptoms/index.html,ok,2026-09-19T01:48:36.660493+00:00,Signs and symptoms,Stomach pain
typhoid fever,CDC Typhoid Symptoms,https://www.cdc.gov/typhoid-fever/signs-symptoms/index.html,ok,2026-09-19T01:48:36.660493+00:00,Signs and symptoms,Headache
typhoid fever,CDC Typhoid Symptoms,https://www.cdc.gov/typhoid-fever/signs-symptoms/index.html,ok,2026-09-19T01:48:36.660493+00:00,Signs and symptoms,Constipation or diarrhea
typhoid fever,CDC Typhoid Symptoms,https://www.cdc.gov/typhoid-fever/signs-symptoms/index.html,ok,2026-09-19T01:48:36.660493+00:00,Signs and symptoms,Cough
typhoid fever,CDC Typhoid Symptoms,https://www.cdc.gov/typhoid-fever/signs-symptoms/index.html,ok,2026-09-19T01:48:36.660493+00:00,Signs and symptoms,Loss of appetite
typhoid fever,CDC Typhoid Symptoms,https://www.cdc.gov/typhoid-fever/signs-symptoms/index.html,ok,2026-09-19T01:48:36.660493+00:00,Signs and symptoms,"Some people get a rash with flat, rose-colored spots."
typhoid fever,CDC Typhoid Symptoms,https://www.cdc.gov/typhoid-fever/signs-symptoms/index.html,ok,2026-09-19T01:48:36.660493+00:00,"The danger might not end, even if your symptoms go away.","If your symptoms go away without treatment, you might still carry the bacteria that made you sick and it can spread to others or cause your illness to return."
typhoid fever,WHO Typhoid Fact Sheet,https://www.who.int/news-room/fact-sheets/detail/typhoid,ok,2026-09-19T01:48:37.482164+00:00,Key facts,"Symptoms include prolonged fever, fatigue, headache, nausea, abdominal pain, and constipation or diarrhoea. Some patients may have a rash. Severe cases may lead to serious complications or even death."
typhoid fever,WHO Typhoid Fact Sheet,https://www.who.int/news-room/fact-sheets/detail/typhoid,ok,2026-09-19T01:48:37.482164+00:00,Key facts,Typhoid fever can be treated with antibiotics although increasing resistance to different types of antibiotics is making treatment more complicated.
typhoid fever,WHO Typhoid Fact Sheet,https://www.who.int/news-room/fact-sheets/detail/typhoid,ok,2026-09-19T01:48:37.482164+00:00,Key facts,The typhoid conjugate vaccine is recommended for use in children from 6 months of age and in adults up to 45 years or 65 years (depending on the vaccine).
typhoid fever,WHO Typhoid Fact Sheet,https://www.who.int/news-room/fact-sheets/detail/typhoid,ok,2026-09-19T01:48:37.482164+00:00,Key facts,Two typhoid conjugate vaccines have been prequalified by WHO since December 2017 and are being introduced into childhood immunization programmes in typhoid endemic countries.
typhoid fever,WHO Typhoid Fact Sheet,https://www.who.int/news-room/fact-sheets/detail/typhoid,ok,2026-09-19T01:48:37.482164+00:00,Overview,"Typhoid fever is a life-threatening infection caused by the bacterium Salmonella Typhi. It is usually spread through contaminated food or water. Once Salmonella Typhi bacteria are ingested, they multiply and spread into the bloodstream."
typhoid fever,WHO Typhoid Fact Sheet,https://www.who.int/news-room/fact-sheets/detail/typhoid,ok,2026-09-19T01:48:37.482164+00:00,Overview,"Urbanization and climate change have the potential to increase the global burden of typhoid. In addition, increasing resistance to antibiotic treatment is making it easier for typhoid to spread in communities that lack access to safe drinking water or adequate sanitation."
typhoid fever,WHO Typhoid Fact Sheet,https://www.who.int/news-room/fact-sheets/detail/typhoid,ok,2026-09-19T01:48:37.482164+00:00,Symptoms,"Salmonella Typhi lives only in humans. Persons with typhoid fever carry the bacteria in their bloodstream and intestinal tract. Symptoms include prolonged high fever, fatigue, headache, nausea, abdominal pain, and constipation or diarrhoea. Some patients may have a rash. Severe cases may lead to serious complications or even death. Typhoid fever can be confirmed through blood testing."
typhoid fever,WHO Typhoid Fact Sheet,https://www.who.int/news-room/fact-sheets/detail/typhoid,ok,2026-09-19T01:48:37.482164+00:00,Treatment,Typhoid fever can be treated with antibiotics. Antimicrobial resistance is common with likelihood of more complicated and expensive treatment options required in the most affected regions.
typhoid fever,WHO Typhoid Fact Sheet,https://www.who.int/news-room/fact-sheets/detail/typhoid,ok,2026-09-19T01:48:37.482164+00:00,Treatment,It is important for people being treated for typhoid fever to do the following:
typhoid fever,WHO Typhoid Fact Sheet,https://www.who.int/news-room/fact-sheets/detail/typhoid,ok,2026-09-19T01:48:37.482164+00:00,Treatment,Take prescribed antibiotics for as long as the doctor has prescribed.
typhoid fever,WHO Typhoid Fact Sheet,https://www.who.int/news-room/fact-sheets/detail/typhoid,ok,2026-09-19T01:48:37.482164+00:00,Prevention,"Typhoid fever is common in places with poor sanitation and a lack of safe drinking water. Access to safe water and adequate sanitation, hygiene among food handlers and typhoid vaccination are all effective in preventing typhoid fever."
typhoid fever,WHO Typhoid Fact Sheet,https://www.who.int/news-room/fact-sheets/detail/typhoid,ok,2026-09-19T01:48:37.482164+00:00,Prevention,"Typhoid conjugate vaccine, consisting of the purified Vi antigen linked to a carrier protein, is given as a single injectable dose in children from 6 months of age and in adults up to 45 years or 65 years (depending on the vaccine)."
typhoid fever,WHO Typhoid Fact Sheet,https://www.who.int/news-room/fact-sheets/detail/typhoid,ok,2026-09-19T01:48:37.482164+00:00,Prevention,"Two additional vaccines have been used for many years in older children and adults at risk of typhoid, including travellers. These vaccines do not provide long-lasting immunity (requiring repeat or booster doses) and are not approved for children younger than 2 years old:"
typhoid fever,WHO Typhoid Fact Sheet,https://www.who.int/news-room/fact-sheets/detail/typhoid,ok,2026-09-19T01:48:37.482164+00:00,Prevention,an injectable vaccine based on the purified antigen for people aged 2 years and above; and
typhoid fever,WHO Typhoid Fact Sheet,https://www.who.int/news-room/fact-sheets/detail/typhoid,ok,2026-09-19T01:48:37.482164+00:00,Prevention,a live attenuated oral vaccine in capsule formulation for people aged over 6 years.
typhoid fever,WHO Typhoid Fact Sheet,https://www.who.int/news-room/fact-sheets/detail/typhoid,ok,2026-09-19T01:48:37.482164+00:00,Prevention,Two typhoid conjugate vaccines have been prequalified by WHO since December 2017 and are being introduced into childhood immunization programmes in typhoid endemic countries.
typhoid fever,WHO Typhoid Fact Sheet,https://www.who.int/news-room/fact-sheets/detail/typhoid,ok,2026-09-19T01:48:37.482164+00:00,Prevention,"All travellers to endemic areas are at potential risk of typhoid fever, although the risk is generally low in tourist and business centres where standards of accommodation, sanitation and food hygiene are high. Typhoid fever vaccination should be offered to travellers to destinations where the risk of typhoid fever is high."
