row_id,text,disease,provenance,derived_from,group_id,symptom_terms,source_name,source_url,source_section,source_quote,source_fetched_at,source_note
cholera-para-001,"my child has feeling dehydrated, a racing heartbeat, a dry mouth, throwing up, diarrhea and low blood pressure",cholera,paraphrase,cholera-src-002,cholera-src-002,dehydration|diarrhea|dry mouth|fast heart rate|low blood pressure|vomiting,CDC Cholera Signs and Symptoms,https://www.cdc.gov/cholera/signs-symptoms/index.html,Later symptoms,"Losing body fluids quickly from diarrhea and vomiting can cause dehydration. Patients with severe cholera may have lost more than 10% of body weight by the time they seek medical care. If untreated, severe dehydration can lead to kidney failure, shock, coma, and death. Symptoms of dehydration include: Rapid heart rate Loss of elasticity in the skin Dry mucous membranes Low blood pressure With early and proper treatment, even people with severe cholera can survive.",2026-09-19T01:48:23.123096+00:00,"Wording variant of cholera-src-002. Same symptom set, patient-voice phrasing and synonyms only; no clinical content added."
cholera-para-002,"came in complaining of a dry mouth, low blood pressure, dehydration and a racing heartbeat",cholera,paraphrase,cholera-comb-001,cholera-comb-001,dehydration|dry mouth|fast heart rate|low blood pressure,CDC Cholera Signs and Symptoms,https://www.cdc.gov/cholera/signs-symptoms/index.html,Later symptoms,"Losing body fluids quickly from diarrhea and vomiting can cause dehydration. Patients with severe cholera may have lost more than 10% of body weight by the time they seek medical care. If untreated, severe dehydration can lead to kidney failure, shock, coma, and death. Symptoms of dehydration include: Rapid heart rate Loss of elasticity in the skin Dry mucous membranes Low blood pressure With early and proper treatment, even people with severe cholera can survive.",2026-09-19T01:48:23.123096+00:00,"Wording variant of cholera-comb-001. Same symptom set, patient-voice phrasing and synonyms only; no clinical content added."
cholera-para-003,"i have had low blood pressure, a fast heart rate and vomiting for the last few days",cholera,paraphrase,cholera-comb-002,cholera-comb-002,fast heart rate|low blood pressure|vomiting,CDC Cholera Signs and Symptoms,https://www.cdc.gov/cholera/signs-symptoms/index.html,Later symptoms,"Losing body fluids quickly from diarrhea and vomiting can cause dehydration. Patients with severe cholera may have lost more than 10% of body weight by the time they seek medical care. If untreated, severe dehydration can lead to kidney failure, shock, coma, and death. Symptoms of dehydration include: Rapid heart rate Loss of elasticity in the skin Dry mucous membranes Low blood pressure With early and proper treatment, even people with severe cholera can survive.",2026-09-19T01:48:23.123096+00:00,"Wording variant of cholera-comb-002. Same symptom set, patient-voice phrasing and synonyms only; no clinical content added."
cholera-para-004,"she has had vomiting, cramps and feeling irritable since yesterday",cholera,paraphrase,cholera-comb-003,cholera-comb-003,irritability|muscle cramps|vomiting,CDC Cholera Signs and Symptoms,https://www.cdc.gov/cholera/signs-symptoms/index.html,Early symptoms,"People with cholera often will have mild symptoms, or no symptoms at all, and get better on their own. About 1 in 10 people will develop severe symptoms that can be life-threatening. Early symptoms of cholera include: Watery diarrhea, sometimes described as ""rice-water stools"" because they are milky white Vomiting Leg cramps Restlessness or irritability Symptoms usually appear 2-3 days after someone drinks or eats something containing cholera bacteria. Symptoms can show up within a few hours or up to 5 days. During a cholera outbreak, people with acute watery diarrhea (3 or more loose stools a day) should seek care.",2026-09-19T01:48:23.123096+00:00,"Wording variant of cholera-comb-003. Same symptom set, patient-voice phrasing and synonyms only; no clinical content added."
cholera-para-005,"he has a dry mouth, feeling dehydrated, loose stools and low blood pressure",cholera,paraphrase,cholera-comb-004,cholera-comb-004,dehydration|diarrhea|dry mouth|low blood pressure,CDC Cholera Signs and Symptoms,https://www.cdc.gov/cholera/signs-symptoms/index.html,Later symptoms,"Losing body fluids quickly from diarrhea and vomiting can cause dehydration. Patients with severe cholera may have lost more than 10% of body weight by the time they seek medical care. If untreated, severe dehydration can lead to kidney failure, shock, coma, and death. Symptoms of dehydration include: Rapid heart rate Loss of elasticity in the skin Dry mucous membranes Low blood pressure With early and proper treatment, even people with severe cholera can survive.",2026-09-19T01:48:23.123096+00:00,"Wording variant of cholera-comb-004. Same symptom set, patient-voice phrasing and synonyms only; no clinical content added."
cholera-para-006,"i am experiencing diarrhea, being sick and a racing heartbeat",cholera,paraphrase,cholera-comb-005,cholera-comb-005,diarrhea|fast heart rate|vomiting,CDC Cholera Signs and Symptoms,https://www.cdc.gov/cholera/signs-symptoms/index.html,Later symptoms,"Losing body fluids quickly from diarrhea and vomiting can cause dehydration. Patients with severe cholera may have lost more than 10% of body weight by the time they seek medical care. If untreated, severe dehydration can lead to kidney failure, shock, coma, and death. Symptoms of dehydration include: Rapid heart rate Loss of elasticity in the skin Dry mucous membranes Low blood pressure With early and proper treatment, even people with severe cholera can survive.",2026-09-19T01:48:23.123096+00:00,"Wording variant of cholera-comb-005. Same symptom set, patient-voice phrasing and synonyms only; no clinical content added."
cholera-para-007,"irritability, loose stools and throwing up for the past two days",cholera,paraphrase,cholera-comb-006,cholera-comb-006,diarrhea|irritability|vomiting,CDC Cholera Signs and Symptoms,https://www.cdc.gov/cholera/signs-symptoms/index.html,Early symptoms,"People with cholera often will have mild symptoms, or no symptoms at all, and get better on their own. About 1 in 10 people will develop severe symptoms that can be life-threatening. Early symptoms of cholera include: Watery diarrhea, sometimes described as ""rice-water stools"" because they are milky white Vomiting Leg cramps Restlessness or irritability Symptoms usually appear 2-3 days after someone drinks or eats something containing cholera bacteria. Symptoms can show up within a few hours or up to 5 days. During a cholera outbreak, people with acute watery diarrhea (3 or more loose stools a day) should seek care.",2026-09-19T01:48:23.123096+00:00,"Wording variant of cholera-comb-006. Same symptom set, patient-voice phrasing and synonyms only; no clinical content added."
cholera-para-008,"i have had dehydration, a dry mouth, low blood pressure, vomiting and diarrhea since yesterday",cholera,paraphrase,cholera-comb-007,cholera-comb-007,dehydration|diarrhea|dry mouth|low blood pressure|vomiting,CDC Cholera Signs and Symptoms,https://www.cdc.gov/cholera/signs-symptoms/index.html,Later symptoms,"Losing body fluids quickly from diarrhea and vomiting can cause dehydration. Patients with severe cholera may have lost more than 10% of body weight by the time they seek medical care. If untreated, severe dehydration can lead to kidney failure, shock, coma, and death. Symptoms of dehydration include: Rapid heart rate Loss of elasticity in the skin Dry mucous membranes Low blood pressure With early and proper treatment, even people with severe cholera can survive.",2026-09-19T01:48:23.123096+00:00,"Wording variant of cholera-comb-007. Same symptom set, patient-voice phrasing and synonyms only; no clinical content added."
cholera-para-009,"low blood pressure, a fast heart rate, a dry mouth and loose stools for the last few days",cholera,paraphrase,cholera-comb-008,cholera-comb-008,diarrhea|dry mouth|fast heart rate|low blood pressure,CDC Cholera Signs and Symptoms,https://www.cdc.gov/cholera/signs-symptoms/index.html,Later symptoms,"Losing body fluids quickly from diarrhea and vomiting can cause dehydration. Patients with severe cholera may have lost more than 10% of body weight by the time they seek medical care. If untreated, severe dehydration can lead to kidney failure, shock, coma, and death. Symptoms of dehydration include: Rapid heart rate Loss of elasticity in the skin Dry mucous membranes Low blood pressure With early and proper treatment, even people with severe cholera can survive.",2026-09-19T01:48:23.123096+00:00,"Wording variant of cholera-comb-008. Same symptom set, patient-voice phrasing and synonyms only; no clinical content added."
cholera-para-010,"patient reports low blood pressure, a fast heart rate, dehydration, a dry mouth and loose stools",cholera,paraphrase,cholera-comb-009,cholera-comb-009,dehydration|diarrhea|dry mouth|fast heart rate|low blood pressure,CDC Cholera Signs and Symptoms,https://www.cdc.gov/cholera/signs-symptoms/index.html,Later symptoms,"Losing body fluids quickly from diarrhea and vomiting can cause dehydration. Patients with severe cholera may have lost more than 10% of body weight by the time they seek medical care. If untreated, severe dehydration can lead to kidney failure, shock, coma, and death. Symptoms of dehydration include: Rapid heart rate Loss of elasticity in the skin Dry mucous membranes Low blood pressure With early and proper treatment, even people with severe cholera can survive.",2026-09-19T01:48:23.123096+00:00,"Wording variant of cholera-comb-009. Same symptom set, patient-voice phrasing and synonyms only; no clinical content added."
cholera-para-011,"my symptoms are throwing up, a racing heartbeat and feeling dehydrated",cholera,paraphrase,cholera-comb-010,cholera-comb-010,dehydration|fast heart rate|vomiting,CDC Cholera Signs and Symptoms,https://www.cdc.gov/cholera/signs-symptoms/index.html,Later symptoms,"Losing body fluids quickly from diarrhea and vomiting can cause dehydration. Patients with severe cholera may have lost more than 10% of body weight by the time they seek medical care. If untreated, severe dehydration can lead to kidney failure, shock, coma, and death. Symptoms of dehydration include: Rapid heart rate Loss of elasticity in the skin Dry mucous membranes Low blood pressure With early and proper treatment, even people with severe cholera can survive.",2026-09-19T01:48:23.123096+00:00,"Wording variant of cholera-comb-010. Same symptom set, patient-voice phrasing and synonyms only; no clinical content added."
cholera-para-012,"i have been having diarrhea, a racing heartbeat, dehydration, being sick and low blood pressure for about a week",cholera,paraphrase,cholera-comb-011,cholera-comb-011,dehydration|diarrhea|fast heart rate|low blood pressure|vomiting,CDC Cholera Signs and Symptoms,https://www.cdc.gov/cholera/signs-symptoms/index.html,Later symptoms,"Losing body fluids quickly from diarrhea and vomiting can cause dehydration. Patients with severe cholera may have lost more than 10% of body weight by the time they seek medical care. If untreated, severe dehydration can lead to kidney failure, shock, coma, and death. Symptoms of dehydration include: Rapid heart rate Loss of elasticity in the skin Dry mucous membranes Low blood pressure With early and proper treatment, even people with severe cholera can survive.",2026-09-19T01:48:23.123096+00:00,"Wording variant of cholera-comb-011. Same symptom set, patient-voice phrasing and synonyms only; no clinical content added."
cholera-para-013,"i am experiencing a dry mouth, loose stools, vomiting, dehydration and a fast heart rate",cholera,paraphrase,cholera-comb-012,cholera-comb-012,dehydration|diarrhea|dry mouth|fast heart rate|vomiting,CDC Cholera Signs and Symptoms,https://www.cdc.gov/cholera/signs-symptoms/index.html,Later symptoms,"Losing body fluids quickly from diarrhea and vomiting can cause dehydration. Patients with severe cholera may have lost more than 10% of body weight by the time they seek medical care. If untreated, severe dehydration can lead to kidney failure, shock, coma, and death. Symptoms of dehydration include: Rapid heart rate Loss of elasticity in the skin Dry mucous membranes Low blood pressure With early and proper treatment, even people with severe cholera can survive.",2026-09-19T01:48:23.123096+00:00,"Wording variant of cholera-comb-012. Same symptom set, patient-voice phrasing and synonyms only; no clinical content added."
cholera-para-014,"i started with a dry mouth, throwing up and dehydration for several days now",cholera,paraphrase,cholera-comb-013,cholera-comb-013,dehydration|dry mouth|vomiting,CDC Cholera Signs and Symptoms,https://www.cdc.gov/cholera/signs-symptoms/index.html,Later symptoms,"Losing body fluids quickly from diarrhea and vomiting can cause dehydration. Patients with severe cholera may have lost more than 10% of body weight by the time they seek medical care. If untreated, severe dehydration can lead to kidney failure, shock, coma, and death. Symptoms of dehydration include: Rapid heart rate Loss of elasticity in the skin Dry mucous membranes Low blood pressure With early and proper treatment, even people with severe cholera can survive.",2026-09-19T01:48:23.123096+00:00,"Wording variant of cholera-comb-013. Same symptom set, patient-voice phrasing and synonyms only; no clinical content added."
cholera-para-015,"i have diarrhea, feeling dehydrated and a fast heart rate",cholera,paraphrase,cholera-comb-014,cholera-comb-014,dehydration|diarrhea|fast heart rate,CDC Cholera Signs and Symptoms,https://www.cdc.gov/cholera/signs-symptoms/index.html,Later symptoms,"Losing body fluids quickly from diarrhea and vomiting can cause dehydration. Patients with severe cholera may have lost more than 10% of body weight by the time they seek medical care. If untreated, severe dehydration can lead to kidney failure, shock, coma, and death. Symptoms of dehydration include: Rapid heart rate Loss of elasticity in the skin Dry mucous membranes Low blood pressure With early and proper treatment, even people with severe cholera can survive.",2026-09-19T01:48:23.123096+00:00,"Wording variant of cholera-comb-014. Same symptom set, patient-voice phrasing and synonyms only; no clinical content added."
cholera-para-016,"i have been having low blood pressure, a dry mouth, feeling dehydrated, throwing up and a racing heartbeat for about a week",cholera,paraphrase,cholera-comb-015,cholera-comb-015,dehydration|dry mouth|fast heart rate|low blood pressure|vomiting,CDC Cholera Signs and Symptoms,https://www.cdc.gov/cholera/signs-symptoms/index.html,Later symptoms,"Losing body fluids quickly from diarrhea and vomiting can cause dehydration. Patients with severe cholera may have lost more than 10% of body weight by the time they seek medical care. If untreated, severe dehydration can lead to kidney failure, shock, coma, and death. Symptoms of dehydration include: Rapid heart rate Loss of elasticity in the skin Dry mucous membranes Low blood pressure With early and proper treatment, even people with severe cholera can survive.",2026-09-19T01:48:23.123096+00:00,"Wording variant of cholera-comb-015. Same symptom set, patient-voice phrasing and synonyms only; no clinical content added."
cholera-para-017,"came in complaining of loose stools, leg cramps and throwing up",cholera,paraphrase,cholera-comb-016,cholera-comb-016,diarrhea|muscle cramps|vomiting,CDC Cholera Signs and Symptoms,https://www.cdc.gov/cholera/signs-symptoms/index.html,Early symptoms,"People with cholera often will have mild symptoms, or no symptoms at all, and get better on their own. About 1 in 10 people will develop severe symptoms that can be life-threatening. Early symptoms of cholera include: Watery diarrhea, sometimes described as ""rice-water stools"" because they are milky white Vomiting Leg cramps Restlessness or irritability Symptoms usually appear 2-3 days after someone drinks or eats something containing cholera bacteria. Symptoms can show up within a few hours or up to 5 days. During a cholera outbreak, people with acute watery diarrhea (3 or more loose stools a day) should seek care.",2026-09-19T01:48:23.123096+00:00,"Wording variant of cholera-comb-016. Same symptom set, patient-voice phrasing and synonyms only; no clinical content added."
cholera-para-018,"i have been having diarrhea, being sick, feeling irritable and leg cramps for several days now",cholera,paraphrase,cholera-src-001,cholera-src-001,diarrhea|irritability|muscle cramps|vomiting,CDC Cholera Signs and Symptoms,https://www.cdc.gov/cholera/signs-symptoms/index.html,Early symptoms,"People with cholera often will have mild symptoms, or no symptoms at all, and get better on their own. About 1 in 10 people will develop severe symptoms that can be life-threatening. Early symptoms of cholera include: Watery diarrhea, sometimes described as ""rice-water stools"" because they are milky white Vomiting Leg cramps Restlessness or irritability Symptoms usually appear 2-3 days after someone drinks or eats something containing cholera bacteria. Symptoms can show up within a few hours or up to 5 days. During a cholera outbreak, people with acute watery diarrhea (3 or more loose stools a day) should seek care.",2026-09-19T01:48:23.123096+00:00,"Wording variant of cholera-src-001. Same symptom set, patient-voice phrasing and synonyms only; no clinical content added."
cholera-para-019,"i have a dry mouth, low blood pressure, diarrhea, throwing up, dehydration and a racing heartbeat",cholera,paraphrase,cholera-src-002,cholera-src-002,dehydration|diarrhea|dry mouth|fast heart rate|low blood pressure|vomiting,CDC Cholera Signs and Symptoms,https://www.cdc.gov/cholera/signs-symptoms/index.html,Later symptoms,"Losing body fluids quickly from diarrhea and vomiting can cause dehydration. Patients with severe cholera may have lost more than 10% of body weight by the time they seek medical care. If untreated, severe dehydration can lead to kidney failure, shock, coma, and death. Symptoms of dehydration include: Rapid heart rate Loss of elasticity in the skin Dry mucous membranes Low blood pressure With early and proper treatment, even people with severe cholera can survive.",2026-09-19T01:48:23.123096+00:00,"Wording variant of cholera-src-002. Same symptom set, patient-voice phrasing and synonyms only; no clinical content added."
cholera-para-020,"i started with dehydration, low blood pressure, a fast heart rate and a dry mouth for three days",cholera,paraphrase,cholera-comb-001,cholera-comb-001,dehydration|dry mouth|fast heart rate|low blood pressure,CDC Cholera Signs and Symptoms,https://www.cdc.gov/cholera/signs-symptoms/index.html,Later symptoms,"Losing body fluids quickly from diarrhea and vomiting can cause dehydration. Patients with severe cholera may have lost more than 10% of body weight by the time they seek medical care. If untreated, severe dehydration can lead to kidney failure, shock, coma, and death. Symptoms of dehydration include: Rapid heart rate Loss of elasticity in the skin Dry mucous membranes Low blood pressure With early and proper treatment, even people with severe cholera can survive.",2026-09-19T01:48:23.123096+00:00,"Wording variant of cholera-comb-001. Same symptom set, patient-voice phrasing and synonyms only; no clinical content added."
cholera-para-021,"my symptoms are low blood pressure, being sick and a racing heartbeat",cholera,paraphrase,cholera-comb-002,cholera-comb-002,fast heart rate|low blood pressure|vomiting,CDC Cholera Signs and Symptoms,https://www.cdc.gov/cholera/signs-symptoms/index.html,Later symptoms,"Losing body fluids quickly from diarrhea and vomiting can cause dehydration. Patients with severe cholera may have lost more than 10% of body weight by the time they seek medical care. If untreated, severe dehydration can lead to kidney failure, shock, coma, and death. Symptoms of dehydration include: Rapid heart rate Loss of elasticity in the skin Dry mucous membranes Low blood pressure With early and proper treatment, even people with severe cholera can survive.",2026-09-19T01:48:23.123096+00:00,"Wording variant of cholera-comb-002. Same symptom set, patient-voice phrasing and synonyms only; no clinical content added."
cholera-para-022,"i have leg cramps, vomiting and irritability",cholera,paraphrase,cholera-comb-003,cholera-comb-003,irritability|muscle cramps|vomiting,CDC Cholera Signs and Symptoms,https://www.cdc.gov/cholera/signs-symptoms/index.html,Early symptoms,"People with cholera often will have mild symptoms, or no symptoms at all, and get better on their own. About 1 in 10 people will develop severe symptoms that can be life-threatening. Early symptoms of cholera include: Watery diarrhea, sometimes described as ""rice-water stools"" because they are milky white Vomiting Leg cramps Restlessness or irritability Symptoms usually appear 2-3 days after someone drinks or eats something containing cholera bacteria. Symptoms can show up within a few hours or up to 5 days. During a cholera outbreak, people with acute watery diarrhea (3 or more loose stools a day) should seek care.",2026-09-19T01:48:23.123096+00:00,"Wording variant of cholera-comb-003. Same symptom set, patient-voice phrasing and synonyms only; no clinical content added."
cholera-para-023,"i started with feeling dehydrated, a dry mouth, loose stools and low blood pressure for the past two days",cholera,paraphrase,cholera-comb-004,cholera-comb-004,dehydration|diarrhea|dry mouth|low blood pressure,CDC Cholera Signs and Symptoms,https://www.cdc.gov/cholera/signs-symptoms/index.html,Later symptoms,"Losing body fluids quickly from diarrhea and vomiting can cause dehydration. Patients with severe cholera may have lost more than 10% of body weight by the time they seek medical care. If untreated, severe dehydration can lead to kidney failure, shock, coma, and death. Symptoms of dehydration include: Rapid heart rate Loss of elasticity in the skin Dry mucous membranes Low blood pressure With early and proper treatment, even people with severe cholera can survive.",2026-09-19T01:48:23.123096+00:00,"Wording variant of cholera-comb-004. Same symptom set, patient-voice phrasing and synonyms only; no clinical content added."
cholera-para-024,"patient reports a racing heartbeat, loose stools and throwing up",cholera,paraphrase,cholera-comb-005,cholera-comb-005,diarrhea|fast heart rate|vomiting,CDC Cholera Signs and Symptoms,https://www.cdc.gov/cholera/signs-symptoms/index.html,Later symptoms,"Losing body fluids quickly from diarrhea and vomiting can cause dehydration. Patients with severe cholera may have lost more than 10% of body weight by the time they seek medical care. If untreated, severe dehydration can lead to kidney failure, shock, coma, and death. Symptoms of dehydration include: Rapid heart rate Loss of elasticity in the skin Dry mucous membranes Low blood pressure With early and proper treatment, even people with severe cholera can survive.",2026-09-19T01:48:23.123096+00:00,"Wording variant of cholera-comb-005. Same symptom set, patient-voice phrasing and synonyms only; no clinical content added."
cholera-para-025,"throwing up, irritability and loose stools for the last few days",cholera,paraphrase,cholera-comb-006,cholera-comb-006,diarrhea|irritability|vomiting,CDC Cholera Signs and Symptoms,https://www.cdc.gov/cholera/signs-symptoms/index.html,Early symptoms,"People with cholera often will have mild symptoms, or no symptoms at all, and get better on their own. About 1 in 10 people will develop severe symptoms that can be life-threatening. Early symptoms of cholera include: Watery diarrhea, sometimes described as ""rice-water stools"" because they are milky white Vomiting Leg cramps Restlessness or irritability Symptoms usually appear 2-3 days after someone drinks or eats something containing cholera bacteria. Symptoms can show up within a few hours or up to 5 days. During a cholera outbreak, people with acute watery diarrhea (3 or more loose stools a day) should seek care.",2026-09-19T01:48:23.123096+00:00,"Wording variant of cholera-comb-006. Same symptom set, patient-voice phrasing and synonyms only; no clinical content added."
cholera-para-026,"i have had low blood pressure, a dry mouth, throwing up, feeling dehydrated and loose stools for several days now",cholera,paraphrase,cholera-comb-007,cholera-comb-007,dehydration|diarrhea|dry mouth|low blood pressure|vomiting,CDC Cholera Signs and Symptoms,https://www.cdc.gov/cholera/signs-symptoms/index.html,Later symptoms,"Losing body fluids quickly from diarrhea and vomiting can cause dehydration. Patients with severe cholera may have lost more than 10% of body weight by the time they seek medical care. If untreated, severe dehydration can lead to kidney failure, shock, coma, and death. Symptoms of dehydration include: Rapid heart rate Loss of elasticity in the skin Dry mucous membranes Low blood pressure With early and proper treatment, even people with severe cholera can survive.",2026-09-19T01:48:23.123096+00:00,"Wording variant of cholera-comb-007. Same symptom set, patient-voice phrasing and synonyms only; no clinical content added."
cholera-src-001,vomiting leg cramps restlessness or irritability acute watery diarrhea,cholera,source,,cholera-src-001,diarrhea|irritability|muscle cramps|vomiting,CDC Cholera Signs and Symptoms,https://www.cdc.gov/cholera/signs-symptoms/index.html,Early symptoms,"People with cholera often will have mild symptoms, or no symptoms at all, and get better on their own. About 1 in 10 people will develop severe symptoms that can be life-threatening. Early symptoms of cholera include: Watery diarrhea, sometimes described as ""rice-water stools"" because they are milky white Vomiting Leg cramps Restlessness or irritability Symptoms usually appear 2-3 days after someone drinks or eats something containing cholera bacteria. Symptoms can show up within a few hours or up to 5 days. During a cholera outbreak, people with acute watery diarrhea (3 or more loose stools a day) should seek care.",2026-09-19T01:48:23.123096+00:00,"Full symptom set attested by the 'Early symptoms' section of CDC Cholera Signs and Symptoms, in the order the passage lists them."
cholera-src-002,diarrhea vomiting severe dehydration rapid heart rate dry mucous membranes low blood pressure,cholera,source,,cholera-src-002,dehydration|diarrhea|dry mouth|fast heart rate|low blood pressure|vomiting,CDC Cholera Signs and Symptoms,https://www.cdc.gov/cholera/signs-symptoms/index.html,Later symptoms,"Losing body fluids quickly from diarrhea and vomiting can cause dehydration. Patients with severe cholera may have lost more than 10% of body weight by the time they seek medical care. If untreated, severe dehydration can lead to kidney failure, shock, coma, and death. Symptoms of dehydration include: Rapid heart rate Loss of elasticity in the skin Dry mucous membranes Low blood pressure With early and proper treatment, even people with severe cholera can survive.",2026-09-19T01:48:23.123096+00:00,"Full symptom set attested by the 'Later symptoms' section of CDC Cholera Signs and Symptoms, in the order the passage lists them."
cholera-comb-001,severe dehydration rapid heart rate dry mucous membranes low blood pressure,cholera,source_combination,,cholera-comb-001,dehydration|dry mouth|fast heart rate|low blood pressure,CDC Cholera Signs and Symptoms,https://www.cdc.gov/cholera/signs-symptoms/index.html,Later symptoms,"Losing body fluids quickly from diarrhea and vomiting can cause dehydration. Patients with severe cholera may have lost more than 10% of body weight by the time they seek medical care. If untreated, severe dehydration can lead to kidney failure, shock, coma, and death. Symptoms of dehydration include: Rapid heart rate Loss of elasticity in the skin Dry mucous membranes Low blood pressure With early and proper treatment, even people with severe cholera can survive.",2026-09-19T01:48:23.123096+00:00,Subset of the symptoms attested by the 'Later symptoms' section of CDC Cholera Signs and Symptoms. Every term appears in source_quote; the co-occurrence shown here is synthetic.
cholera-comb-002,vomiting rapid heart rate low blood pressure,cholera,source_combination,,cholera-comb-002,fast heart rate|low blood pressure|vomiting,CDC Cholera Signs and Symptoms,https://www.cdc.gov/cholera/signs-symptoms/index.html,Later symptoms,"Losing body fluids quickly from diarrhea and vomiting can cause dehydration. Patients with severe cholera may have lost more than 10% of body weight by the time they seek medical care. If untreated, severe dehydration can lead to kidney failure, shock, coma, and death. Symptoms of dehydration include: Rapid heart rate Loss of elasticity in the skin Dry mucous membranes Low blood pressure With early and proper treatment, even people with severe cholera can survive.",2026-09-19T01:48:23.123096+00:00,Subset of the symptoms attested by the 'Later symptoms' section of CDC Cholera Signs and Symptoms. Every term appears in source_quote; the co-occurrence shown here is synthetic.
cholera-comb-003,vomiting leg cramps restlessness or irritability,cholera,source_combination,,cholera-comb-003,irritability|muscle cramps|vomiting,CDC Cholera Signs and Symptoms,https://www.cdc.gov/cholera/signs-symptoms/index.html,Early symptoms,"People with cholera often will have mild symptoms, or no symptoms at all, and get better on their own. About 1 in 10 people will develop severe symptoms that can be life-threatening. Early symptoms of cholera include: Watery diarrhea, sometimes described as ""rice-water stools"" because they are milky white Vomiting Leg cramps Restlessness or irritability Symptoms usually appear 2-3 days after someone drinks or eats something containing cholera bacteria. Symptoms can show up within a few hours or up to 5 days. During a cholera outbreak, people with acute watery diarrhea (3 or more loose stools a day) should seek care.",2026-09-19T01:48:23.123096+00:00,Subset of the symptoms attested by the 'Early symptoms' section of CDC Cholera Signs and Symptoms. Every term appears in source_quote; the co-occurrence shown here is synthetic.
cholera-comb-004,diarrhea severe dehydration dry mucous membranes low blood pressure,cholera,source_combination,,cholera-comb-004,dehydration|diarrhea|dry mouth|low blood pressure,CDC Cholera Signs and Symptoms,https://www.cdc.gov/cholera/signs-symptoms/index.html,Later symptoms,"Losing body fluids quickly from diarrhea and vomiting can cause dehydration. Patients with severe cholera may have lost more than 10% of body weight by the time they seek medical care. If untreated, severe dehydration can lead to kidney failure, shock, coma, and death. Symptoms of dehydration include: Rapid heart rate Loss of elasticity in the skin Dry mucous membranes Low blood pressure With early and proper treatment, even people with severe cholera can survive.",2026-09-19T01:48:23.123096+00:00,Subset of the symptoms attested by the 'Later symptoms' section of CDC Cholera Signs and Symptoms. Every term appears in source_quote; the co-occurrence shown here is synthetic.
cholera-comb-005,diarrhea vomiting rapid heart rate,cholera,source_combination,,cholera-comb-005,diarrhea|fast heart rate|vomiting,CDC Cholera Signs and Symptoms,https://www.cdc.gov/cholera/signs-symptoms/index.html,Later symptoms,"Losing body fluids quickly from diarrhea and vomiting can cause dehydration. Patients with severe cholera may have lost more than 10% of body weight by the time they seek medical care. If untreated, severe dehydration can lead to kidney failure, shock, coma, and death. Symptoms of dehydration include: Rapid heart rate Loss of elasticity in the skin Dry mucous membranes Low blood pressure With early and proper treatment, even people with severe cholera can survive.",2026-09-19T01:48:23.123096+00:00,Subset of the symptoms attested by the 'Later symptoms' section of CDC Cholera Signs and Symptoms. Every term appears in source_quote; the co-occurrence shown here is synthetic.
cholera-comb-006,vomiting restlessness or irritability acute watery diarrhea,cholera,source_combination,,cholera-comb-006,diarrhea|irritability|vomiting,CDC Cholera Signs and Symptoms,https://www.cdc.gov/cholera/signs-symptoms/index.html,Early symptoms,"People with cholera often will have mild symptoms, or no symptoms at all, and get better on their own. About 1 in 10 people will develop severe symptoms that can be life-threatening. Early symptoms of cholera include: Watery diarrhea, sometimes described as ""rice-water stools"" because they are milky white Vomiting Leg cramps Restlessness or irritability Symptoms usually appear 2-3 days after someone drinks or eats something containing cholera bacteria. Symptoms can show up within a few hours or up to 5 days. During a cholera outbreak, people with acute watery diarrhea (3 or more loose stools a day) should seek care.",2026-09-19T01:48:23.123096+00:00,Subset of the symptoms attested by the 'Early symptoms' section of CDC Cholera Signs and Symptoms. Every term appears in source_quote; the co-occurrence shown here is synthetic.
cholera-comb-007,diarrhea vomiting severe dehydration dry mucous membranes low blood pressure,cholera,source_combination,,cholera-comb-007,dehydration|diarrhea|dry mouth|low blood pressure|vomiting,CDC Cholera Signs and Symptoms,https://www.cdc.gov/cholera/signs-symptoms/index.html,Later symptoms,"Losing body fluids quickly from diarrhea and vomiting can cause dehydration. Patients with severe cholera may have lost more than 10% of body weight by the time they seek medical care. If untreated, severe dehydration can lead to kidney failure, shock, coma, and death. Symptoms of dehydration include: Rapid heart rate Loss of elasticity in the skin Dry mucous membranes Low blood pressure With early and proper treatment, even people with severe cholera can survive.",2026-09-19T01:48:23.123096+00:00,Subset of the symptoms attested by the 'Later symptoms' section of CDC Cholera Signs and Symptoms. Every term appears in source_quote; the co-occurrence shown here is synthetic.
cholera-comb-008,diarrhea rapid heart rate dry mucous membranes low blood pressure,cholera,source_combination,,cholera-comb-008,diarrhea|dry mouth|fast heart rate|low blood pressure,CDC Cholera Signs and Symptoms,https://www.cdc.gov/cholera/signs-symptoms/index.html,Later symptoms,"Losing body fluids quickly from diarrhea and vomiting can cause dehydration. Patients with severe cholera may have lost more than 10% of body weight by the time they seek medical care. If untreated, severe dehydration can lead to kidney failure, shock, coma, and death. Symptoms of dehydration include: Rapid heart rate Loss of elasticity in the skin Dry mucous membranes Low blood pressure With early and proper treatment, even people with severe cholera can survive.",2026-09-19T01:48:23.123096+00:00,Subset of the symptoms attested by the 'Later symptoms' section of CDC Cholera Signs and Symptoms. Every term appears in source_quote; the co-occurrence shown here is synthetic.
cholera-comb-009,diarrhea severe dehydration rapid heart rate dry mucous membranes low blood pressure,cholera,source_combination,,cholera-comb-009,dehydration|diarrhea|dry mouth|fast heart rate|low blood pressure,CDC Cholera Signs and Symptoms,https://www.cdc.gov/cholera/signs-symptoms/index.html,Later symptoms,"Losing body fluids quickly from diarrhea and vomiting can cause dehydration. Patients with severe cholera may have lost more than 10% of body weight by the time they seek medical care. If untreated, severe dehydration can lead to kidney failure, shock, coma, and death. Symptoms of dehydration include: Rapid heart rate Loss of elasticity in the skin Dry mucous membranes Low blood pressure With early and proper treatment, even people with severe cholera can survive.",2026-09-19T01:48:23.123096+00:00,Subset of the symptoms attested by the 'Later symptoms' section of CDC Cholera Signs and Symptoms. Every term appears in source_quote; the co-occurrence shown here is synthetic.
cholera-comb-010,vomiting severe dehydration rapid heart rate,cholera,source_combination,,cholera-comb-010,dehydration|fast heart rate|vomiting,CDC Cholera Signs and Symptoms,https://www.cdc.gov/cholera/signs-symptoms/index.html,Later symptoms,"Losing body fluids quickly from diarrhea and vomiting can cause dehydration. Patients with severe cholera may have lost more than 10% of body weight by the time they seek medical care. If untreated, severe dehydration can lead to kidney failure, shock, coma, and death. Symptoms of dehydration include: Rapid heart rate Loss of elasticity in the skin Dry mucous membranes Low blood pressure With early and proper treatment, even people with severe cholera can survive.",2026-09-19T01:48:23.123096+00:00,Subset of the symptoms attested by the 'Later symptoms' section of CDC Cholera Signs and Symptoms. Every term appears in source_quote; the co-occurrence shown here is synthetic.
cholera-comb-011,diarrhea vomiting severe dehydration rapid heart rate low blood pressure,cholera,source_combination,,cholera-comb-011,dehydration|diarrhea|fast heart rate|low blood pressure|vomiting,CDC Cholera Signs and Symptoms,https://www.cdc.gov/cholera/signs-symptoms/index.html,Later symptoms,"Losing body fluids quickly from diarrhea and vomiting can cause dehydration. Patients with severe cholera may have lost more than 10% of body weight by the time they seek medical care. If untreated, severe dehydration can lead to kidney failure, shock, coma, and death. Symptoms of dehydration include: Rapid heart rate Loss of elasticity in the skin Dry mucous membranes Low blood pressure With early and proper treatment, even people with severe cholera can survive.",2026-09-19T01:48:23.123096+00:00,Subset of the symptoms attested by the 'Later symptoms' section of CDC Cholera Signs and Symptoms. Every term appears in source_quote; the co-occurrence shown here is synthetic.
cholera-comb-012,diarrhea vomiting severe dehydration rapid heart rate dry mucous membranes,cholera,source_combination,,cholera-comb-012,dehydration|diarrhea|dry mouth|fast heart rate|vomiting,CDC Cholera Signs and Symptoms,https://www.cdc.gov/cholera/signs-symptoms/index.html,Later symptoms,"Losing body fluids quickly from diarrhea and vomiting can cause dehydration. Patients with severe cholera may have lost more than 10% of body weight by the time they seek medical care. If untreated, severe dehydration can lead to kidney failure, shock, coma, and death. Symptoms of dehydration include: Rapid heart rate Loss of elasticity in the skin Dry mucous membranes Low blood pressure With early and proper treatment, even people with severe cholera can survive.",2026-09-19T01:48:23.123096+00:00,Subset of the symptoms attested by the 'Later symptoms' section of CDC Cholera Signs and Symptoms. Every term appears in source_quote; the co-occurrence shown here is synthetic.
cholera-comb-013,vomiting severe dehydration dry mucous membranes,cholera,source_combination,,cholera-comb-013,dehydration|dry mouth|vomiting,CDC Cholera Signs and Symptoms,https://www.cdc.gov/cholera/signs-symptoms/index.html,Later symptoms,"Losing body fluids quickly from diarrhea and vomiting can cause dehydration. Patients with severe cholera may have lost more than 10% of body weight by the time they seek medical care. If untreated, severe dehydration can lead to kidney failure, shock, coma, and death. Symptoms of dehydration include: Rapid heart rate Loss of elasticity in the skin Dry mucous membranes Low blood pressure With early and proper treatment, even people with severe cholera can survive.",2026-09-19T01:48:23.123096+00:00,Subset of the symptoms attested by the 'Later symptoms' section of CDC Cholera Signs and Symptoms. Every term appears in source_quote; the co-occurrence shown here is synthetic.
cholera-comb-014,diarrhea severe dehydration rapid heart rate,cholera,source_combination,,cholera-comb-014,dehydration|diarrhea|fast heart rate,CDC Cholera Signs and Symptoms,https://www.cdc.gov/cholera/signs-symptoms/index.html,Later symptoms,"Losing body fluids quickly from diarrhea and vomiting can cause dehydration. Patients with severe cholera may have lost more than 10% of body weight by the time they seek medical care. If untreated, severe dehydration can lead to kidney failure, shock, coma, and death. Symptoms of dehydration include: Rapid heart rate Loss of elasticity in the skin Dry mucous membranes Low blood pressure With early and proper treatment, even people with severe cholera can survive.",2026-09-19T01:48:23.123096+00:00,Subset of the symptoms attested by the 'Later symptoms' section of CDC Cholera Signs and Symptoms. Every term appears in source_quote; the co-occurrence shown here is synthetic.
cholera-comb-015,vomiting severe dehydration rapid heart rate dry mucous membranes low blood pressure,cholera,source_combination,,cholera-comb-015,dehydration|dry mouth|fast heart rate|low blood pressure|vomiting,CDC Cholera Signs and Symptoms,https://www.cdc.gov/cholera/signs-symptoms/index.html,Later symptoms,"Losing body fluids quickly from diarrhea and vomiting can cause dehydration. Patients with severe cholera may have lost more than 10% of body weight by the time they seek medical care. If untreated, severe dehydration can lead to kidney failure, shock, coma, and death. Symptoms of dehydration include: Rapid heart rate Loss of elasticity in the skin Dry mucous membranes Low blood pressure With early and proper treatment, even people with severe cholera can survive.",2026-09-19T01:48:23.123096+00:00,Subset of the symptoms attested by the 'Later symptoms' section of CDC Cholera Signs and Symptoms. Every term appears in source_quote; the co-occurrence shown here is synthetic.
cholera-comb-016,vomiting leg cramps acute watery diarrhea,cholera,source_combination,,cholera-comb-016,diarrhea|muscle cramps|vomiting,CDC Cholera Signs and Symptoms,https://www.cdc.gov/cholera/signs-symptoms/index.html,Early symptoms,"People with cholera often will have mild symptoms, or no symptoms at all, and get better on their own. About 1 in 10 people will develop severe symptoms that can be life-threatening. Early symptoms of cholera include: Watery diarrhea, sometimes described as ""rice-water stools"" because they are milky white Vomiting Leg cramps Restlessness or irritability Symptoms usually appear 2-3 days after someone drinks or eats something containing cholera bacteria. Symptoms can show up within a few hours or up to 5 days. During a cholera outbreak, people with acute watery diarrhea (3 or more loose stools a day) should seek care.",2026-09-19T01:48:23.123096+00:00,Subset of the symptoms attested by the 'Early symptoms' section of CDC Cholera Signs and Symptoms. Every term appears in source_quote; the co-occurrence shown here is synthetic.
common-cold-para-001,"i have been having a sore throat, pain in my head and a stuffy nose for the last few days",common cold,paraphrase,common-cold-comb-001,common-cold-comb-001,headache|nasal congestion|sore throat,CDC Common Cold About,https://www.cdc.gov/common-cold/about/index.html,Signs and symptoms,The signs and symptoms of a cold usually peak within 2 to 3 days of infection and can include: Runny nose Nasal congestion Cough Sneezing Sore throat Headache Mild body aches Fever (usually low grade in older children and adults),2026-09-19T01:48:23.911847+00:00,"Wording variant of common-cold-comb-001. Same symptom set, patient-voice phrasing and synonyms only; no clinical content added."
common-cold-para-002,"she has had a sore throat, a stuffy nose and a fever for the last few days",common cold,paraphrase,common-cold-comb-002,common-cold-comb-002,fever|nasal congestion|sore throat,CDC Common Cold About,https://www.cdc.gov/common-cold/about/index.html,Signs and symptoms,The signs and symptoms of a cold usually peak within 2 to 3 days of infection and can include: Runny nose Nasal congestion Cough Sneezing Sore throat Headache Mild body aches Fever (usually low grade in older children and adults),2026-09-19T01:48:23.911847+00:00,"Wording variant of common-cold-comb-002. Same symptom set, patient-voice phrasing and synonyms only; no clinical content added."
common-cold-para-003,"i have had body aches, a sore throat, a high temperature, pain in my head and a nose that keeps running for several days now",common cold,paraphrase,common-cold-comb-003,common-cold-comb-003,body pain|fever|headache|runny nose|sore throat,CDC Common Cold About,https://www.cdc.gov/common-cold/about/index.html,Signs and symptoms,The signs and symptoms of a cold usually peak within 2 to 3 days of infection and can include: Runny nose Nasal congestion Cough Sneezing Sore throat Headache Mild body aches Fever (usually low grade in older children and adults),2026-09-19T01:48:23.911847+00:00,"Wording variant of common-cold-comb-003. Same symptom set, patient-voice phrasing and synonyms only; no clinical content added."
common-cold-para-004,"i have been having sneezing, a sore throat, aching all over and a nose that keeps running for several days now",common cold,paraphrase,common-cold-comb-004,common-cold-comb-004,body pain|runny nose|sneezing|sore throat,CDC Common Cold About,https://www.cdc.gov/common-cold/about/index.html,Signs and symptoms,The signs and symptoms of a cold usually peak within 2 to 3 days of infection and can include: Runny nose Nasal congestion Cough Sneezing Sore throat Headache Mild body aches Fever (usually low grade in older children and adults),2026-09-19T01:48:23.911847+00:00,"Wording variant of common-cold-comb-004. Same symptom set, patient-voice phrasing and synonyms only; no clinical content added."
common-cold-para-005,"patient reports pain in my head, coughing, feeling feverish, throat pain, sneezing a lot and a runny nose",common cold,paraphrase,common-cold-comb-005,common-cold-comb-005,cough|fever|headache|runny nose|sneezing|sore throat,CDC Common Cold About,https://www.cdc.gov/common-cold/about/index.html,Signs and symptoms,The signs and symptoms of a cold usually peak within 2 to 3 days of infection and can include: Runny nose Nasal congestion Cough Sneezing Sore throat Headache Mild body aches Fever (usually low grade in older children and adults),2026-09-19T01:48:23.911847+00:00,"Wording variant of common-cold-comb-005. Same symptom set, patient-voice phrasing and synonyms only; no clinical content added."
common-cold-para-006,"i started with coughing, a high temperature, throat pain and sneezing a lot for three days",common cold,paraphrase,common-cold-comb-006,common-cold-comb-006,cough|fever|sneezing|sore throat,CDC Common Cold About,https://www.cdc.gov/common-cold/about/index.html,Signs and symptoms,The signs and symptoms of a cold usually peak within 2 to 3 days of infection and can include: Runny nose Nasal congestion Cough Sneezing Sore throat Headache Mild body aches Fever (usually low grade in older children and adults),2026-09-19T01:48:23.911847+00:00,"Wording variant of common-cold-comb-006. Same symptom set, patient-voice phrasing and synonyms only; no clinical content added."
common-cold-para-007,"i am experiencing nasal congestion, coughing and a nose that keeps running",common cold,paraphrase,common-cold-comb-007,common-cold-comb-007,cough|nasal congestion|runny nose,CDC Common Cold About,https://www.cdc.gov/common-cold/about/index.html,Signs and symptoms,The signs and symptoms of a cold usually peak within 2 to 3 days of infection and can include: Runny nose Nasal congestion Cough Sneezing Sore throat Headache Mild body aches Fever (usually low grade in older children and adults),2026-09-19T01:48:23.911847+00:00,"Wording variant of common-cold-comb-007. Same symptom set, patient-voice phrasing and synonyms only; no clinical content added."
common-cold-para-008,"he has throat pain, a high temperature, body aches, pain in my head, sneezing and a stuffy nose",common cold,paraphrase,common-cold-comb-008,common-cold-comb-008,body pain|fever|headache|nasal congestion|sneezing|sore throat,CDC Common Cold About,https://www.cdc.gov/common-cold/about/index.html,Signs and symptoms,The signs and symptoms of a cold usually peak within 2 to 3 days of infection and can include: Runny nose Nasal congestion Cough Sneezing Sore throat Headache Mild body aches Fever (usually low grade in older children and adults),2026-09-19T01:48:23.911847+00:00,"Wording variant of common-cold-comb-008. Same symptom set, patient-voice phrasing and synonyms only; no clinical content added."
common-cold-para-009,"i have had sneezing, a nose that keeps running and a sore throat for the last few days",common cold,paraphrase,common-cold-comb-009,common-cold-comb-009,runny nose|sneezing|sore throat,CDC Common Cold About,https://www.cdc.gov/common-cold/about/index.html,Signs and symptoms,The signs and symptoms of a cold usually peak within 2 to 3 days of infection and can include: Runny nose Nasal congestion Cough Sneezing Sore throat Headache Mild body aches Fever (usually low grade in older children and adults),2026-09-19T01:48:23.911847+00:00,"Wording variant of common-cold-comb-009. Same symptom set, patient-voice phrasing and synonyms only; no clinical content added."
common-cold-para-010,"i have been having sneezing a lot, throat pain, a headache and body aches for the last few days",common cold,paraphrase,common-cold-comb-010,common-cold-comb-010,body pain|headache|sneezing|sore throat,CDC Common Cold About,https://www.cdc.gov/common-cold/about/index.html,Signs and symptoms,The signs and symptoms of a cold usually peak within 2 to 3 days of infection and can include: Runny nose Nasal congestion Cough Sneezing Sore throat Headache Mild body aches Fever (usually low grade in older children and adults),2026-09-19T01:48:23.911847+00:00,"Wording variant of common-cold-comb-010. Same symptom set, patient-voice phrasing and synonyms only; no clinical content added."
common-cold-para-011,"i am experiencing a sore throat, a fever, body aches, sneezing and coughing",common cold,paraphrase,common-cold-comb-011,common-cold-comb-011,body pain|cough|fever|sneezing|sore throat,CDC Common Cold About,https://www.cdc.gov/common-cold/about/index.html,Signs and symptoms,The signs and symptoms of a cold usually peak within 2 to 3 days of infection and can include: Runny nose Nasal congestion Cough Sneezing Sore throat Headache Mild body aches Fever (usually low grade in older children and adults),2026-09-19T01:48:23.911847+00:00,"Wording variant of common-cold-comb-011. Same symptom set, patient-voice phrasing and synonyms only; no clinical content added."
common-cold-para-012,"i have been having body aches, a runny nose, pain in my head and a high temperature for about a week",common cold,paraphrase,common-cold-comb-012,common-cold-comb-012,body pain|fever|headache|runny nose,CDC Common Cold About,https://www.cdc.gov/common-cold/about/index.html,Signs and symptoms,The signs and symptoms of a cold usually peak within 2 to 3 days of infection and can include: Runny nose Nasal congestion Cough Sneezing Sore throat Headache Mild body aches Fever (usually low grade in older children and adults),2026-09-19T01:48:23.911847+00:00,"Wording variant of common-cold-comb-012. Same symptom set, patient-voice phrasing and synonyms only; no clinical content added."
common-cold-para-013,"i have a high temperature, body aches, nasal congestion and sneezing a lot",common cold,paraphrase,common-cold-comb-013,common-cold-comb-013,body pain|fever|nasal congestion|sneezing,CDC Common Cold About,https://www.cdc.gov/common-cold/about/index.html,Signs and symptoms,The signs and symptoms of a cold usually peak within 2 to 3 days of infection and can include: Runny nose Nasal congestion Cough Sneezing Sore throat Headache Mild body aches Fever (usually low grade in older children and adults),2026-09-19T01:48:23.911847+00:00,"Wording variant of common-cold-comb-013. Same symptom set, patient-voice phrasing and synonyms only; no clinical content added."
common-cold-para-014,"aching all over, a sore throat, sneezing a lot, a fever, a blocked nose and a runny nose for the last few days",common cold,paraphrase,common-cold-comb-014,common-cold-comb-014,body pain|fever|nasal congestion|runny nose|sneezing|sore throat,CDC Common Cold About,https://www.cdc.gov/common-cold/about/index.html,Signs and symptoms,The signs and symptoms of a cold usually peak within 2 to 3 days of infection and can include: Runny nose Nasal congestion Cough Sneezing Sore throat Headache Mild body aches Fever (usually low grade in older children and adults),2026-09-19T01:48:23.911847+00:00,"Wording variant of common-cold-comb-014. Same symptom set, patient-voice phrasing and synonyms only; no clinical content added."
common-cold-para-015,"nasal congestion, a sore throat, sneezing a lot, a runny nose and a cough for the past two days",common cold,paraphrase,common-cold-comb-015,common-cold-comb-015,cough|nasal congestion|runny nose|sneezing|sore throat,CDC Common Cold About,https://www.cdc.gov/common-cold/about/index.html,Signs and symptoms,The signs and symptoms of a cold usually peak within 2 to 3 days of infection and can include: Runny nose Nasal congestion Cough Sneezing Sore throat Headache Mild body aches Fever (usually low grade in older children and adults),2026-09-19T01:48:23.911847+00:00,"Wording variant of common-cold-comb-015. Same symptom set, patient-voice phrasing and synonyms only; no clinical content added."
common-cold-para-016,"my symptoms are coughing, a stuffy nose, a sore throat, aching all over, a high temperature and a nose that keeps running",common cold,paraphrase,common-cold-comb-016,common-cold-comb-016,body pain|cough|fever|nasal congestion|runny nose|sore throat,CDC Common Cold About,https://www.cdc.gov/common-cold/about/index.html,Signs and symptoms,The signs and symptoms of a cold usually peak within 2 to 3 days of infection and can include: Runny nose Nasal congestion Cough Sneezing Sore throat Headache Mild body aches Fever (usually low grade in older children and adults),2026-09-19T01:48:23.911847+00:00,"Wording variant of common-cold-comb-016. Same symptom set, patient-voice phrasing and synonyms only; no clinical content added."
common-cold-para-017,"patient reports coughing, a high temperature, a stuffy nose, a runny nose, throat pain, head pain, aching all over and sneezing",common cold,paraphrase,common-cold-src-001,common-cold-src-001,body pain|cough|fever|headache|nasal congestion|runny nose|sneezing|sore throat,CDC Common Cold About,https://www.cdc.gov/common-cold/about/index.html,Signs and symptoms,The signs and symptoms of a cold usually peak within 2 to 3 days of infection and can include: Runny nose Nasal congestion Cough Sneezing Sore throat Headache Mild body aches Fever (usually low grade in older children and adults),2026-09-19T01:48:23.911847+00:00,"Wording variant of common-cold-src-001. Same symptom set, patient-voice phrasing and synonyms only; no clinical content added."
common-cold-para-018,"i have pain in my head, a stuffy nose and a sore throat",common cold,paraphrase,common-cold-comb-001,common-cold-comb-001,headache|nasal congestion|sore throat,CDC Common Cold About,https://www.cdc.gov/common-cold/about/index.html,Signs and symptoms,The signs and symptoms of a cold usually peak within 2 to 3 days of infection and can include: Runny nose Nasal congestion Cough Sneezing Sore throat Headache Mild body aches Fever (usually low grade in older children and adults),2026-09-19T01:48:23.911847+00:00,"Wording variant of common-cold-comb-001. Same symptom set, patient-voice phrasing and synonyms only; no clinical content added."
common-cold-para-019,"patient reports a fever, a sore throat and nasal congestion",common cold,paraphrase,common-cold-comb-002,common-cold-comb-002,fever|nasal congestion|sore throat,CDC Common Cold About,https://www.cdc.gov/common-cold/about/index.html,Signs and symptoms,The signs and symptoms of a cold usually peak within 2 to 3 days of infection and can include: Runny nose Nasal congestion Cough Sneezing Sore throat Headache Mild body aches Fever (usually low grade in older children and adults),2026-09-19T01:48:23.911847+00:00,"Wording variant of common-cold-comb-002. Same symptom set, patient-voice phrasing and synonyms only; no clinical content added."
common-cold-para-020,"a sore throat, feeling feverish, body aches, a nose that keeps running and pain in my head for several days now",common cold,paraphrase,common-cold-comb-003,common-cold-comb-003,body pain|fever|headache|runny nose|sore throat,CDC Common Cold About,https://www.cdc.gov/common-cold/about/index.html,Signs and symptoms,The signs and symptoms of a cold usually peak within 2 to 3 days of infection and can include: Runny nose Nasal congestion Cough Sneezing Sore throat Headache Mild body aches Fever (usually low grade in older children and adults),2026-09-19T01:48:23.911847+00:00,"Wording variant of common-cold-comb-003. Same symptom set, patient-voice phrasing and synonyms only; no clinical content added."
common-cold-para-021,"i started with aching all over, throat pain, a runny nose and sneezing a lot for about a week",common cold,paraphrase,common-cold-comb-004,common-cold-comb-004,body pain|runny nose|sneezing|sore throat,CDC Common Cold About,https://www.cdc.gov/common-cold/about/index.html,Signs and symptoms,The signs and symptoms of a cold usually peak within 2 to 3 days of infection and can include: Runny nose Nasal congestion Cough Sneezing Sore throat Headache Mild body aches Fever (usually low grade in older children and adults),2026-09-19T01:48:23.911847+00:00,"Wording variant of common-cold-comb-004. Same symptom set, patient-voice phrasing and synonyms only; no clinical content added."
common-cold-para-022,"i have been having sneezing, coughing, a fever, pain in my head, a nose that keeps running and throat pain for the last few days",common cold,paraphrase,common-cold-comb-005,common-cold-comb-005,cough|fever|headache|runny nose|sneezing|sore throat,CDC Common Cold About,https://www.cdc.gov/common-cold/about/index.html,Signs and symptoms,The signs and symptoms of a cold usually peak within 2 to 3 days of infection and can include: Runny nose Nasal congestion Cough Sneezing Sore throat Headache Mild body aches Fever (usually low grade in older children and adults),2026-09-19T01:48:23.911847+00:00,"Wording variant of common-cold-comb-005. Same symptom set, patient-voice phrasing and synonyms only; no clinical content added."
common-cold-para-023,"my child has coughing, throat pain, sneezing a lot and a fever",common cold,paraphrase,common-cold-comb-006,common-cold-comb-006,cough|fever|sneezing|sore throat,CDC Common Cold About,https://www.cdc.gov/common-cold/about/index.html,Signs and symptoms,The signs and symptoms of a cold usually peak within 2 to 3 days of infection and can include: Runny nose Nasal congestion Cough Sneezing Sore throat Headache Mild body aches Fever (usually low grade in older children and adults),2026-09-19T01:48:23.911847+00:00,"Wording variant of common-cold-comb-006. Same symptom set, patient-voice phrasing and synonyms only; no clinical content added."
common-cold-para-024,"i have been having a nose that keeps running, coughing and a blocked nose for about a week",common cold,paraphrase,common-cold-comb-007,common-cold-comb-007,cough|nasal congestion|runny nose,CDC Common Cold About,https://www.cdc.gov/common-cold/about/index.html,Signs and symptoms,The signs and symptoms of a cold usually peak within 2 to 3 days of infection and can include: Runny nose Nasal congestion Cough Sneezing Sore throat Headache Mild body aches Fever (usually low grade in older children and adults),2026-09-19T01:48:23.911847+00:00,"Wording variant of common-cold-comb-007. Same symptom set, patient-voice phrasing and synonyms only; no clinical content added."
common-cold-para-025,"my child has nasal congestion, aching all over, a high temperature, sneezing, pain in my head and a sore throat",common cold,paraphrase,common-cold-comb-008,common-cold-comb-008,body pain|fever|headache|nasal congestion|sneezing|sore throat,CDC Common Cold About,https://www.cdc.gov/common-cold/about/index.html,Signs and symptoms,The signs and symptoms of a cold usually peak within 2 to 3 days of infection and can include: Runny nose Nasal congestion Cough Sneezing Sore throat Headache Mild body aches Fever (usually low grade in older children and adults),2026-09-19T01:48:23.911847+00:00,"Wording variant of common-cold-comb-008. Same symptom set, patient-voice phrasing and synonyms only; no clinical content added."
common-cold-para-026,"i have had a sore throat, a nose that keeps running and sneezing a lot for the past two days",common cold,paraphrase,common-cold-comb-009,common-cold-comb-009,runny nose|sneezing|sore throat,CDC Common Cold About,https://www.cdc.gov/common-cold/about/index.html,Signs and symptoms,The signs and symptoms of a cold usually peak within 2 to 3 days of infection and can include: Runny nose Nasal congestion Cough Sneezing Sore throat Headache Mild body aches Fever (usually low grade in older children and adults),2026-09-19T01:48:23.911847+00:00,"Wording variant of common-cold-comb-009. Same symptom set, patient-voice phrasing and synonyms only; no clinical content added."
common-cold-src-001,runny nose nasal congestion cough sneezing sore throat headache body aches fever,common cold,source,,common-cold-src-001,body pain|cough|fever|headache|nasal congestion|runny nose|sneezing|sore throat,CDC Common Cold About,https://www.cdc.gov/common-cold/about/index.html,Signs and symptoms,The signs and symptoms of a cold usually peak within 2 to 3 days of infection and can include: Runny nose Nasal congestion Cough Sneezing Sore throat Headache Mild body aches Fever (usually low grade in older children and adults),2026-09-19T01:48:23.911847+00:00,"Full symptom set attested by the 'Signs and symptoms' section of CDC Common Cold About, in the order the passage lists them."
common-cold-comb-001,nasal congestion sore throat headache,common cold,source_combination,,common-cold-comb-001,headache|nasal congestion|sore throat,CDC Common Cold About,https://www.cdc.gov/common-cold/about/index.html,Signs and symptoms,The signs and symptoms of a cold usually peak within 2 to 3 days of infection and can include: Runny nose Nasal congestion Cough Sneezing Sore throat Headache Mild body aches Fever (usually low grade in older children and adults),2026-09-19T01:48:23.911847+00:00,Subset of the symptoms attested by the 'Signs and symptoms' section of CDC Common Cold About. Every term appears in source_quote; the co-occurrence shown here is synthetic.
common-cold-comb-002,nasal congestion sore throat fever,common cold,source_combination,,common-cold-comb-002,fever|nasal congestion|sore throat,CDC Common Cold About,https://www.cdc.gov/common-cold/about/index.html,Signs and symptoms,The signs and symptoms of a cold usually peak within 2 to 3 days of infection and can include: Runny nose Nasal congestion Cough Sneezing Sore throat Headache Mild body aches Fever (usually low grade in older children and adults),2026-09-19T01:48:23.911847+00:00,Subset of the symptoms attested by the 'Signs and symptoms' section of CDC Common Cold About. Every term appears in source_quote; the co-occurrence shown here is synthetic.
common-cold-comb-003,runny nose sore throat headache body aches fever,common cold,source_combination,,common-cold-comb-003,body pain|fever|headache|runny nose|sore throat,CDC Common Cold About,https://www.cdc.gov/common-cold/about/index.html,Signs and symptoms,The signs and symptoms of a cold usually peak within 2 to 3 days of infection and can include: Runny nose Nasal congestion Cough Sneezing Sore throat Headache Mild body aches Fever (usually low grade in older children and adults),2026-09-19T01:48:23.911847+00:00,Subset of the symptoms attested by the 'Signs and symptoms' section of CDC Common Cold About. Every term appears in source_quote; the co-occurrence shown here is synthetic.
common-cold-comb-004,runny nose sneezing sore throat body aches,common cold,source_combination,,common-cold-comb-004,body pain|runny nose|sneezing|sore throat,CDC Common Cold About,https://www.cdc.gov/common-cold/about/index.html,Signs and symptoms,The signs and symptoms of a cold usually peak within 2 to 3 days of infection and can include: Runny nose Nasal congestion Cough Sneezing Sore throat Headache Mild body aches Fever (usually low grade in older children and adults),2026-09-19T01:48:23.911847+00:00,Subset of the symptoms attested by the 'Signs and symptoms' section of CDC Common Cold About. Every term appears in source_quote; the co-occurrence shown here is synthetic.
common-cold-comb-005,runny nose cough sneezing sore throat headache fever,common cold,source_combination,,common-cold-comb-005,cough|fever|headache|runny nose|sneezing|sore throat,CDC Common Cold About,https://www.cdc.gov/common-cold/about/index.html,Signs and symptoms,The signs and symptoms of a cold usually peak within 2 to 3 days of infection and can include: Runny nose Nasal congestion Cough Sneezing Sore throat Headache Mild body aches Fever (usually low grade in older children and adults),2026-09-19T01:48:23.911847+00:00,Subset of the symptoms attested by the 'Signs and symptoms' section of CDC Common Cold About. Every term appears in source_quote; the co-occurrence shown here is synthetic.
common-cold-comb-006,cough sneezing sore throat fever,common cold,source_combination,,common-cold-comb-006,cough|fever|sneezing|sore throat,CDC Common Cold About,https://www.cdc.gov/common-cold/about/index.html,Signs and symptoms,The signs and symptoms of a cold usually peak within 2 to 3 days of infection and can include: Runny nose Nasal congestion Cough Sneezing Sore throat Headache Mild body aches Fever (usually low grade in older children and adults),2026-09-19T01:48:23.911847+00:00,Subset of the symptoms attested by the 'Signs and symptoms' section of CDC Common Cold About. Every term appears in source_quote; the co-occurrence shown here is synthetic.
common-cold-comb-007,runny nose nasal congestion cough,common cold,source_combination,,common-cold-comb-007,cough|nasal congestion|runny nose,CDC Common Cold About,https://www.cdc.gov/common-cold/about/index.html,Signs and symptoms,The signs and symptoms of a cold usually peak within 2 to 3 days of infection and can include: Runny nose Nasal congestion Cough Sneezing Sore throat Headache Mild body aches Fever (usually low grade in older children and adults),2026-09-19T01:48:23.911847+00:00,Subset of the symptoms attested by the 'Signs and symptoms' section of CDC Common Cold About. Every term appears in source_quote; the co-occurrence shown here is synthetic.
common-cold-comb-008,nasal congestion sneezing sore throat headache body aches fever,common cold,source_combination,,common-cold-comb-008,body pain|fever|headache|nasal congestion|sneezing|sore throat,CDC Common Cold About,https://www.cdc.gov/common-cold/about/index.html,Signs and symptoms,The signs and symptoms of a cold usually peak within 2 to 3 days of infection and can include: Runny nose Nasal congestion Cough Sneezing Sore throat Headache Mild body aches Fever (usually low grade in older children and adults),2026-09-19T01:48:23.911847+00:00,Subset of the symptoms attested by the 'Signs and symptoms' section of CDC Common Cold About. Every term appears in source_quote; the co-occurrence shown here is synthetic.
common-cold-comb-009,runny nose sneezing sore throat,common cold,source_combination,,common-cold-comb-009,runny nose|sneezing|sore throat,CDC Common Cold About,https://www.cdc.gov/common-cold/about/index.html,Signs and symptoms,The signs and symptoms of a cold usually peak within 2 to 3 days of infection and can include: Runny nose Nasal congestion Cough Sneezing Sore throat Headache Mild body aches Fever (usually low grade in older children and adults),2026-09-19T01:48:23.911847+00:00,Subset of the symptoms attested by the 'Signs and symptoms' section of CDC Common Cold About. Every term appears in source_quote; the co-occurrence shown here is synthetic.
common-cold-comb-010,sneezing sore throat headache body aches,common cold,source_combination,,common-cold-comb-010,body pain|headache|sneezing|sore throat,CDC Common Cold About,https://www.cdc.gov/common-cold/about/index.html,Signs and symptoms,The signs and symptoms of a cold usually peak within 2 to 3 days of infection and can include: Runny nose Nasal congestion Cough Sneezing Sore throat Headache Mild body aches Fever (usually low grade in older children and adults),2026-09-19T01:48:23.911847+00:00,Subset of the symptoms attested by the 'Signs and symptoms' section of CDC Common Cold About. Every term appears in source_quote; the co-occurrence shown here is synthetic.
common-cold-comb-011,cough sneezing sore throat body aches fever,common cold,source_combination,,common-cold-comb-011,body pain|cough|fever|sneezing|sore throat,CDC Common Cold About,https://www.cdc.gov/common-cold/about/index.html,Signs and symptoms,The signs and symptoms of a cold usually peak within 2 to 3 days of infection and can include: Runny nose Nasal congestion Cough Sneezing Sore throat Headache Mild body aches Fever (usually low grade in older children and adults),2026-09-19T01:48:23.911847+00:00,Subset of the symptoms attested by the 'Signs and symptoms' section of CDC Common Cold About. Every term appears in source_quote; the co-occurrence shown here is synthetic.
common-cold-comb-012,runny nose headache body aches fever,common cold,source_combination,,common-cold-comb-012,body pain|fever|headache|runny nose,CDC Common Cold About,https://www.cdc.gov/common-cold/about/index.html,Signs and symptoms,The signs and symptoms of a cold usually peak within 2 to 3 days of infection and can include: Runny nose Nasal congestion Cough Sneezing Sore throat Headache Mild body aches Fever (usually low grade in older children and adults),2026-09-19T01:48:23.911847+00:00,Subset of the symptoms attested by the 'Signs and symptoms' section of CDC Common Cold About. Every term appears in source_quote; the co-occurrence shown here is synthetic.
common-cold-comb-013,nasal congestion sneezing body aches fever,common cold,source_combination,,common-cold-comb-013,body pain|fever|nasal congestion|sneezing,CDC Common Cold About,https://www.cdc.gov/common-cold/about/index.html,Signs and symptoms,The signs and symptoms of a cold usually peak within 2 to 3 days of infection and can include: Runny nose Nasal congestion Cough Sneezing Sore throat Headache Mild body aches Fever (usually low grade in older children and adults),2026-09-19T01:48:23.911847+00:00,Subset of the symptoms attested by the 'Signs and symptoms' section of CDC Common Cold About. Every term appears in source_quote; the co-occurrence shown here is synthetic.
common-cold-comb-014,runny nose nasal congestion sneezing sore throat body aches fever,common cold,source_combination,,common-cold-comb-014,body pain|fever|nasal congestion|runny nose|sneezing|sore throat,CDC Common Cold About,https://www.cdc.gov/common-cold/about/index.html,Signs and symptoms,The signs and symptoms of a cold usually peak within 2 to 3 days of infection and can include: Runny nose Nasal congestion Cough Sneezing Sore throat Headache Mild body aches Fever (usually low grade in older children and adults),2026-09-19T01:48:23.911847+00:00,Subset of the symptoms attested by the 'Signs and symptoms' section of CDC Common Cold About. Every term appears in source_quote; the co-occurrence shown here is synthetic.
common-cold-comb-015,runny nose nasal congestion cough sneezing sore throat,common cold,source_combination,,common-cold-comb-015,cough|nasal congestion|runny nose|sneezing|sore throat,CDC Common Cold About,https://www.cdc.gov/common-cold/about/index.html,Signs and symptoms,The signs and symptoms of a cold usually peak within 2 to 3 days of infection and can include: Runny nose Nasal congestion Cough Sneezing Sore throat Headache Mild body aches Fever (usually low grade in older children and adults),2026-09-19T01:48:23.911847+00:00,Subset of the symptoms attested by the 'Signs and symptoms' section of CDC Common Cold About. Every term appears in source_quote; the co-occurrence shown here is synthetic.
common-cold-comb-016,runny nose nasal congestion cough sore throat body aches fever,common cold,source_combination,,common-cold-comb-016,body pain|cough|fever|nasal congestion|runny nose|sore throat,CDC Common Cold About,https://www.cdc.gov/common-cold/about/index.html,Signs and symptoms,The signs and symptoms of a cold usually peak within 2 to 3 days of infection and can include: Runny nose Nasal congestion Cough Sneezing Sore throat Headache Mild body aches Fever (usually low grade in older children and adults),2026-09-19T01:48:23.911847+00:00,Subset of the symptoms attested by the 'Signs and symptoms' section of CDC Common Cold About. Every term appears in source_quote; the co-occurrence shown here is synthetic.
covid-like-illness-para-001,"my symptoms are throat pain, the chills, loose stools, head pain and aching all over",covid-like illness,paraphrase,covid-like-illness-comb-001,covid-like-illness-comb-001,body pain|chills|diarrhea|headache|sore throat,CDC COVID Symptoms,https://www.cdc.gov/covid/signs-symptoms/index.html,Signs and Symptoms,The following list does not include all possible symptoms. Symptoms may change with new COVID-19 variants and can vary depending on vaccination status. Possible symptoms include: Fever or chills Cough Shortness of breath or difficulty breathing Sore throat Congestion or runny nose New loss of taste or smell Fatigue Muscle or body aches Headache Nausea or vomiting Diarrhea CDC will continue to update this list as we learn more about COVID-19.,2026-09-19T01:48:24.399282+00:00,"Wording variant of covid-like-illness-comb-001. Same symptom set, patient-voice phrasing and synonyms only; no clinical content added."
covid-like-illness-para-002,"patient reports a cough, pain in my head, loose stools, shivering, feeling feverish and feeling tired",covid-like illness,paraphrase,covid-like-illness-comb-002,covid-like-illness-comb-002,chills|cough|diarrhea|fatigue|fever|headache,CDC COVID Symptoms,https://www.cdc.gov/covid/signs-symptoms/index.html,Signs and Symptoms,The following list does not include all possible symptoms. Symptoms may change with new COVID-19 variants and can vary depending on vaccination status. Possible symptoms include: Fever or chills Cough Shortness of breath or difficulty breathing Sore throat Congestion or runny nose New loss of taste or smell Fatigue Muscle or body aches Headache Nausea or vomiting Diarrhea CDC will continue to update this list as we learn more about COVID-19.,2026-09-19T01:48:24.399282+00:00,"Wording variant of covid-like-illness-comb-002. Same symptom set, patient-voice phrasing and synonyms only; no clinical content added."
covid-like-illness-para-003,"my child has nasal congestion, a nose that keeps running, no sense of taste, a cough and nausea",covid-like illness,paraphrase,covid-like-illness-comb-003,covid-like-illness-comb-003,cough|loss of taste|nasal congestion|nausea|runny nose,CDC COVID Symptoms,https://www.cdc.gov/covid/signs-symptoms/index.html,Signs and Symptoms,The following list does not include all possible symptoms. Symptoms may change with new COVID-19 variants and can vary depending on vaccination status. Possible symptoms include: Fever or chills Cough Shortness of breath or difficulty breathing Sore throat Congestion or runny nose New loss of taste or smell Fatigue Muscle or body aches Headache Nausea or vomiting Diarrhea CDC will continue to update this list as we learn more about COVID-19.,2026-09-19T01:48:24.399282+00:00,"Wording variant of covid-like-illness-comb-003. Same symptom set, patient-voice phrasing and synonyms only; no clinical content added."
covid-like-illness-para-004,"came in complaining of feeling tired, a cough, aching all over, a nose that keeps running and throat pain",covid-like illness,paraphrase,covid-like-illness-comb-004,covid-like-illness-comb-004,body pain|cough|fatigue|runny nose|sore throat,CDC COVID Symptoms,https://www.cdc.gov/covid/signs-symptoms/index.html,Signs and Symptoms,The following list does not include all possible symptoms. Symptoms may change with new COVID-19 variants and can vary depending on vaccination status. Possible symptoms include: Fever or chills Cough Shortness of breath or difficulty breathing Sore throat Congestion or runny nose New loss of taste or smell Fatigue Muscle or body aches Headache Nausea or vomiting Diarrhea CDC will continue to update this list as we learn more about COVID-19.,2026-09-19T01:48:24.399282+00:00,"Wording variant of covid-like-illness-comb-004. Same symptom set, patient-voice phrasing and synonyms only; no clinical content added."
covid-like-illness-para-005,"a sore throat, the chills, feeling nauseous, nasal congestion, body aches and vomiting for the past two days",covid-like illness,paraphrase,covid-like-illness-comb-005,covid-like-illness-comb-005,body pain|chills|nasal congestion|nausea|sore throat|vomiting,CDC COVID Symptoms,https://www.cdc.gov/covid/signs-symptoms/index.html,Signs and Symptoms,The following list does not include all possible symptoms. Symptoms may change with new COVID-19 variants and can vary depending on vaccination status. Possible symptoms include: Fever or chills Cough Shortness of breath or difficulty breathing Sore throat Congestion or runny nose New loss of taste or smell Fatigue Muscle or body aches Headache Nausea or vomiting Diarrhea CDC will continue to update this list as we learn more about COVID-19.,2026-09-19T01:48:24.399282+00:00,"Wording variant of covid-like-illness-comb-005. Same symptom set, patient-voice phrasing and synonyms only; no clinical content added."
covid-like-illness-para-006,"came in complaining of a headache, throat pain, nasal congestion and no energy",covid-like illness,paraphrase,covid-like-illness-comb-006,covid-like-illness-comb-006,fatigue|headache|nasal congestion|sore throat,CDC COVID Symptoms,https://www.cdc.gov/covid/signs-symptoms/index.html,Signs and Symptoms,The following list does not include all possible symptoms. Symptoms may change with new COVID-19 variants and can vary depending on vaccination status. Possible symptoms include: Fever or chills Cough Shortness of breath or difficulty breathing Sore throat Congestion or runny nose New loss of taste or smell Fatigue Muscle or body aches Headache Nausea or vomiting Diarrhea CDC will continue to update this list as we learn more about COVID-19.,2026-09-19T01:48:24.399282+00:00,"Wording variant of covid-like-illness-comb-006. Same symptom set, patient-voice phrasing and synonyms only; no clinical content added."
covid-like-illness-para-007,"i am experiencing coughing, throat pain and shivering",covid-like illness,paraphrase,covid-like-illness-comb-007,covid-like-illness-comb-007,chills|cough|sore throat,CDC COVID Symptoms,https://www.cdc.gov/covid/signs-symptoms/index.html,Signs and Symptoms,The following list does not include all possible symptoms. Symptoms may change with new COVID-19 variants and can vary depending on vaccination status. Possible symptoms include: Fever or chills Cough Shortness of breath or difficulty breathing Sore throat Congestion or runny nose New loss of taste or smell Fatigue Muscle or body aches Headache Nausea or vomiting Diarrhea CDC will continue to update this list as we learn more about COVID-19.,2026-09-19T01:48:24.399282+00:00,"Wording variant of covid-like-illness-comb-007. Same symptom set, patient-voice phrasing and synonyms only; no clinical content added."
covid-like-illness-para-008,"i started with a blocked nose, a sore throat and feeling nauseous for about a week",covid-like illness,paraphrase,covid-like-illness-comb-008,covid-like-illness-comb-008,nasal congestion|nausea|sore throat,CDC COVID Symptoms,https://www.cdc.gov/covid/signs-symptoms/index.html,Signs and Symptoms,The following list does not include all possible symptoms. Symptoms may change with new COVID-19 variants and can vary depending on vaccination status. Possible symptoms include: Fever or chills Cough Shortness of breath or difficulty breathing Sore throat Congestion or runny nose New loss of taste or smell Fatigue Muscle or body aches Headache Nausea or vomiting Diarrhea CDC will continue to update this list as we learn more about COVID-19.,2026-09-19T01:48:24.399282+00:00,"Wording variant of covid-like-illness-comb-008. Same symptom set, patient-voice phrasing and synonyms only; no clinical content added."
covid-like-illness-para-009,"feeling nauseous, a nose that keeps running, difficulty breathing and tiredness for the past two days",covid-like illness,paraphrase,covid-like-illness-comb-009,covid-like-illness-comb-009,fatigue|nausea|runny nose|shortness of breath,CDC COVID Symptoms,https://www.cdc.gov/covid/signs-symptoms/index.html,Signs and Symptoms,The following list does not include all possible symptoms. Symptoms may change with new COVID-19 variants and can vary depending on vaccination status. Possible symptoms include: Fever or chills Cough Shortness of breath or difficulty breathing Sore throat Congestion or runny nose New loss of taste or smell Fatigue Muscle or body aches Headache Nausea or vomiting Diarrhea CDC will continue to update this list as we learn more about COVID-19.,2026-09-19T01:48:24.399282+00:00,"Wording variant of covid-like-illness-comb-009. Same symptom set, patient-voice phrasing and synonyms only; no clinical content added."
covid-like-illness-para-010,"i have had throat pain, no sense of taste, diarrhea and a nose that keeps running since yesterday",covid-like illness,paraphrase,covid-like-illness-comb-010,covid-like-illness-comb-010,diarrhea|loss of taste|runny nose|sore throat,CDC COVID Symptoms,https://www.cdc.gov/covid/signs-symptoms/index.html,Signs and Symptoms,The following list does not include all possible symptoms. Symptoms may change with new COVID-19 variants and can vary depending on vaccination status. Possible symptoms include: Fever or chills Cough Shortness of breath or difficulty breathing Sore throat Congestion or runny nose New loss of taste or smell Fatigue Muscle or body aches Headache Nausea or vomiting Diarrhea CDC will continue to update this list as we learn more about COVID-19.,2026-09-19T01:48:24.399282+00:00,"Wording variant of covid-like-illness-comb-010. Same symptom set, patient-voice phrasing and synonyms only; no clinical content added."
covid-like-illness-para-011,"i am experiencing shivering, a cough and loose stools",covid-like illness,paraphrase,covid-like-illness-comb-011,covid-like-illness-comb-011,chills|cough|diarrhea,CDC COVID Symptoms,https://www.cdc.gov/covid/signs-symptoms/index.html,Signs and Symptoms,The following list does not include all possible symptoms. Symptoms may change with new COVID-19 variants and can vary depending on vaccination status. Possible symptoms include: Fever or chills Cough Shortness of breath or difficulty breathing Sore throat Congestion or runny nose New loss of taste or smell Fatigue Muscle or body aches Headache Nausea or vomiting Diarrhea CDC will continue to update this list as we learn more about COVID-19.,2026-09-19T01:48:24.399282+00:00,"Wording variant of covid-like-illness-comb-011. Same symptom set, patient-voice phrasing and synonyms only; no clinical content added."
covid-like-illness-para-012,"my symptoms are a sore throat, a blocked nose and pain in my head",covid-like illness,paraphrase,covid-like-illness-comb-012,covid-like-illness-comb-012,headache|nasal congestion|sore throat,CDC COVID Symptoms,https://www.cdc.gov/covid/signs-symptoms/index.html,Signs and Symptoms,The following list does not include all possible symptoms. Symptoms may change with new COVID-19 variants and can vary depending on vaccination status. Possible symptoms include: Fever or chills Cough Shortness of breath or difficulty breathing Sore throat Congestion or runny nose New loss of taste or smell Fatigue Muscle or body aches Headache Nausea or vomiting Diarrhea CDC will continue to update this list as we learn more about COVID-19.,2026-09-19T01:48:24.399282+00:00,"Wording variant of covid-like-illness-comb-012. Same symptom set, patient-voice phrasing and synonyms only; no clinical content added."
covid-like-illness-para-013,"feeling nauseous, loss of taste, shivering and a runny nose for several days now",covid-like illness,paraphrase,covid-like-illness-comb-013,covid-like-illness-comb-013,chills|loss of taste|nausea|runny nose,CDC COVID Symptoms,https://www.cdc.gov/covid/signs-symptoms/index.html,Signs and Symptoms,The following list does not include all possible symptoms. Symptoms may change with new COVID-19 variants and can vary depending on vaccination status. Possible symptoms include: Fever or chills Cough Shortness of breath or difficulty breathing Sore throat Congestion or runny nose New loss of taste or smell Fatigue Muscle or body aches Headache Nausea or vomiting Diarrhea CDC will continue to update this list as we learn more about COVID-19.,2026-09-19T01:48:24.399282+00:00,"Wording variant of covid-like-illness-comb-013. Same symptom set, patient-voice phrasing and synonyms only; no clinical content added."
covid-like-illness-para-014,"she has had throat pain, fatigue, being sick, aching all over, pain in my head and diarrhea for the past two days",covid-like illness,paraphrase,covid-like-illness-comb-014,covid-like-illness-comb-014,body pain|diarrhea|fatigue|headache|sore throat|vomiting,CDC COVID Symptoms,https://www.cdc.gov/covid/signs-symptoms/index.html,Signs and Symptoms,The following list does not include all possible symptoms. Symptoms may change with new COVID-19 variants and can vary depending on vaccination status. Possible symptoms include: Fever or chills Cough Shortness of breath or difficulty breathing Sore throat Congestion or runny nose New loss of taste or smell Fatigue Muscle or body aches Headache Nausea or vomiting Diarrhea CDC will continue to update this list as we learn more about COVID-19.,2026-09-19T01:48:24.399282+00:00,"Wording variant of covid-like-illness-comb-014. Same symptom set, patient-voice phrasing and synonyms only; no clinical content added."
covid-like-illness-para-015,"my child has being sick, body aches, difficulty breathing, diarrhea, fatigue and feeling sick to my stomach",covid-like illness,paraphrase,covid-like-illness-comb-015,covid-like-illness-comb-015,body pain|diarrhea|fatigue|nausea|shortness of breath|vomiting,CDC COVID Symptoms,https://www.cdc.gov/covid/signs-symptoms/index.html,Signs and Symptoms,The following list does not include all possible symptoms. Symptoms may change with new COVID-19 variants and can vary depending on vaccination status. Possible symptoms include: Fever or chills Cough Shortness of breath or difficulty breathing Sore throat Congestion or runny nose New loss of taste or smell Fatigue Muscle or body aches Headache Nausea or vomiting Diarrhea CDC will continue to update this list as we learn more about COVID-19.,2026-09-19T01:48:24.399282+00:00,"Wording variant of covid-like-illness-comb-015. Same symptom set, patient-voice phrasing and synonyms only; no clinical content added."
covid-like-illness-para-016,"i have loose stools, loss of taste, shivering, no energy, throat pain and aching all over",covid-like illness,paraphrase,covid-like-illness-comb-016,covid-like-illness-comb-016,body pain|chills|diarrhea|fatigue|loss of taste|sore throat,CDC COVID Symptoms,https://www.cdc.gov/covid/signs-symptoms/index.html,Signs and Symptoms,The following list does not include all possible symptoms. Symptoms may change with new COVID-19 variants and can vary depending on vaccination status. Possible symptoms include: Fever or chills Cough Shortness of breath or difficulty breathing Sore throat Congestion or runny nose New loss of taste or smell Fatigue Muscle or body aches Headache Nausea or vomiting Diarrhea CDC will continue to update this list as we learn more about COVID-19.,2026-09-19T01:48:24.399282+00:00,"Wording variant of covid-like-illness-comb-016. Same symptom set, patient-voice phrasing and synonyms only; no clinical content added."
covid-like-illness-para-017,"came in complaining of loss of taste, feeling feverish, feeling tired, feeling sick to my stomach, throat pain, chills, shortness of breath, nasal congestion, coughing, body aches, throwing up, loose stools, a nose that keeps running and a headache",covid-like illness,paraphrase,covid-like-illness-src-001,covid-like-illness-src-001,body pain|chills|cough|diarrhea|fatigue|fever|headache|loss of taste|nasal congestion|nausea|runny nose|shortness of breath|sore throat|vomiting,CDC COVID Symptoms,https://www.cdc.gov/covid/signs-symptoms/index.html,Signs and Symptoms,The following list does not include all possible symptoms. Symptoms may change with new COVID-19 variants and can vary depending on vaccination status. Possible symptoms include: Fever or chills Cough Shortness of breath or difficulty breathing Sore throat Congestion or runny nose New loss of taste or smell Fatigue Muscle or body aches Headache Nausea or vomiting Diarrhea CDC will continue to update this list as we learn more about COVID-19.,2026-09-19T01:48:24.399282+00:00,"Wording variant of covid-like-illness-src-001. Same symptom set, patient-voice phrasing and synonyms only; no clinical content added."
covid-like-illness-para-018,"he has aching all over, a headache, loose stools, chills and throat pain",covid-like illness,paraphrase,covid-like-illness-comb-001,covid-like-illness-comb-001,body pain|chills|diarrhea|headache|sore throat,CDC COVID Symptoms,https://www.cdc.gov/covid/signs-symptoms/index.html,Signs and Symptoms,The following list does not include all possible symptoms. Symptoms may change with new COVID-19 variants and can vary depending on vaccination status. Possible symptoms include: Fever or chills Cough Shortness of breath or difficulty breathing Sore throat Congestion or runny nose New loss of taste or smell Fatigue Muscle or body aches Headache Nausea or vomiting Diarrhea CDC will continue to update this list as we learn more about COVID-19.,2026-09-19T01:48:24.399282+00:00,"Wording variant of covid-like-illness-comb-001. Same symptom set, patient-voice phrasing and synonyms only; no clinical content added."
covid-like-illness-para-019,"i have had shivering, a cough, tiredness, feeling feverish, diarrhea and pain in my head for about a week",covid-like illness,paraphrase,covid-like-illness-comb-002,covid-like-illness-comb-002,chills|cough|diarrhea|fatigue|fever|headache,CDC COVID Symptoms,https://www.cdc.gov/covid/signs-symptoms/index.html,Signs and Symptoms,The following list does not include all possible symptoms. Symptoms may change with new COVID-19 variants and can vary depending on vaccination status. Possible symptoms include: Fever or chills Cough Shortness of breath or difficulty breathing Sore throat Congestion or runny nose New loss of taste or smell Fatigue Muscle or body aches Headache Nausea or vomiting Diarrhea CDC will continue to update this list as we learn more about COVID-19.,2026-09-19T01:48:24.399282+00:00,"Wording variant of covid-like-illness-comb-002. Same symptom set, patient-voice phrasing and synonyms only; no clinical content added."
covid-like-illness-para-020,"he has a blocked nose, loss of taste, a nose that keeps running, coughing and feeling nauseous",covid-like illness,paraphrase,covid-like-illness-comb-003,covid-like-illness-comb-003,cough|loss of taste|nasal congestion|nausea|runny nose,CDC COVID Symptoms,https://www.cdc.gov/covid/signs-symptoms/index.html,Signs and Symptoms,The following list does not include all possible symptoms. Symptoms may change with new COVID-19 variants and can vary depending on vaccination status. Possible symptoms include: Fever or chills Cough Shortness of breath or difficulty breathing Sore throat Congestion or runny nose New loss of taste or smell Fatigue Muscle or body aches Headache Nausea or vomiting Diarrhea CDC will continue to update this list as we learn more about COVID-19.,2026-09-19T01:48:24.399282+00:00,"Wording variant of covid-like-illness-comb-003. Same symptom set, patient-voice phrasing and synonyms only; no clinical content added."
covid-like-illness-para-021,"i have had coughing, body aches, a nose that keeps running, a sore throat and no energy for three days",covid-like illness,paraphrase,covid-like-illness-comb-004,covid-like-illness-comb-004,body pain|cough|fatigue|runny nose|sore throat,CDC COVID Symptoms,https://www.cdc.gov/covid/signs-symptoms/index.html,Signs and Symptoms,The following list does not include all possible symptoms. Symptoms may change with new COVID-19 variants and can vary depending on vaccination status. Possible symptoms include: Fever or chills Cough Shortness of breath or difficulty breathing Sore throat Congestion or runny nose New loss of taste or smell Fatigue Muscle or body aches Headache Nausea or vomiting Diarrhea CDC will continue to update this list as we learn more about COVID-19.,2026-09-19T01:48:24.399282+00:00,"Wording variant of covid-like-illness-comb-004. Same symptom set, patient-voice phrasing and synonyms only; no clinical content added."
covid-like-illness-para-022,"came in complaining of throat pain, shivering, body aches, being sick, a stuffy nose and feeling sick to my stomach",covid-like illness,paraphrase,covid-like-illness-comb-005,covid-like-illness-comb-005,body pain|chills|nasal congestion|nausea|sore throat|vomiting,CDC COVID Symptoms,https://www.cdc.gov/covid/signs-symptoms/index.html,Signs and Symptoms,The following list does not include all possible symptoms. Symptoms may change with new COVID-19 variants and can vary depending on vaccination status. Possible symptoms include: Fever or chills Cough Shortness of breath or difficulty breathing Sore throat Congestion or runny nose New loss of taste or smell Fatigue Muscle or body aches Headache Nausea or vomiting Diarrhea CDC will continue to update this list as we learn more about COVID-19.,2026-09-19T01:48:24.399282+00:00,"Wording variant of covid-like-illness-comb-005. Same symptom set, patient-voice phrasing and synonyms only; no clinical content added."
covid-like-illness-para-023,"she has had fatigue, a headache, a stuffy nose and a sore throat for several days now",covid-like illness,paraphrase,covid-like-illness-comb-006,covid-like-illness-comb-006,fatigue|headache|nasal congestion|sore throat,CDC COVID Symptoms,https://www.cdc.gov/covid/signs-symptoms/index.html,Signs and Symptoms,The following list does not include all possible symptoms. Symptoms may change with new COVID-19 variants and can vary depending on vaccination status. Possible symptoms include: Fever or chills Cough Shortness of breath or difficulty breathing Sore throat Congestion or runny nose New loss of taste or smell Fatigue Muscle or body aches Headache Nausea or vomiting Diarrhea CDC will continue to update this list as we learn more about COVID-19.,2026-09-19T01:48:24.399282+00:00,"Wording variant of covid-like-illness-comb-006. Same symptom set, patient-voice phrasing and synonyms only; no clinical content added."
covid-like-illness-para-024,"my symptoms are chills, coughing and a sore throat",covid-like illness,paraphrase,covid-like-illness-comb-007,covid-like-illness-comb-007,chills|cough|sore throat,CDC COVID Symptoms,https://www.cdc.gov/covid/signs-symptoms/index.html,Signs and Symptoms,The following list does not include all possible symptoms. Symptoms may change with new COVID-19 variants and can vary depending on vaccination status. Possible symptoms include: Fever or chills Cough Shortness of breath or difficulty breathing Sore throat Congestion or runny nose New loss of taste or smell Fatigue Muscle or body aches Headache Nausea or vomiting Diarrhea CDC will continue to update this list as we learn more about COVID-19.,2026-09-19T01:48:24.399282+00:00,"Wording variant of covid-like-illness-comb-007. Same symptom set, patient-voice phrasing and synonyms only; no clinical content added."
covid-like-illness-para-025,"i have had nausea, a stuffy nose and throat pain for several days now",covid-like illness,paraphrase,covid-like-illness-comb-008,covid-like-illness-comb-008,nasal congestion|nausea|sore throat,CDC COVID Symptoms,https://www.cdc.gov/covid/signs-symptoms/index.html,Signs and Symptoms,The following list does not include all possible symptoms. Symptoms may change with new COVID-19 variants and can vary depending on vaccination status. Possible symptoms include: Fever or chills Cough Shortness of breath or difficulty breathing Sore throat Congestion or runny nose New loss of taste or smell Fatigue Muscle or body aches Headache Nausea or vomiting Diarrhea CDC will continue to update this list as we learn more about COVID-19.,2026-09-19T01:48:24.399282+00:00,"Wording variant of covid-like-illness-comb-008. Same symptom set, patient-voice phrasing and synonyms only; no clinical content added."
covid-like-illness-para-026,"my child has a runny nose, trouble catching my breath, feeling nauseous and tiredness",covid-like illness,paraphrase,covid-like-illness-comb-009,covid-like-illness-comb-009,fatigue|nausea|runny nose|shortness of breath,CDC COVID Symptoms,https://www.cdc.gov/covid/signs-symptoms/index.html,Signs and Symptoms,The following list does not include all possible symptoms. Symptoms may change with new COVID-19 variants and can vary depending on vaccination status. Possible symptoms include: Fever or chills Cough Shortness of breath or difficulty breathing Sore throat Congestion or runny nose New loss of taste or smell Fatigue Muscle or body aches Headache Nausea or vomiting Diarrhea CDC will continue to update this list as we learn more about COVID-19.,2026-09-19T01:48:24.399282+00:00,"Wording variant of covid-like-illness-comb-009. Same symptom set, patient-voice phrasing and synonyms only; no clinical content added."
covid-like-illness-src-001,fever chills cough difficulty breathing sore throat congestion runny nose new loss of taste fatigue body aches headache nausea vomiting diarrhea,covid-like illness,source,,covid-like-illness-src-001,body pain|chills|cough|diarrhea|fatigue|fever|headache|loss of taste|nasal congestion|nausea|runny nose|shortness of breath|sore throat|vomiting,CDC COVID Symptoms,https://www.cdc.gov/covid/signs-symptoms/index.html,Signs and Symptoms,The following list does not include all possible symptoms. Symptoms may change with new COVID-19 variants and can vary depending on vaccination status. Possible symptoms include: Fever or chills Cough Shortness of breath or difficulty breathing Sore throat Congestion or runny nose New loss of taste or smell Fatigue Muscle or body aches Headache Nausea or vomiting Diarrhea CDC will continue to update this list as we learn more about COVID-19.,2026-09-19T01:48:24.399282+00:00,"Full symptom set attested by the 'Signs and Symptoms' section of CDC COVID Symptoms, in the order the passage lists them."
covid-like-illness-comb-001,chills sore throat body aches headache diarrhea,covid-like illness,source_combination,,covid-like-illness-comb-001,body pain|chills|diarrhea|headache|sore throat,CDC COVID Symptoms,https://www.cdc.gov/covid/signs-symptoms/index.html,Signs and Symptoms,The following list does not include all possible symptoms. Symptoms may change with new COVID-19 variants and can vary depending on vaccination status. Possible symptoms include: Fever or chills Cough Shortness of breath or difficulty breathing Sore throat Congestion or runny nose New loss of taste or smell Fatigue Muscle or body aches Headache Nausea or vomiting Diarrhea CDC will continue to update this list as we learn more about COVID-19.,2026-09-19T01:48:24.399282+00:00,Subset of the symptoms attested by the 'Signs and Symptoms' section of CDC COVID Symptoms. Every term appears in source_quote; the co-occurrence shown here is synthetic.
covid-like-illness-comb-002,fever chills cough fatigue headache diarrhea,covid-like illness,source_combination,,covid-like-illness-comb-002,chills|cough|diarrhea|fatigue|fever|headache,CDC COVID Symptoms,https://www.cdc.gov/covid/signs-symptoms/index.html,Signs and Symptoms,The following list does not include all possible symptoms. Symptoms may change with new COVID-19 variants and can vary depending on vaccination status. Possible symptoms include: Fever or chills Cough Shortness of breath or difficulty breathing Sore throat Congestion or runny nose New loss of taste or smell Fatigue Muscle or body aches Headache Nausea or vomiting Diarrhea CDC will continue to update this list as we learn more about COVID-19.,2026-09-19T01:48:24.399282+00:00,Subset of the symptoms attested by the 'Signs and Symptoms' section of CDC COVID Symptoms. Every term appears in source_quote; the co-occurrence shown here is synthetic.
covid-like-illness-comb-003,cough congestion runny nose new loss of taste nausea,covid-like illness,source_combination,,covid-like-illness-comb-003,cough|loss of taste|nasal congestion|nausea|runny nose,CDC COVID Symptoms,https://www.cdc.gov/covid/signs-symptoms/index.html,Signs and Symptoms,The following list does not include all possible symptoms. Symptoms may change with new COVID-19 variants and can vary depending on vaccination status. Possible symptoms include: Fever or chills Cough Shortness of breath or difficulty breathing Sore throat Congestion or runny nose New loss of taste or smell Fatigue Muscle or body aches Headache Nausea or vomiting Diarrhea CDC will continue to update this list as we learn more about COVID-19.,2026-09-19T01:48:24.399282+00:00,Subset of the symptoms attested by the 'Signs and Symptoms' section of CDC COVID Symptoms. Every term appears in source_quote; the co-occurrence shown here is synthetic.
covid-like-illness-comb-004,cough sore throat runny nose fatigue body aches,covid-like illness,source_combination,,covid-like-illness-comb-004,body pain|cough|fatigue|runny nose|sore throat,CDC COVID Symptoms,https://www.cdc.gov/covid/signs-symptoms/index.html,Signs and Symptoms,The following list does not include all possible symptoms. Symptoms may change with new COVID-19 variants and can vary depending on vaccination status. Possible symptoms include: Fever or chills Cough Shortness of breath or difficulty breathing Sore throat Congestion or runny nose New loss of taste or smell Fatigue Muscle or body aches Headache Nausea or vomiting Diarrhea CDC will continue to update this list as we learn more about COVID-19.,2026-09-19T01:48:24.399282+00:00,Subset of the symptoms attested by the 'Signs and Symptoms' section of CDC COVID Symptoms. Every term appears in source_quote; the co-occurrence shown here is synthetic.
covid-like-illness-comb-005,chills sore throat congestion body aches nausea vomiting,covid-like illness,source_combination,,covid-like-illness-comb-005,body pain|chills|nasal congestion|nausea|sore throat|vomiting,CDC COVID Symptoms,https://www.cdc.gov/covid/signs-symptoms/index.html,Signs and Symptoms,The following list does not include all possible symptoms. Symptoms may change with new COVID-19 variants and can vary depending on vaccination status. Possible symptoms include: Fever or chills Cough Shortness of breath or difficulty breathing Sore throat Congestion or runny nose New loss of taste or smell Fatigue Muscle or body aches Headache Nausea or vomiting Diarrhea CDC will continue to update this list as we learn more about COVID-19.,2026-09-19T01:48:24.399282+00:00,Subset of the symptoms attested by the 'Signs and Symptoms' section of CDC COVID Symptoms. Every term appears in source_quote; the co-occurrence shown here is synthetic.
covid-like-illness-comb-006,sore throat congestion fatigue headache,covid-like illness,source_combination,,covid-like-illness-comb-006,fatigue|headache|nasal congestion|sore throat,CDC COVID Symptoms,https://www.cdc.gov/covid/signs-symptoms/index.html,Signs and Symptoms,The following list does not include all possible symptoms. Symptoms may change with new COVID-19 variants and can vary depending on vaccination status. Possible symptoms include: Fever or chills Cough Shortness of breath or difficulty breathing Sore throat Congestion or runny nose New loss of taste or smell Fatigue Muscle or body aches Headache Nausea or vomiting Diarrhea CDC will continue to update this list as we learn more about COVID-19.,2026-09-19T01:48:24.399282+00:00,Subset of the symptoms attested by the 'Signs and Symptoms' section of CDC COVID Symptoms. Every term appears in source_quote; the co-occurrence shown here is synthetic.
covid-like-illness-comb-007,chills cough sore throat,covid-like illness,source_combination,,covid-like-illness-comb-007,chills|cough|sore throat,CDC COVID Symptoms,https://www.cdc.gov/covid/signs-symptoms/index.html,Signs and Symptoms,The following list does not include all possible symptoms. Symptoms may change with new COVID-19 variants and can vary depending on vaccination status. Possible symptoms include: Fever or chills Cough Shortness of breath or difficulty breathing Sore throat Congestion or runny nose New loss of taste or smell Fatigue Muscle or body aches Headache Nausea or vomiting Diarrhea CDC will continue to update this list as we learn more about COVID-19.,2026-09-19T01:48:24.399282+00:00,Subset of the symptoms attested by the 'Signs and Symptoms' section of CDC COVID Symptoms. Every term appears in source_quote; the co-occurrence shown here is synthetic.
covid-like-illness-comb-008,sore throat congestion nausea,covid-like illness,source_combination,,covid-like-illness-comb-008,nasal congestion|nausea|sore throat,CDC COVID Symptoms,https://www.cdc.gov/covid/signs-symptoms/index.html,Signs and Symptoms,The following list does not include all possible symptoms. Symptoms may change with new COVID-19 variants and can vary depending on vaccination status. Possible symptoms include: Fever or chills Cough Shortness of breath or difficulty breathing Sore throat Congestion or runny nose New loss of taste or smell Fatigue Muscle or body aches Headache Nausea or vomiting Diarrhea CDC will continue to update this list as we learn more about COVID-19.,2026-09-19T01:48:24.399282+00:00,Subset of the symptoms attested by the 'Signs and Symptoms' section of CDC COVID Symptoms. Every term appears in source_quote; the co-occurrence shown here is synthetic.
covid-like-illness-comb-009,difficulty breathing runny nose fatigue nausea,covid-like illness,source_combination,,covid-like-illness-comb-009,fatigue|nausea|runny nose|shortness of breath,CDC COVID Symptoms,https://www.cdc.gov/covid/signs-symptoms/index.html,Signs and Symptoms,The following list does not include all possible symptoms. Symptoms may change with new COVID-19 variants and can vary depending on vaccination status. Possible symptoms include: Fever or chills Cough Shortness of breath or difficulty breathing Sore throat Congestion or runny nose New loss of taste or smell Fatigue Muscle or body aches Headache Nausea or vomiting Diarrhea CDC will continue to update this list as we learn more about COVID-19.,2026-09-19T01:48:24.399282+00:00,Subset of the symptoms attested by the 'Signs and Symptoms' section of CDC COVID Symptoms. Every term appears in source_quote; the co-occurrence shown here is synthetic.
covid-like-illness-comb-010,sore throat runny nose new loss of taste diarrhea,covid-like illness,source_combination,,covid-like-illness-comb-010,diarrhea|loss of taste|runny nose|sore throat,CDC COVID Symptoms,https://www.cdc.gov/covid/signs-symptoms/index.html,Signs and Symptoms,The following list does not include all possible symptoms. Symptoms may change with new COVID-19 variants and can vary depending on vaccination status. Possible symptoms include: Fever or chills Cough Shortness of breath or difficulty breathing Sore throat Congestion or runny nose New loss of taste or smell Fatigue Muscle or body aches Headache Nausea or vomiting Diarrhea CDC will continue to update this list as we learn more about COVID-19.,2026-09-19T01:48:24.399282+00:00,Subset of the symptoms attested by the 'Signs and Symptoms' section of CDC COVID Symptoms. Every term appears in source_quote; the co-occurrence shown here is synthetic.
covid-like-illness-comb-011,chills cough diarrhea,covid-like illness,source_combination,,covid-like-illness-comb-011,chills|cough|diarrhea,CDC COVID Symptoms,https://www.cdc.gov/covid/signs-symptoms/index.html,Signs and Symptoms,The following list does not include all possible symptoms. Symptoms may change with new COVID-19 variants and can vary depending on vaccination status. Possible symptoms include: Fever or chills Cough Shortness of breath or difficulty breathing Sore throat Congestion or runny nose New loss of taste or smell Fatigue Muscle or body aches Headache Nausea or vomiting Diarrhea CDC will continue to update this list as we learn more about COVID-19.,2026-09-19T01:48:24.399282+00:00,Subset of the symptoms attested by the 'Signs and Symptoms' section of CDC COVID Symptoms. Every term appears in source_quote; the co-occurrence shown here is synthetic.
covid-like-illness-comb-012,sore throat congestion headache,covid-like illness,source_combination,,covid-like-illness-comb-012,headache|nasal congestion|sore throat,CDC COVID Symptoms,https://www.cdc.gov/covid/signs-symptoms/index.html,Signs and Symptoms,The following list does not include all possible symptoms. Symptoms may change with new COVID-19 variants and can vary depending on vaccination status. Possible symptoms include: Fever or chills Cough Shortness of breath or difficulty breathing Sore throat Congestion or runny nose New loss of taste or smell Fatigue Muscle or body aches Headache Nausea or vomiting Diarrhea CDC will continue to update this list as we learn more about COVID-19.,2026-09-19T01:48:24.399282+00:00,Subset of the symptoms attested by the 'Signs and Symptoms' section of CDC COVID Symptoms. Every term appears in source_quote; the co-occurrence shown here is synthetic.
covid-like-illness-comb-013,chills runny nose new loss of taste nausea,covid-like illness,source_combination,,covid-like-illness-comb-013,chills|loss of taste|nausea|runny nose,CDC COVID Symptoms,https://www.cdc.gov/covid/signs-symptoms/index.html,Signs and Symptoms,The following list does not include all possible symptoms. Symptoms may change with new COVID-19 variants and can vary depending on vaccination status. Possible symptoms include: Fever or chills Cough Shortness of breath or difficulty breathing Sore throat Congestion or runny nose New loss of taste or smell Fatigue Muscle or body aches Headache Nausea or vomiting Diarrhea CDC will continue to update this list as we learn more about COVID-19.,2026-09-19T01:48:24.399282+00:00,Subset of the symptoms attested by the 'Signs and Symptoms' section of CDC COVID Symptoms. Every term appears in source_quote; the co-occurrence shown here is synthetic.
covid-like-illness-comb-014,sore throat fatigue body aches headache vomiting diarrhea,covid-like illness,source_combination,,covid-like-illness-comb-014,body pain|diarrhea|fatigue|headache|sore throat|vomiting,CDC COVID Symptoms,https://www.cdc.gov/covid/signs-symptoms/index.html,Signs and Symptoms,The following list does not include all possible symptoms. Symptoms may change with new COVID-19 variants and can vary depending on vaccination status. Possible symptoms include: Fever or chills Cough Shortness of breath or difficulty breathing Sore throat Congestion or runny nose New loss of taste or smell Fatigue Muscle or body aches Headache Nausea or vomiting Diarrhea CDC will continue to update this list as we learn more about COVID-19.,2026-09-19T01:48:24.399282+00:00,Subset of the symptoms attested by the 'Signs and Symptoms' section of CDC COVID Symptoms. Every term appears in source_quote; the co-occurrence shown here is synthetic.
covid-like-illness-comb-015,difficulty breathing fatigue body aches nausea vomiting diarrhea,covid-like illness,source_combination,,covid-like-illness-comb-015,body pain|diarrhea|fatigue|nausea|shortness of breath|vomiting,CDC COVID Symptoms,https://www.cdc.gov/covid/signs-symptoms/index.html,Signs and Symptoms,The following list does not include all possible symptoms. Symptoms may change with new COVID-19 variants and can vary depending on vaccination status. Possible symptoms include: Fever or chills Cough Shortness of breath or difficulty breathing Sore throat Congestion or runny nose New loss of taste or smell Fatigue Muscle or body aches Headache Nausea or vomiting Diarrhea CDC will continue to update this list as we learn more about COVID-19.,2026-09-19T01:48:24.399282+00:00,Subset of the symptoms attested by the 'Signs and Symptoms' section of CDC COVID Symptoms. Every term appears in source_quote; the co-occurrence shown here is synthetic.
covid-like-illness-comb-016,chills sore throat new loss of taste fatigue body aches diarrhea,covid-like illness,source_combination,,covid-like-illness-comb-016,body pain|chills|diarrhea|fatigue|loss of taste|sore throat,CDC COVID Symptoms,https://www.cdc.gov/covid/signs-symptoms/index.html,Signs and Symptoms,The following list does not include all possible symptoms. Symptoms may change with new COVID-19 variants and can vary depending on vaccination status. Possible symptoms include: Fever or chills Cough Shortness of breath or difficulty breathing Sore throat Congestion or runny nose New loss of taste or smell Fatigue Muscle or body aches Headache Nausea or vomiting Diarrhea CDC will continue to update this list as we learn more about COVID-19.,2026-09-19T01:48:24.399282+00:00,Subset of the symptoms attested by the 'Signs and Symptoms' section of CDC COVID Symptoms. Every term appears in source_quote; the co-occurrence shown here is synthetic.
dengue-para-001,"i have had a skin rash, aching all over, feeling nauseous, a headache and a high temperature for the past two days",dengue,paraphrase,dengue-src-002,dengue-src-002,body pain|fever|headache|nausea|rash,WHO Dengue Fact Sheet,https://www.who.int/news-room/fact-sheets/detail/dengue-and-severe-dengue,Overview,"Most people who get dengue do not have symptoms. For those who do, the most common symptoms are high fever, headache, body aches, nausea and rash. Most get better in 1–2 weeks. Some develop severe dengue and need care in a hospital.",2026-09-19T01:48:25.516833+00:00,"Wording variant of dengue-src-002. Same symptom set, patient-voice phrasing and synonyms only; no clinical content added."
dengue-para-002,"came in complaining of feeling restless, muscle aches, being sick, trouble catching my breath, fatigue, head pain, abdominal pain, bleeding gums, feeling nauseous, a skin rash, a fever, swollen lymph nodes and pain behind the eyes",dengue,paraphrase,dengue-src-003,dengue-src-003,abdominal pain|bleeding|fatigue|fever|headache|muscle pain|nausea|pain behind the eyes|rash|restlessness|shortness of breath|swollen glands|vomiting,WHO Dengue Fact Sheet,https://www.who.int/news-room/fact-sheets/detail/dengue-and-severe-dengue,Symptoms,"Most people with dengue have mild or no symptoms and will get better in 1–2 weeks. Rarely, dengue can be severe and lead to death. If symptoms occur, they usually begin 4–10 days after infection and last for 2–7 days. Symptoms may include: high fever (40°C/104°F) severe headache pain behind the eyes muscle and joint pains nausea vomiting swollen glands rash. Individuals who are infected for the second time are at greater risk of severe dengue. The symptoms of severe dengue often come after the fever has gone away and may include: severe abdominal pain persistent vomiting rapid breathing bleeding gums or nose fatigue restlessness blood in vomit or stool being very thirsty pale and cold skin feeling weak. People with these severe symptoms should seek care immediately. After recovery, people who have had dengue may experience fatigue for several weeks.",2026-09-19T01:48:25.516833+00:00,"Wording variant of dengue-src-003. Same symptom set, patient-voice phrasing and synonyms only; no clinical content added."
dengue-para-003,"i started with nausea, pain in my head, a skin rash, a fever and throwing up for the last few days",dengue,paraphrase,dengue-comb-001,dengue-comb-001,fever|headache|nausea|rash|vomiting,CDC Dengue Symptoms and Testing,https://www.cdc.gov/dengue/signs-symptoms/index.html,Symptoms,"The most common symptom of dengue is fever with any of the following: Aches and pains (eye pain, typically behind the eyes, muscle, joint, or bone pain) Nausea, vomiting Rash Any warning sign Dengue symptoms Fever with any of the following - Eye pain - Muscle pain - Bone pain - Joint pain - Headache - Nausea/vomiting - Rash CDC logo Mild symptoms of dengue can be confused with other illnesses that cause fever. Symptoms of dengue typically last 2–7 days. Most people will recover after about a week.",2026-09-19T01:48:25.126201+00:00,"Wording variant of dengue-comb-001. Same symptom set, patient-voice phrasing and synonyms only; no clinical content added."
dengue-para-004,"i have been having bleeding gums, nausea and being sick for several days now",dengue,paraphrase,dengue-comb-002,dengue-comb-002,bleeding|nausea|vomiting,WHO Dengue Fact Sheet,https://www.who.int/news-room/fact-sheets/detail/dengue-and-severe-dengue,Symptoms,"Most people with dengue have mild or no symptoms and will get better in 1–2 weeks. Rarely, dengue can be severe and lead to death. If symptoms occur, they usually begin 4–10 days after infection and last for 2–7 days. Symptoms may include: high fever (40°C/104°F) severe headache pain behind the eyes muscle and joint pains nausea vomiting swollen glands rash. Individuals who are infected for the second time are at greater risk of severe dengue. The symptoms of severe dengue often come after the fever has gone away and may include: severe abdominal pain persistent vomiting rapid breathing bleeding gums or nose fatigue restlessness blood in vomit or stool being very thirsty pale and cold skin feeling weak. People with these severe symptoms should seek care immediately. After recovery, people who have had dengue may experience fatigue for several weeks.",2026-09-19T01:48:25.516833+00:00,"Wording variant of dengue-comb-002. Same symptom set, patient-voice phrasing and synonyms only; no clinical content added."
dengue-para-005,"i have been having sore muscles, nausea and bleeding gums for about a week",dengue,paraphrase,dengue-comb-003,dengue-comb-003,bleeding|muscle pain|nausea,WHO Dengue Fact Sheet,https://www.who.int/news-room/fact-sheets/detail/dengue-and-severe-dengue,Symptoms,"Most people with dengue have mild or no symptoms and will get better in 1–2 weeks. Rarely, dengue can be severe and lead to death. If symptoms occur, they usually begin 4–10 days after infection and last for 2–7 days. Symptoms may include: high fever (40°C/104°F) severe headache pain behind the eyes muscle and joint pains nausea vomiting swollen glands rash. Individuals who are infected for the second time are at greater risk of severe dengue. The symptoms of severe dengue often come after the fever has gone away and may include: severe abdominal pain persistent vomiting rapid breathing bleeding gums or nose fatigue restlessness blood in vomit or stool being very thirsty pale and cold skin feeling weak. People with these severe symptoms should seek care immediately. After recovery, people who have had dengue may experience fatigue for several weeks.",2026-09-19T01:48:25.516833+00:00,"Wording variant of dengue-comb-003. Same symptom set, patient-voice phrasing and synonyms only; no clinical content added."
dengue-para-006,"i started with a rash, head pain and a high temperature for the last few days",dengue,paraphrase,dengue-comb-004,dengue-comb-004,fever|headache|rash,WHO Dengue Fact Sheet,https://www.who.int/news-room/fact-sheets/detail/dengue-and-severe-dengue,Overview,"Most people who get dengue do not have symptoms. For those who do, the most common symptoms are high fever, headache, body aches, nausea and rash. Most get better in 1–2 weeks. Some develop severe dengue and need care in a hospital.",2026-09-19T01:48:25.516833+00:00,"Wording variant of dengue-comb-004. Same symptom set, patient-voice phrasing and synonyms only; no clinical content added."
dengue-para-007,"i have had joint pain, vomiting and a high temperature for the last few days",dengue,paraphrase,dengue-comb-005,dengue-comb-005,fever|joint pain|vomiting,CDC Dengue Symptoms and Testing,https://www.cdc.gov/dengue/signs-symptoms/index.html,Symptoms,"The most common symptom of dengue is fever with any of the following: Aches and pains (eye pain, typically behind the eyes, muscle, joint, or bone pain) Nausea, vomiting Rash Any warning sign Dengue symptoms Fever with any of the following - Eye pain - Muscle pain - Bone pain - Joint pain - Headache - Nausea/vomiting - Rash CDC logo Mild symptoms of dengue can be confused with other illnesses that cause fever. Symptoms of dengue typically last 2–7 days. Most people will recover after about a week.",2026-09-19T01:48:25.126201+00:00,"Wording variant of dengue-comb-005. Same symptom set, patient-voice phrasing and synonyms only; no clinical content added."
dengue-para-008,"i have a fever, head pain and muscle aches",dengue,paraphrase,dengue-comb-006,dengue-comb-006,fever|headache|muscle pain,CDC Dengue Symptoms and Testing,https://www.cdc.gov/dengue/signs-symptoms/index.html,Symptoms,"The most common symptom of dengue is fever with any of the following: Aches and pains (eye pain, typically behind the eyes, muscle, joint, or bone pain) Nausea, vomiting Rash Any warning sign Dengue symptoms Fever with any of the following - Eye pain - Muscle pain - Bone pain - Joint pain - Headache - Nausea/vomiting - Rash CDC logo Mild symptoms of dengue can be confused with other illnesses that cause fever. Symptoms of dengue typically last 2–7 days. Most people will recover after about a week.",2026-09-19T01:48:25.126201+00:00,"Wording variant of dengue-comb-006. Same symptom set, patient-voice phrasing and synonyms only; no clinical content added."
dengue-para-009,"he has sore muscles, feeling restless, no energy and stomach pain",dengue,paraphrase,dengue-comb-007,dengue-comb-007,abdominal pain|fatigue|muscle pain|restlessness,WHO Dengue Fact Sheet,https://www.who.int/news-room/fact-sheets/detail/dengue-and-severe-dengue,Symptoms,"Most people with dengue have mild or no symptoms and will get better in 1–2 weeks. Rarely, dengue can be severe and lead to death. If symptoms occur, they usually begin 4–10 days after infection and last for 2–7 days. Symptoms may include: high fever (40°C/104°F) severe headache pain behind the eyes muscle and joint pains nausea vomiting swollen glands rash. Individuals who are infected for the second time are at greater risk of severe dengue. The symptoms of severe dengue often come after the fever has gone away and may include: severe abdominal pain persistent vomiting rapid breathing bleeding gums or nose fatigue restlessness blood in vomit or stool being very thirsty pale and cold skin feeling weak. People with these severe symptoms should seek care immediately. After recovery, people who have had dengue may experience fatigue for several weeks.",2026-09-19T01:48:25.516833+00:00,"Wording variant of dengue-comb-007. Same symptom set, patient-voice phrasing and synonyms only; no clinical content added."
dengue-para-010,"my symptoms are swollen lymph nodes, feeling nauseous, a high temperature and stomach pain",dengue,paraphrase,dengue-comb-008,dengue-comb-008,abdominal pain|fever|nausea|swollen glands,WHO Dengue Fact Sheet,https://www.who.int/news-room/fact-sheets/detail/dengue-and-severe-dengue,Symptoms,"Most people with dengue have mild or no symptoms and will get better in 1–2 weeks. Rarely, dengue can be severe and lead to death. If symptoms occur, they usually begin 4–10 days after infection and last for 2–7 days. Symptoms may include: high fever (40°C/104°F) severe headache pain behind the eyes muscle and joint pains nausea vomiting swollen glands rash. Individuals who are infected for the second time are at greater risk of severe dengue. The symptoms of severe dengue often come after the fever has gone away and may include: severe abdominal pain persistent vomiting rapid breathing bleeding gums or nose fatigue restlessness blood in vomit or stool being very thirsty pale and cold skin feeling weak. People with these severe symptoms should seek care immediately. After recovery, people who have had dengue may experience fatigue for several weeks.",2026-09-19T01:48:25.516833+00:00,"Wording variant of dengue-comb-008. Same symptom set, patient-voice phrasing and synonyms only; no clinical content added."
dengue-para-011,"came in complaining of feeling nauseous, being sick, sore muscles and pain in my head",dengue,paraphrase,dengue-comb-009,dengue-comb-009,headache|muscle pain|nausea|vomiting,CDC Dengue Symptoms and Testing,https://www.cdc.gov/dengue/signs-symptoms/index.html,Symptoms,"The most common symptom of dengue is fever with any of the following: Aches and pains (eye pain, typically behind the eyes, muscle, joint, or bone pain) Nausea, vomiting Rash Any warning sign Dengue symptoms Fever with any of the following - Eye pain - Muscle pain - Bone pain - Joint pain - Headache - Nausea/vomiting - Rash CDC logo Mild symptoms of dengue can be confused with other illnesses that cause fever. Symptoms of dengue typically last 2–7 days. Most people will recover after about a week.",2026-09-19T01:48:25.126201+00:00,"Wording variant of dengue-comb-009. Same symptom set, patient-voice phrasing and synonyms only; no clinical content added."
dengue-para-012,"my child has head pain, a rash and nausea",dengue,paraphrase,dengue-comb-010,dengue-comb-010,headache|nausea|rash,WHO Dengue Fact Sheet,https://www.who.int/news-room/fact-sheets/detail/dengue-and-severe-dengue,Overview,"Most people who get dengue do not have symptoms. For those who do, the most common symptoms are high fever, headache, body aches, nausea and rash. Most get better in 1–2 weeks. Some develop severe dengue and need care in a hospital.",2026-09-19T01:48:25.516833+00:00,"Wording variant of dengue-comb-010. Same symptom set, patient-voice phrasing and synonyms only; no clinical content added."
dengue-para-013,"she has had a rash, sore muscles and throwing up for the past two days",dengue,paraphrase,dengue-comb-011,dengue-comb-011,muscle pain|rash|vomiting,CDC Dengue Symptoms and Testing,https://www.cdc.gov/dengue/signs-symptoms/index.html,Symptoms,"The most common symptom of dengue is fever with any of the following: Aches and pains (eye pain, typically behind the eyes, muscle, joint, or bone pain) Nausea, vomiting Rash Any warning sign Dengue symptoms Fever with any of the following - Eye pain - Muscle pain - Bone pain - Joint pain - Headache - Nausea/vomiting - Rash CDC logo Mild symptoms of dengue can be confused with other illnesses that cause fever. Symptoms of dengue typically last 2–7 days. Most people will recover after about a week.",2026-09-19T01:48:25.126201+00:00,"Wording variant of dengue-comb-011. Same symptom set, patient-voice phrasing and synonyms only; no clinical content added."
dengue-para-014,"he has a rash, pain in my head and being sick",dengue,paraphrase,dengue-comb-012,dengue-comb-012,headache|rash|vomiting,CDC Dengue Symptoms and Testing,https://www.cdc.gov/dengue/signs-symptoms/index.html,Symptoms,"The most common symptom of dengue is fever with any of the following: Aches and pains (eye pain, typically behind the eyes, muscle, joint, or bone pain) Nausea, vomiting Rash Any warning sign Dengue symptoms Fever with any of the following - Eye pain - Muscle pain - Bone pain - Joint pain - Headache - Nausea/vomiting - Rash CDC logo Mild symptoms of dengue can be confused with other illnesses that cause fever. Symptoms of dengue typically last 2–7 days. Most people will recover after about a week.",2026-09-19T01:48:25.126201+00:00,"Wording variant of dengue-comb-012. Same symptom set, patient-voice phrasing and synonyms only; no clinical content added."
dengue-para-015,"i have been having a high temperature, a rash and aching all over for three days",dengue,paraphrase,dengue-comb-013,dengue-comb-013,body pain|fever|rash,WHO Dengue Fact Sheet,https://www.who.int/news-room/fact-sheets/detail/dengue-and-severe-dengue,Overview,"Most people who get dengue do not have symptoms. For those who do, the most common symptoms are high fever, headache, body aches, nausea and rash. Most get better in 1–2 weeks. Some develop severe dengue and need care in a hospital.",2026-09-19T01:48:25.516833+00:00,"Wording variant of dengue-comb-013. Same symptom set, patient-voice phrasing and synonyms only; no clinical content added."
dengue-para-016,"he has no energy, a rash, difficulty breathing, restlessness, abdominal pain and sore muscles",dengue,paraphrase,dengue-comb-014,dengue-comb-014,abdominal pain|fatigue|muscle pain|rash|restlessness|shortness of breath,WHO Dengue Fact Sheet,https://www.who.int/news-room/fact-sheets/detail/dengue-and-severe-dengue,Symptoms,"Most people with dengue have mild or no symptoms and will get better in 1–2 weeks. Rarely, dengue can be severe and lead to death. If symptoms occur, they usually begin 4–10 days after infection and last for 2–7 days. Symptoms may include: high fever (40°C/104°F) severe headache pain behind the eyes muscle and joint pains nausea vomiting swollen glands rash. Individuals who are infected for the second time are at greater risk of severe dengue. The symptoms of severe dengue often come after the fever has gone away and may include: severe abdominal pain persistent vomiting rapid breathing bleeding gums or nose fatigue restlessness blood in vomit or stool being very thirsty pale and cold skin feeling weak. People with these severe symptoms should seek care immediately. After recovery, people who have had dengue may experience fatigue for several weeks.",2026-09-19T01:48:25.516833+00:00,"Wording variant of dengue-comb-014. Same symptom set, patient-voice phrasing and synonyms only; no clinical content added."
dengue-para-017,"i have been having a fever, joint pain, head pain and a rash for three days",dengue,paraphrase,dengue-comb-015,dengue-comb-015,fever|headache|joint pain|rash,CDC Dengue Symptoms and Testing,https://www.cdc.gov/dengue/signs-symptoms/index.html,Symptoms,"The most common symptom of dengue is fever with any of the following: Aches and pains (eye pain, typically behind the eyes, muscle, joint, or bone pain) Nausea, vomiting Rash Any warning sign Dengue symptoms Fever with any of the following - Eye pain - Muscle pain - Bone pain - Joint pain - Headache - Nausea/vomiting - Rash CDC logo Mild symptoms of dengue can be confused with other illnesses that cause fever. Symptoms of dengue typically last 2–7 days. Most people will recover after about a week.",2026-09-19T01:48:25.126201+00:00,"Wording variant of dengue-comb-015. Same symptom set, patient-voice phrasing and synonyms only; no clinical content added."
dengue-para-018,"came in complaining of feeling sick to my stomach, feeling feverish, aching muscles and vomiting",dengue,paraphrase,dengue-comb-016,dengue-comb-016,fever|muscle pain|nausea|vomiting,CDC Dengue Symptoms and Testing,https://www.cdc.gov/dengue/signs-symptoms/index.html,Symptoms,"The most common symptom of dengue is fever with any of the following: Aches and pains (eye pain, typically behind the eyes, muscle, joint, or bone pain) Nausea, vomiting Rash Any warning sign Dengue symptoms Fever with any of the following - Eye pain - Muscle pain - Bone pain - Joint pain - Headache - Nausea/vomiting - Rash CDC logo Mild symptoms of dengue can be confused with other illnesses that cause fever. Symptoms of dengue typically last 2–7 days. Most people will recover after about a week.",2026-09-19T01:48:25.126201+00:00,"Wording variant of dengue-comb-016. Same symptom set, patient-voice phrasing and synonyms only; no clinical content added."
dengue-para-019,"patient reports being sick, feeling feverish, feeling sick to my stomach, muscle aches, aching joints, a skin rash and pain in my head",dengue,paraphrase,dengue-src-001,dengue-src-001,fever|headache|joint pain|muscle pain|nausea|rash|vomiting,CDC Dengue Symptoms and Testing,https://www.cdc.gov/dengue/signs-symptoms/index.html,Symptoms,"The most common symptom of dengue is fever with any of the following: Aches and pains (eye pain, typically behind the eyes, muscle, joint, or bone pain) Nausea, vomiting Rash Any warning sign Dengue symptoms Fever with any of the following - Eye pain - Muscle pain - Bone pain - Joint pain - Headache - Nausea/vomiting - Rash CDC logo Mild symptoms of dengue can be confused with other illnesses that cause fever. Symptoms of dengue typically last 2–7 days. Most people will recover after about a week.",2026-09-19T01:48:25.126201+00:00,"Wording variant of dengue-src-001. Same symptom set, patient-voice phrasing and synonyms only; no clinical content added."
dengue-para-020,"he has a rash, body aches, feeling feverish, feeling sick to my stomach and pain in my head",dengue,paraphrase,dengue-src-002,dengue-src-002,body pain|fever|headache|nausea|rash,WHO Dengue Fact Sheet,https://www.who.int/news-room/fact-sheets/detail/dengue-and-severe-dengue,Overview,"Most people who get dengue do not have symptoms. For those who do, the most common symptoms are high fever, headache, body aches, nausea and rash. Most get better in 1–2 weeks. Some develop severe dengue and need care in a hospital.",2026-09-19T01:48:25.516833+00:00,"Wording variant of dengue-src-002. Same symptom set, patient-voice phrasing and synonyms only; no clinical content added."
dengue-para-021,"patient reports bleeding gums, a headache, a high temperature, a skin rash, pain behind my eyes, swollen lymph nodes, difficulty breathing, nausea, restlessness, pain in my belly, feeling tired, being sick and sore muscles",dengue,paraphrase,dengue-src-003,dengue-src-003,abdominal pain|bleeding|fatigue|fever|headache|muscle pain|nausea|pain behind the eyes|rash|restlessness|shortness of breath|swollen glands|vomiting,WHO Dengue Fact Sheet,https://www.who.int/news-room/fact-sheets/detail/dengue-and-severe-dengue,Symptoms,"Most people with dengue have mild or no symptoms and will get better in 1–2 weeks. Rarely, dengue can be severe and lead to death. If symptoms occur, they usually begin 4–10 days after infection and last for 2–7 days. Symptoms may include: high fever (40°C/104°F) severe headache pain behind the eyes muscle and joint pains nausea vomiting swollen glands rash. Individuals who are infected for the second time are at greater risk of severe dengue. The symptoms of severe dengue often come after the fever has gone away and may include: severe abdominal pain persistent vomiting rapid breathing bleeding gums or nose fatigue restlessness blood in vomit or stool being very thirsty pale and cold skin feeling weak. People with these severe symptoms should seek care immediately. After recovery, people who have had dengue may experience fatigue for several weeks.",2026-09-19T01:48:25.516833+00:00,"Wording variant of dengue-src-003. Same symptom set, patient-voice phrasing and synonyms only; no clinical content added."
dengue-para-022,"he has a skin rash, feeling sick to my stomach, a high temperature, pain in my head and being sick",dengue,paraphrase,dengue-comb-001,dengue-comb-001,fever|headache|nausea|rash|vomiting,CDC Dengue Symptoms and Testing,https://www.cdc.gov/dengue/signs-symptoms/index.html,Symptoms,"The most common symptom of dengue is fever with any of the following: Aches and pains (eye pain, typically behind the eyes, muscle, joint, or bone pain) Nausea, vomiting Rash Any warning sign Dengue symptoms Fever with any of the following - Eye pain - Muscle pain - Bone pain - Joint pain - Headache - Nausea/vomiting - Rash CDC logo Mild symptoms of dengue can be confused with other illnesses that cause fever. Symptoms of dengue typically last 2–7 days. Most people will recover after about a week.",2026-09-19T01:48:25.126201+00:00,"Wording variant of dengue-comb-001. Same symptom set, patient-voice phrasing and synonyms only; no clinical content added."
dengue-para-023,"my symptoms are being sick, bleeding and feeling nauseous",dengue,paraphrase,dengue-comb-002,dengue-comb-002,bleeding|nausea|vomiting,WHO Dengue Fact Sheet,https://www.who.int/news-room/fact-sheets/detail/dengue-and-severe-dengue,Symptoms,"Most people with dengue have mild or no symptoms and will get better in 1–2 weeks. Rarely, dengue can be severe and lead to death. If symptoms occur, they usually begin 4–10 days after infection and last for 2–7 days. Symptoms may include: high fever (40°C/104°F) severe headache pain behind the eyes muscle and joint pains nausea vomiting swollen glands rash. Individuals who are infected for the second time are at greater risk of severe dengue. The symptoms of severe dengue often come after the fever has gone away and may include: severe abdominal pain persistent vomiting rapid breathing bleeding gums or nose fatigue restlessness blood in vomit or stool being very thirsty pale and cold skin feeling weak. People with these severe symptoms should seek care immediately. After recovery, people who have had dengue may experience fatigue for several weeks.",2026-09-19T01:48:25.516833+00:00,"Wording variant of dengue-comb-002. Same symptom set, patient-voice phrasing and synonyms only; no clinical content added."
dengue-para-024,"i have had feeling sick to my stomach, aching muscles and bleeding gums for about a week",dengue,paraphrase,dengue-comb-003,dengue-comb-003,bleeding|muscle pain|nausea,WHO Dengue Fact Sheet,https://www.who.int/news-room/fact-sheets/detail/dengue-and-severe-dengue,Symptoms,"Most people with dengue have mild or no symptoms and will get better in 1–2 weeks. Rarely, dengue can be severe and lead to death. If symptoms occur, they usually begin 4–10 days after infection and last for 2–7 days. Symptoms may include: high fever (40°C/104°F) severe headache pain behind the eyes muscle and joint pains nausea vomiting swollen glands rash. Individuals who are infected for the second time are at greater risk of severe dengue. The symptoms of severe dengue often come after the fever has gone away and may include: severe abdominal pain persistent vomiting rapid breathing bleeding gums or nose fatigue restlessness blood in vomit or stool being very thirsty pale and cold skin feeling weak. People with these severe symptoms should seek care immediately. After recovery, people who have had dengue may experience fatigue for several weeks.",2026-09-19T01:48:25.516833+00:00,"Wording variant of dengue-comb-003. Same symptom set, patient-voice phrasing and synonyms only; no clinical content added."
dengue-para-025,"i started with head pain, feeling feverish and a skin rash for the past two days",dengue,paraphrase,dengue-comb-004,dengue-comb-004,fever|headache|rash,WHO Dengue Fact Sheet,https://www.who.int/news-room/fact-sheets/detail/dengue-and-severe-dengue,Overview,"Most people who get dengue do not have symptoms. For those who do, the most common symptoms are high fever, headache, body aches, nausea and rash. Most get better in 1–2 weeks. Some develop severe dengue and need care in a hospital.",2026-09-19T01:48:25.516833+00:00,"Wording variant of dengue-comb-004. Same symptom set, patient-voice phrasing and synonyms only; no clinical content added."
dengue-para-026,"i have been having joint pain, a fever and throwing up for the last few days",dengue,paraphrase,dengue-comb-005,dengue-comb-005,fever|joint pain|vomiting,CDC Dengue Symptoms and Testing,https://www.cdc.gov/dengue/signs-symptoms/index.html,Symptoms,"The most common symptom of dengue is fever with any of the following: Aches and pains (eye pain, typically behind the eyes, muscle, joint, or bone pain) Nausea, vomiting Rash Any warning sign Dengue symptoms Fever with any of the following - Eye pain - Muscle pain - Bone pain - Joint pain - Headache - Nausea/vomiting - Rash CDC logo Mild symptoms of dengue can be confused with other illnesses that cause fever. Symptoms of dengue typically last 2–7 days. Most people will recover after about a week.",2026-09-19T01:48:25.126201+00:00,"Wording variant of dengue-comb-005. Same symptom set, patient-voice phrasing and synonyms only; no clinical content added."
dengue-src-001,fever nausea vomiting rash muscle pain joint pain headache,dengue,source,,dengue-src-001,fever|headache|joint pain|muscle pain|nausea|rash|vomiting,CDC Dengue Symptoms and Testing,https://www.cdc.gov/dengue/signs-symptoms/index.html,Symptoms,"The most common symptom of dengue is fever with any of the following: Aches and pains (eye pain, typically behind the eyes, muscle, joint, or bone pain) Nausea, vomiting Rash Any warning sign Dengue symptoms Fever with any of the following - Eye pain - Muscle pain - Bone pain - Joint pain - Headache - Nausea/vomiting - Rash CDC logo Mild symptoms of dengue can be confused with other illnesses that cause fever. Symptoms of dengue typically last 2–7 days. Most people will recover after about a week.",2026-09-19T01:48:25.126201+00:00,"Full symptom set attested by the 'Symptoms' section of CDC Dengue Symptoms and Testing, in the order the passage lists them."
dengue-src-002,high fever headache body aches nausea rash,dengue,source,,dengue-src-002,body pain|fever|headache|nausea|rash,WHO Dengue Fact Sheet,https://www.who.int/news-room/fact-sheets/detail/dengue-and-severe-dengue,Overview,"Most people who get dengue do not have symptoms. For those who do, the most common symptoms are high fever, headache, body aches, nausea and rash. Most get better in 1–2 weeks. Some develop severe dengue and need care in a hospital.",2026-09-19T01:48:25.516833+00:00,"Full symptom set attested by the 'Overview' section of WHO Dengue Fact Sheet, in the order the passage lists them."
dengue-src-003,high fever severe headache pain behind the eyes muscle and joint pains nausea swollen glands rash severe abdominal pain persistent vomiting rapid breathing fatigue restlessness blood in vomit or stool,dengue,source,,dengue-src-003,abdominal pain|bleeding|fatigue|fever|headache|muscle pain|nausea|pain behind the eyes|rash|restlessness|shortness of breath|swollen glands|vomiting,WHO Dengue Fact Sheet,https://www.who.int/news-room/fact-sheets/detail/dengue-and-severe-dengue,Symptoms,"Most people with dengue have mild or no symptoms and will get better in 1–2 weeks. Rarely, dengue can be severe and lead to death. If symptoms occur, they usually begin 4–10 days after infection and last for 2–7 days. Symptoms may include: high fever (40°C/104°F) severe headache pain behind the eyes muscle and joint pains nausea vomiting swollen glands rash. Individuals who are infected for the second time are at greater risk of severe dengue. The symptoms of severe dengue often come after the fever has gone away and may include: severe abdominal pain persistent vomiting rapid breathing bleeding gums or nose fatigue restlessness blood in vomit or stool being very thirsty pale and cold skin feeling weak. People with these severe symptoms should seek care immediately. After recovery, people who have had dengue may experience fatigue for several weeks.",2026-09-19T01:48:25.516833+00:00,"Full symptom set attested by the 'Symptoms' section of WHO Dengue Fact Sheet, in the order the passage lists them."
dengue-comb-001,fever nausea vomiting rash headache,dengue,source_combination,,dengue-comb-001,fever|headache|nausea|rash|vomiting,CDC Dengue Symptoms and Testing,https://www.cdc.gov/dengue/signs-symptoms/index.html,Symptoms,"The most common symptom of dengue is fever with any of the following: Aches and pains (eye pain, typically behind the eyes, muscle, joint, or bone pain) Nausea, vomiting Rash Any warning sign Dengue symptoms Fever with any of the following - Eye pain - Muscle pain - Bone pain - Joint pain - Headache - Nausea/vomiting - Rash CDC logo Mild symptoms of dengue can be confused with other illnesses that cause fever. Symptoms of dengue typically last 2–7 days. Most people will recover after about a week.",2026-09-19T01:48:25.126201+00:00,Subset of the symptoms attested by the 'Symptoms' section of CDC Dengue Symptoms and Testing. Every term appears in source_quote; the co-occurrence shown here is synthetic.
dengue-comb-002,nausea persistent vomiting blood in vomit or stool,dengue,source_combination,,dengue-comb-002,bleeding|nausea|vomiting,WHO Dengue Fact Sheet,https://www.who.int/news-room/fact-sheets/detail/dengue-and-severe-dengue,Symptoms,"Most people with dengue have mild or no symptoms and will get better in 1–2 weeks. Rarely, dengue can be severe and lead to death. If symptoms occur, they usually begin 4–10 days after infection and last for 2–7 days. Symptoms may include: high fever (40°C/104°F) severe headache pain behind the eyes muscle and joint pains nausea vomiting swollen glands rash. Individuals who are infected for the second time are at greater risk of severe dengue. The symptoms of severe dengue often come after the fever has gone away and may include: severe abdominal pain persistent vomiting rapid breathing bleeding gums or nose fatigue restlessness blood in vomit or stool being very thirsty pale and cold skin feeling weak. People with these severe symptoms should seek care immediately. After recovery, people who have had dengue may experience fatigue for several weeks.",2026-09-19T01:48:25.516833+00:00,Subset of the symptoms attested by the 'Symptoms' section of WHO Dengue Fact Sheet. Every term appears in source_quote; the co-occurrence shown here is synthetic.
dengue-comb-003,muscle and joint pains nausea blood in vomit or stool,dengue,source_combination,,dengue-comb-003,bleeding|muscle pain|nausea,WHO Dengue Fact Sheet,https://www.who.int/news-room/fact-sheets/detail/dengue-and-severe-dengue,Symptoms,"Most people with dengue have mild or no symptoms and will get better in 1–2 weeks. Rarely, dengue can be severe and lead to death. If symptoms occur, they usually begin 4–10 days after infection and last for 2–7 days. Symptoms may include: high fever (40°C/104°F) severe headache pain behind the eyes muscle and joint pains nausea vomiting swollen glands rash. Individuals who are infected for the second time are at greater risk of severe dengue. The symptoms of severe dengue often come after the fever has gone away and may include: severe abdominal pain persistent vomiting rapid breathing bleeding gums or nose fatigue restlessness blood in vomit or stool being very thirsty pale and cold skin feeling weak. People with these severe symptoms should seek care immediately. After recovery, people who have had dengue may experience fatigue for several weeks.",2026-09-19T01:48:25.516833+00:00,Subset of the symptoms attested by the 'Symptoms' section of WHO Dengue Fact Sheet. Every term appears in source_quote; the co-occurrence shown here is synthetic.
dengue-comb-004,high fever headache rash,dengue,source_combination,,dengue-comb-004,fever|headache|rash,WHO Dengue Fact Sheet,https://www.who.int/news-room/fact-sheets/detail/dengue-and-severe-dengue,Overview,"Most people who get dengue do not have symptoms. For those who do, the most common symptoms are high fever, headache, body aches, nausea and rash. Most get better in 1–2 weeks. Some develop severe dengue and need care in a hospital.",2026-09-19T01:48:25.516833+00:00,Subset of the symptoms attested by the 'Overview' section of WHO Dengue Fact Sheet. Every term appears in source_quote; the co-occurrence shown here is synthetic.
dengue-comb-005,fever vomiting joint pain,dengue,source_combination,,dengue-comb-005,fever|joint pain|vomiting,CDC Dengue Symptoms and Testing,https://www.cdc.gov/dengue/signs-symptoms/index.html,Symptoms,"The most common symptom of dengue is fever with any of the following: Aches and pains (eye pain, typically behind the eyes, muscle, joint, or bone pain) Nausea, vomiting Rash Any warning sign Dengue symptoms Fever with any of the following - Eye pain - Muscle pain - Bone pain - Joint pain - Headache - Nausea/vomiting - Rash CDC logo Mild symptoms of dengue can be confused with other illnesses that cause fever. Symptoms of dengue typically last 2–7 days. Most people will recover after about a week.",2026-09-19T01:48:25.126201+00:00,Subset of the symptoms attested by the 'Symptoms' section of CDC Dengue Symptoms and Testing. Every term appears in source_quote; the co-occurrence shown here is synthetic.
dengue-comb-006,fever muscle pain headache,dengue,source_combination,,dengue-comb-006,fever|headache|muscle pain,CDC Dengue Symptoms and Testing,https://www.cdc.gov/dengue/signs-symptoms/index.html,Symptoms,"The most common symptom of dengue is fever with any of the following: Aches and pains (eye pain, typically behind the eyes, muscle, joint, or bone pain) Nausea, vomiting Rash Any warning sign Dengue symptoms Fever with any of the following - Eye pain - Muscle pain - Bone pain - Joint pain - Headache - Nausea/vomiting - Rash CDC logo Mild symptoms of dengue can be confused with other illnesses that cause fever. Symptoms of dengue typically last 2–7 days. Most people will recover after about a week.",2026-09-19T01:48:25.126201+00:00,Subset of the symptoms attested by the 'Symptoms' section of CDC Dengue Symptoms and Testing. Every term appears in source_quote; the co-occurrence shown here is synthetic.
dengue-comb-007,muscle and joint pains severe abdominal pain fatigue restlessness,dengue,source_combination,,dengue-comb-007,abdominal pain|fatigue|muscle pain|restlessness,WHO Dengue Fact Sheet,https://www.who.int/news-room/fact-sheets/detail/dengue-and-severe-dengue,Symptoms,"Most people with dengue have mild or no symptoms and will get better in 1–2 weeks. Rarely, dengue can be severe and lead to death. If symptoms occur, they usually begin 4–10 days after infection and last for 2–7 days. Symptoms may include: high fever (40°C/104°F) severe headache pain behind the eyes muscle and joint pains nausea vomiting swollen glands rash. Individuals who are infected for the second time are at greater risk of severe dengue. The symptoms of severe dengue often come after the fever has gone away and may include: severe abdominal pain persistent vomiting rapid breathing bleeding gums or nose fatigue restlessness blood in vomit or stool being very thirsty pale and cold skin feeling weak. People with these severe symptoms should seek care immediately. After recovery, people who have had dengue may experience fatigue for several weeks.",2026-09-19T01:48:25.516833+00:00,Subset of the symptoms attested by the 'Symptoms' section of WHO Dengue Fact Sheet. Every term appears in source_quote; the co-occurrence shown here is synthetic.
dengue-comb-008,high fever nausea swollen glands severe abdominal pain,dengue,source_combination,,dengue-comb-008,abdominal pain|fever|nausea|swollen glands,WHO Dengue Fact Sheet,https://www.who.int/news-room/fact-sheets/detail/dengue-and-severe-dengue,Symptoms,"Most people with dengue have mild or no symptoms and will get better in 1–2 weeks. Rarely, dengue can be severe and lead to death. If symptoms occur, they usually begin 4–10 days after infection and last for 2–7 days. Symptoms may include: high fever (40°C/104°F) severe headache pain behind the eyes muscle and joint pains nausea vomiting swollen glands rash. Individuals who are infected for the second time are at greater risk of severe dengue. The symptoms of severe dengue often come after the fever has gone away and may include: severe abdominal pain persistent vomiting rapid breathing bleeding gums or nose fatigue restlessness blood in vomit or stool being very thirsty pale and cold skin feeling weak. People with these severe symptoms should seek care immediately. After recovery, people who have had dengue may experience fatigue for several weeks.",2026-09-19T01:48:25.516833+00:00,Subset of the symptoms attested by the 'Symptoms' section of WHO Dengue Fact Sheet. Every term appears in source_quote; the co-occurrence shown here is synthetic.
dengue-comb-009,nausea vomiting muscle pain headache,dengue,source_combination,,dengue-comb-009,headache|muscle pain|nausea|vomiting,CDC Dengue Symptoms and Testing,https://www.cdc.gov/dengue/signs-symptoms/index.html,Symptoms,"The most common symptom of dengue is fever with any of the following: Aches and pains (eye pain, typically behind the eyes, muscle, joint, or bone pain) Nausea, vomiting Rash Any warning sign Dengue symptoms Fever with any of the following - Eye pain - Muscle pain - Bone pain - Joint pain - Headache - Nausea/vomiting - Rash CDC logo Mild symptoms of dengue can be confused with other illnesses that cause fever. Symptoms of dengue typically last 2–7 days. Most people will recover after about a week.",2026-09-19T01:48:25.126201+00:00,Subset of the symptoms attested by the 'Symptoms' section of CDC Dengue Symptoms and Testing. Every term appears in source_quote; the co-occurrence shown here is synthetic.
dengue-comb-010,headache nausea rash,dengue,source_combination,,dengue-comb-010,headache|nausea|rash,WHO Dengue Fact Sheet,https://www.who.int/news-room/fact-sheets/detail/dengue-and-severe-dengue,Overview,"Most people who get dengue do not have symptoms. For those who do, the most common symptoms are high fever, headache, body aches, nausea and rash. Most get better in 1–2 weeks. Some develop severe dengue and need care in a hospital.",2026-09-19T01:48:25.516833+00:00,Subset of the symptoms attested by the 'Overview' section of WHO Dengue Fact Sheet. Every term appears in source_quote; the co-occurrence shown here is synthetic.
dengue-comb-011,vomiting rash muscle pain,dengue,source_combination,,dengue-comb-011,muscle pain|rash|vomiting,CDC Dengue Symptoms and Testing,https://www.cdc.gov/dengue/signs-symptoms/index.html,Symptoms,"The most common symptom of dengue is fever with any of the following: Aches and pains (eye pain, typically behind the eyes, muscle, joint, or bone pain) Nausea, vomiting Rash Any warning sign Dengue symptoms Fever with any of the following - Eye pain - Muscle pain - Bone pain - Joint pain - Headache - Nausea/vomiting - Rash CDC logo Mild symptoms of dengue can be confused with other illnesses that cause fever. Symptoms of dengue typically last 2–7 days. Most people will recover after about a week.",2026-09-19T01:48:25.126201+00:00,Subset of the symptoms attested by the 'Symptoms' section of CDC Dengue Symptoms and Testing. Every term appears in source_quote; the co-occurrence shown here is synthetic.
dengue-comb-012,vomiting rash headache,dengue,source_combination,,dengue-comb-012,headache|rash|vomiting,CDC Dengue Symptoms and Testing,https://www.cdc.gov/dengue/signs-symptoms/index.html,Symptoms,"The most common symptom of dengue is fever with any of the following: Aches and pains (eye pain, typically behind the eyes, muscle, joint, or bone pain) Nausea, vomiting Rash Any warning sign Dengue symptoms Fever with any of the following - Eye pain - Muscle pain - Bone pain - Joint pain - Headache - Nausea/vomiting - Rash CDC logo Mild symptoms of dengue can be confused with other illnesses that cause fever. Symptoms of dengue typically last 2–7 days. Most people will recover after about a week.",2026-09-19T01:48:25.126201+00:00,Subset of the symptoms attested by the 'Symptoms' section of CDC Dengue Symptoms and Testing. Every term appears in source_quote; the co-occurrence shown here is synthetic.
dengue-comb-013,high fever body aches rash,dengue,source_combination,,dengue-comb-013,body pain|fever|rash,WHO Dengue Fact Sheet,https://www.who.int/news-room/fact-sheets/detail/dengue-and-severe-dengue,Overview,"Most people who get dengue do not have symptoms. For those who do, the most common symptoms are high fever, headache, body aches, nausea and rash. Most get better in 1–2 weeks. Some develop severe dengue and need care in a hospital.",2026-09-19T01:48:25.516833+00:00,Subset of the symptoms attested by the 'Overview' section of WHO Dengue Fact Sheet. Every term appears in source_quote; the co-occurrence shown here is synthetic.
dengue-comb-014,muscle and joint pains rash severe abdominal pain rapid breathing fatigue restlessness,dengue,source_combination,,dengue-comb-014,abdominal pain|fatigue|muscle pain|rash|restlessness|shortness of breath,WHO Dengue Fact Sheet,https://www.who.int/news-room/fact-sheets/detail/dengue-and-severe-dengue,Symptoms,"Most people with dengue have mild or no symptoms and will get better in 1–2 weeks. Rarely, dengue can be severe and lead to death. If symptoms occur, they usually begin 4–10 days after infection and last for 2–7 days. Symptoms may include: high fever (40°C/104°F) severe headache pain behind the eyes muscle and joint pains nausea vomiting swollen glands rash. Individuals who are infected for the second time are at greater risk of severe dengue. The symptoms of severe dengue often come after the fever has gone away and may include: severe abdominal pain persistent vomiting rapid breathing bleeding gums or nose fatigue restlessness blood in vomit or stool being very thirsty pale and cold skin feeling weak. People with these severe symptoms should seek care immediately. After recovery, people who have had dengue may experience fatigue for several weeks.",2026-09-19T01:48:25.516833+00:00,Subset of the symptoms attested by the 'Symptoms' section of WHO Dengue Fact Sheet. Every term appears in source_quote; the co-occurrence shown here is synthetic.
dengue-comb-015,fever rash joint pain headache,dengue,source_combination,,dengue-comb-015,fever|headache|joint pain|rash,CDC Dengue Symptoms and Testing,https://www.cdc.gov/dengue/signs-symptoms/index.html,Symptoms,"The most common symptom of dengue is fever with any of the following: Aches and pains (eye pain, typically behind the eyes, muscle, joint, or bone pain) Nausea, vomiting Rash Any warning sign Dengue symptoms Fever with any of the following - Eye pain - Muscle pain - Bone pain - Joint pain - Headache - Nausea/vomiting - Rash CDC logo Mild symptoms of dengue can be confused with other illnesses that cause fever. Symptoms of dengue typically last 2–7 days. Most people will recover after about a week.",2026-09-19T01:48:25.126201+00:00,Subset of the symptoms attested by the 'Symptoms' section of CDC Dengue Symptoms and Testing. Every term appears in source_quote; the co-occurrence shown here is synthetic.
dengue-comb-016,fever nausea vomiting muscle pain,dengue,source_combination,,dengue-comb-016,fever|muscle pain|nausea|vomiting,CDC Dengue Symptoms and Testing,https://www.cdc.gov/dengue/signs-symptoms/index.html,Symptoms,"The most common symptom of dengue is fever with any of the following: Aches and pains (eye pain, typically behind the eyes, muscle, joint, or bone pain) Nausea, vomiting Rash Any warning sign Dengue symptoms Fever with any of the following - Eye pain - Muscle pain - Bone pain - Joint pain - Headache - Nausea/vomiting - Rash CDC logo Mild symptoms of dengue can be confused with other illnesses that cause fever. Symptoms of dengue typically last 2–7 days. Most people will recover after about a week.",2026-09-19T01:48:25.126201+00:00,Subset of the symptoms attested by the 'Symptoms' section of CDC Dengue Symptoms and Testing. Every term appears in source_quote; the co-occurrence shown here is synthetic.
flu-para-001,"my child has body aches, feeling feverish, fatigue, a cough and a sore throat",flu,paraphrase,flu-src-002,flu-src-002,body pain|cough|fatigue|fever|sore throat,WHO Influenza (Seasonal) Fact Sheet,https://www.who.int/news-room/fact-sheets/detail/influenza-(seasonal),Overview,"Symptoms of influenza include acute onset of fever, cough, sore throat, body aches and fatigue.",2026-09-19T01:48:26.240745+00:00,"Wording variant of flu-src-002. Same symptom set, patient-voice phrasing and synonyms only; no clinical content added."
flu-para-002,"she has had feeling tired, sore muscles, a headache, a runny nose, throat pain, coughing and a high temperature for the last few days",flu,paraphrase,flu-src-003,flu-src-003,cough|fatigue|fever|headache|muscle pain|runny nose|sore throat,WHO Influenza (Seasonal) Fact Sheet,https://www.who.int/news-room/fact-sheets/detail/influenza-(seasonal),Signs and symptoms,"Symptoms of influenza usually begin around 2 days after being infected by someone who has the virus. Symptoms include: sudden onset of fever cough (usually dry) headache muscle and joint pain severe malaise (feeling unwell) sore throat runny nose. The cough can be severe and can last 2 weeks or more. Most people recover from fever and other symptoms within a week without requiring medical attention. However, influenza can cause severe illness or death, especially in people at high risk. Influenza can worsen symptoms of other chronic diseases. In severe cases influenza can lead to pneumonia and sepsis. People with other medical issues or who have severe symptoms should seek medical care. Hospitalization and death due to influenza occur mainly among high-risk groups. In industrialized countries most deaths associated with influenza occur among people aged 65 years or older (1) . The effects of seasonal influenza epidemics in developing countries are not fully known, but research estimates that 99% of deaths in children under 5 years of age with influenza related lower respiratory tract infections are in developing countries (2) .",2026-09-19T01:48:26.240745+00:00,"Wording variant of flu-src-003. Same symptom set, patient-voice phrasing and synonyms only; no clinical content added."
flu-para-003,"came in complaining of coughing, a fever, pain in my head, muscle aches and feeling tired",flu,paraphrase,flu-comb-001,flu-comb-001,cough|fatigue|fever|headache|muscle pain,WHO Influenza (Seasonal) Fact Sheet,https://www.who.int/news-room/fact-sheets/detail/influenza-(seasonal),Signs and symptoms,"Symptoms of influenza usually begin around 2 days after being infected by someone who has the virus. Symptoms include: sudden onset of fever cough (usually dry) headache muscle and joint pain severe malaise (feeling unwell) sore throat runny nose. The cough can be severe and can last 2 weeks or more. Most people recover from fever and other symptoms within a week without requiring medical attention. However, influenza can cause severe illness or death, especially in people at high risk. Influenza can worsen symptoms of other chronic diseases. In severe cases influenza can lead to pneumonia and sepsis. People with other medical issues or who have severe symptoms should seek medical care. Hospitalization and death due to influenza occur mainly among high-risk groups. In industrialized countries most deaths associated with influenza occur among people aged 65 years or older (1) . The effects of seasonal influenza epidemics in developing countries are not fully known, but research estimates that 99% of deaths in children under 5 years of age with influenza related lower respiratory tract infections are in developing countries (2) .",2026-09-19T01:48:26.240745+00:00,"Wording variant of flu-comb-001. Same symptom set, patient-voice phrasing and synonyms only; no clinical content added."
flu-para-004,"patient reports no energy, vomiting, aching all over and a blocked nose",flu,paraphrase,flu-comb-002,flu-comb-002,body pain|fatigue|nasal congestion|vomiting,CDC Flu Signs and Symptoms,https://www.cdc.gov/flu/signs-symptoms/index.html,Symptoms,"Flu can cause mild to severe illness, and at times can lead to death. Flu symptoms usually come on suddenly. People who have flu often feel some or all of these signs and symptoms: fever* or feeling feverish/chills cough sore throat runny or stuffy nose muscle or body aches headaches fatigue (tiredness) some people may have vomiting and diarrhea, though this is more common in children than adults. *It's important to note that not everyone with flu will have a fever.",2026-09-19T01:48:25.893866+00:00,"Wording variant of flu-comb-002. Same symptom set, patient-voice phrasing and synonyms only; no clinical content added."
flu-para-005,"i started with coughing, feeling tired, feeling feverish and aching all over for about a week",flu,paraphrase,flu-comb-003,flu-comb-003,body pain|cough|fatigue|fever,WHO Influenza (Seasonal) Fact Sheet,https://www.who.int/news-room/fact-sheets/detail/influenza-(seasonal),Overview,"Symptoms of influenza include acute onset of fever, cough, sore throat, body aches and fatigue.",2026-09-19T01:48:26.240745+00:00,"Wording variant of flu-comb-003. Same symptom set, patient-voice phrasing and synonyms only; no clinical content added."
flu-para-006,"i have been having feeling tired, body aches, throwing up, chills, a blocked nose and feeling feverish for about a week",flu,paraphrase,flu-comb-004,flu-comb-004,body pain|chills|fatigue|fever|nasal congestion|vomiting,CDC Flu Signs and Symptoms,https://www.cdc.gov/flu/signs-symptoms/index.html,Symptoms,"Flu can cause mild to severe illness, and at times can lead to death. Flu symptoms usually come on suddenly. People who have flu often feel some or all of these signs and symptoms: fever* or feeling feverish/chills cough sore throat runny or stuffy nose muscle or body aches headaches fatigue (tiredness) some people may have vomiting and diarrhea, though this is more common in children than adults. *It's important to note that not everyone with flu will have a fever.",2026-09-19T01:48:25.893866+00:00,"Wording variant of flu-comb-004. Same symptom set, patient-voice phrasing and synonyms only; no clinical content added."
flu-para-007,"i started with a high temperature, fatigue, aching muscles, coughing and a runny nose for the past two days",flu,paraphrase,flu-comb-005,flu-comb-005,cough|fatigue|fever|muscle pain|runny nose,WHO Influenza (Seasonal) Fact Sheet,https://www.who.int/news-room/fact-sheets/detail/influenza-(seasonal),Signs and symptoms,"Symptoms of influenza usually begin around 2 days after being infected by someone who has the virus. Symptoms include: sudden onset of fever cough (usually dry) headache muscle and joint pain severe malaise (feeling unwell) sore throat runny nose. The cough can be severe and can last 2 weeks or more. Most people recover from fever and other symptoms within a week without requiring medical attention. However, influenza can cause severe illness or death, especially in people at high risk. Influenza can worsen symptoms of other chronic diseases. In severe cases influenza can lead to pneumonia and sepsis. People with other medical issues or who have severe symptoms should seek medical care. Hospitalization and death due to influenza occur mainly among high-risk groups. In industrialized countries most deaths associated with influenza occur among people aged 65 years or older (1) . The effects of seasonal influenza epidemics in developing countries are not fully known, but research estimates that 99% of deaths in children under 5 years of age with influenza related lower respiratory tract infections are in developing countries (2) .",2026-09-19T01:48:26.240745+00:00,"Wording variant of flu-comb-005. Same symptom set, patient-voice phrasing and synonyms only; no clinical content added."
flu-para-008,"i have had a headache, sore muscles, no energy, a cough and throat pain for the last few days",flu,paraphrase,flu-comb-006,flu-comb-006,cough|fatigue|headache|muscle pain|sore throat,WHO Influenza (Seasonal) Fact Sheet,https://www.who.int/news-room/fact-sheets/detail/influenza-(seasonal),Signs and symptoms,"Symptoms of influenza usually begin around 2 days after being infected by someone who has the virus. Symptoms include: sudden onset of fever cough (usually dry) headache muscle and joint pain severe malaise (feeling unwell) sore throat runny nose. The cough can be severe and can last 2 weeks or more. Most people recover from fever and other symptoms within a week without requiring medical attention. However, influenza can cause severe illness or death, especially in people at high risk. Influenza can worsen symptoms of other chronic diseases. In severe cases influenza can lead to pneumonia and sepsis. People with other medical issues or who have severe symptoms should seek medical care. Hospitalization and death due to influenza occur mainly among high-risk groups. In industrialized countries most deaths associated with influenza occur among people aged 65 years or older (1) . The effects of seasonal influenza epidemics in developing countries are not fully known, but research estimates that 99% of deaths in children under 5 years of age with influenza related lower respiratory tract infections are in developing countries (2) .",2026-09-19T01:48:26.240745+00:00,"Wording variant of flu-comb-006. Same symptom set, patient-voice phrasing and synonyms only; no clinical content added."
flu-para-009,"came in complaining of throat pain, aching all over, tiredness and feeling feverish",flu,paraphrase,flu-comb-007,flu-comb-007,body pain|fatigue|fever|sore throat,WHO Influenza (Seasonal) Fact Sheet,https://www.who.int/news-room/fact-sheets/detail/influenza-(seasonal),Overview,"Symptoms of influenza include acute onset of fever, cough, sore throat, body aches and fatigue.",2026-09-19T01:48:26.240745+00:00,"Wording variant of flu-comb-007. Same symptom set, patient-voice phrasing and synonyms only; no clinical content added."
flu-para-010,"patient reports nasal congestion, feeling feverish, head pain and tiredness",flu,paraphrase,flu-comb-008,flu-comb-008,fatigue|fever|headache|nasal congestion,CDC Flu Signs and Symptoms,https://www.cdc.gov/flu/signs-symptoms/index.html,Symptoms,"Flu can cause mild to severe illness, and at times can lead to death. Flu symptoms usually come on suddenly. People who have flu often feel some or all of these signs and symptoms: fever* or feeling feverish/chills cough sore throat runny or stuffy nose muscle or body aches headaches fatigue (tiredness) some people may have vomiting and diarrhea, though this is more common in children than adults. *It's important to note that not everyone with flu will have a fever.",2026-09-19T01:48:25.893866+00:00,"Wording variant of flu-comb-008. Same symptom set, patient-voice phrasing and synonyms only; no clinical content added."
flu-para-011,"she has had a sore throat, sore muscles, a high temperature, pain in my head, a runny nose and a cough for the last few days",flu,paraphrase,flu-comb-009,flu-comb-009,cough|fever|headache|muscle pain|runny nose|sore throat,WHO Influenza (Seasonal) Fact Sheet,https://www.who.int/news-room/fact-sheets/detail/influenza-(seasonal),Signs and symptoms,"Symptoms of influenza usually begin around 2 days after being infected by someone who has the virus. Symptoms include: sudden onset of fever cough (usually dry) headache muscle and joint pain severe malaise (feeling unwell) sore throat runny nose. The cough can be severe and can last 2 weeks or more. Most people recover from fever and other symptoms within a week without requiring medical attention. However, influenza can cause severe illness or death, especially in people at high risk. Influenza can worsen symptoms of other chronic diseases. In severe cases influenza can lead to pneumonia and sepsis. People with other medical issues or who have severe symptoms should seek medical care. Hospitalization and death due to influenza occur mainly among high-risk groups. In industrialized countries most deaths associated with influenza occur among people aged 65 years or older (1) . The effects of seasonal influenza epidemics in developing countries are not fully known, but research estimates that 99% of deaths in children under 5 years of age with influenza related lower respiratory tract infections are in developing countries (2) .",2026-09-19T01:48:26.240745+00:00,"Wording variant of flu-comb-009. Same symptom set, patient-voice phrasing and synonyms only; no clinical content added."
flu-para-012,"he has a fever, tiredness, a cough and throat pain",flu,paraphrase,flu-comb-010,flu-comb-010,cough|fatigue|fever|sore throat,WHO Influenza (Seasonal) Fact Sheet,https://www.who.int/news-room/fact-sheets/detail/influenza-(seasonal),Overview,"Symptoms of influenza include acute onset of fever, cough, sore throat, body aches and fatigue.",2026-09-19T01:48:26.240745+00:00,"Wording variant of flu-comb-010. Same symptom set, patient-voice phrasing and synonyms only; no clinical content added."
flu-para-013,"came in complaining of feeling feverish, a sore throat and coughing",flu,paraphrase,flu-comb-011,flu-comb-011,cough|fever|sore throat,WHO Influenza (Seasonal) Fact Sheet,https://www.who.int/news-room/fact-sheets/detail/influenza-(seasonal),Signs and symptoms,"Symptoms of influenza usually begin around 2 days after being infected by someone who has the virus. Symptoms include: sudden onset of fever cough (usually dry) headache muscle and joint pain severe malaise (feeling unwell) sore throat runny nose. The cough can be severe and can last 2 weeks or more. Most people recover from fever and other symptoms within a week without requiring medical attention. However, influenza can cause severe illness or death, especially in people at high risk. Influenza can worsen symptoms of other chronic diseases. In severe cases influenza can lead to pneumonia and sepsis. People with other medical issues or who have severe symptoms should seek medical care. Hospitalization and death due to influenza occur mainly among high-risk groups. In industrialized countries most deaths associated with influenza occur among people aged 65 years or older (1) . The effects of seasonal influenza epidemics in developing countries are not fully known, but research estimates that 99% of deaths in children under 5 years of age with influenza related lower respiratory tract infections are in developing countries (2) .",2026-09-19T01:48:26.240745+00:00,"Wording variant of flu-comb-011. Same symptom set, patient-voice phrasing and synonyms only; no clinical content added."
flu-para-014,"i started with diarrhea, a cough, body aches and pain in my head for three days",flu,paraphrase,flu-comb-012,flu-comb-012,body pain|cough|diarrhea|headache,CDC Flu Signs and Symptoms,https://www.cdc.gov/flu/signs-symptoms/index.html,Symptoms,"Flu can cause mild to severe illness, and at times can lead to death. Flu symptoms usually come on suddenly. People who have flu often feel some or all of these signs and symptoms: fever* or feeling feverish/chills cough sore throat runny or stuffy nose muscle or body aches headaches fatigue (tiredness) some people may have vomiting and diarrhea, though this is more common in children than adults. *It's important to note that not everyone with flu will have a fever.",2026-09-19T01:48:25.893866+00:00,"Wording variant of flu-comb-012. Same symptom set, patient-voice phrasing and synonyms only; no clinical content added."
flu-para-015,"i have been having a cough, aching all over, shivering and vomiting for the last few days",flu,paraphrase,flu-comb-013,flu-comb-013,body pain|chills|cough|vomiting,CDC Flu Signs and Symptoms,https://www.cdc.gov/flu/signs-symptoms/index.html,Symptoms,"Flu can cause mild to severe illness, and at times can lead to death. Flu symptoms usually come on suddenly. People who have flu often feel some or all of these signs and symptoms: fever* or feeling feverish/chills cough sore throat runny or stuffy nose muscle or body aches headaches fatigue (tiredness) some people may have vomiting and diarrhea, though this is more common in children than adults. *It's important to note that not everyone with flu will have a fever.",2026-09-19T01:48:25.893866+00:00,"Wording variant of flu-comb-013. Same symptom set, patient-voice phrasing and synonyms only; no clinical content added."
flu-para-016,"i am experiencing shivering, head pain and feeling feverish",flu,paraphrase,flu-comb-014,flu-comb-014,chills|fever|headache,CDC Flu Signs and Symptoms,https://www.cdc.gov/flu/signs-symptoms/index.html,Symptoms,"Flu can cause mild to severe illness, and at times can lead to death. Flu symptoms usually come on suddenly. People who have flu often feel some or all of these signs and symptoms: fever* or feeling feverish/chills cough sore throat runny or stuffy nose muscle or body aches headaches fatigue (tiredness) some people may have vomiting and diarrhea, though this is more common in children than adults. *It's important to note that not everyone with flu will have a fever.",2026-09-19T01:48:25.893866+00:00,"Wording variant of flu-comb-014. Same symptom set, patient-voice phrasing and synonyms only; no clinical content added."
flu-para-017,"i have been having diarrhea, a high temperature, a stuffy nose, the chills and a cough for about a week",flu,paraphrase,flu-comb-015,flu-comb-015,chills|cough|diarrhea|fever|nasal congestion,CDC Flu Signs and Symptoms,https://www.cdc.gov/flu/signs-symptoms/index.html,Symptoms,"Flu can cause mild to severe illness, and at times can lead to death. Flu symptoms usually come on suddenly. People who have flu often feel some or all of these signs and symptoms: fever* or feeling feverish/chills cough sore throat runny or stuffy nose muscle or body aches headaches fatigue (tiredness) some people may have vomiting and diarrhea, though this is more common in children than adults. *It's important to note that not everyone with flu will have a fever.",2026-09-19T01:48:25.893866+00:00,"Wording variant of flu-comb-015. Same symptom set, patient-voice phrasing and synonyms only; no clinical content added."
flu-para-018,"no energy, the chills and throwing up for three days",flu,paraphrase,flu-comb-016,flu-comb-016,chills|fatigue|vomiting,CDC Flu Signs and Symptoms,https://www.cdc.gov/flu/signs-symptoms/index.html,Symptoms,"Flu can cause mild to severe illness, and at times can lead to death. Flu symptoms usually come on suddenly. People who have flu often feel some or all of these signs and symptoms: fever* or feeling feverish/chills cough sore throat runny or stuffy nose muscle or body aches headaches fatigue (tiredness) some people may have vomiting and diarrhea, though this is more common in children than adults. *It's important to note that not everyone with flu will have a fever.",2026-09-19T01:48:25.893866+00:00,"Wording variant of flu-comb-016. Same symptom set, patient-voice phrasing and synonyms only; no clinical content added."
flu-para-019,"i have feeling feverish, feeling tired, a cough, aching all over, throwing up, loose stools, the chills, throat pain, a blocked nose and a headache",flu,paraphrase,flu-src-001,flu-src-001,body pain|chills|cough|diarrhea|fatigue|fever|headache|nasal congestion|sore throat|vomiting,CDC Flu Signs and Symptoms,https://www.cdc.gov/flu/signs-symptoms/index.html,Symptoms,"Flu can cause mild to severe illness, and at times can lead to death. Flu symptoms usually come on suddenly. People who have flu often feel some or all of these signs and symptoms: fever* or feeling feverish/chills cough sore throat runny or stuffy nose muscle or body aches headaches fatigue (tiredness) some people may have vomiting and diarrhea, though this is more common in children than adults. *It's important to note that not everyone with flu will have a fever.",2026-09-19T01:48:25.893866+00:00,"Wording variant of flu-src-001. Same symptom set, patient-voice phrasing and synonyms only; no clinical content added."
flu-para-020,"i have had a sore throat, body aches, coughing, fatigue and a fever for the past two days",flu,paraphrase,flu-src-002,flu-src-002,body pain|cough|fatigue|fever|sore throat,WHO Influenza (Seasonal) Fact Sheet,https://www.who.int/news-room/fact-sheets/detail/influenza-(seasonal),Overview,"Symptoms of influenza include acute onset of fever, cough, sore throat, body aches and fatigue.",2026-09-19T01:48:26.240745+00:00,"Wording variant of flu-src-002. Same symptom set, patient-voice phrasing and synonyms only; no clinical content added."
flu-para-021,"i have been having pain in my head, feeling tired, a cough, a sore throat, a nose that keeps running, feeling feverish and aching muscles for three days",flu,paraphrase,flu-src-003,flu-src-003,cough|fatigue|fever|headache|muscle pain|runny nose|sore throat,WHO Influenza (Seasonal) Fact Sheet,https://www.who.int/news-room/fact-sheets/detail/influenza-(seasonal),Signs and symptoms,"Symptoms of influenza usually begin around 2 days after being infected by someone who has the virus. Symptoms include: sudden onset of fever cough (usually dry) headache muscle and joint pain severe malaise (feeling unwell) sore throat runny nose. The cough can be severe and can last 2 weeks or more. Most people recover from fever and other symptoms within a week without requiring medical attention. However, influenza can cause severe illness or death, especially in people at high risk. Influenza can worsen symptoms of other chronic diseases. In severe cases influenza can lead to pneumonia and sepsis. People with other medical issues or who have severe symptoms should seek medical care. Hospitalization and death due to influenza occur mainly among high-risk groups. In industrialized countries most deaths associated with influenza occur among people aged 65 years or older (1) . The effects of seasonal influenza epidemics in developing countries are not fully known, but research estimates that 99% of deaths in children under 5 years of age with influenza related lower respiratory tract infections are in developing countries (2) .",2026-09-19T01:48:26.240745+00:00,"Wording variant of flu-src-003. Same symptom set, patient-voice phrasing and synonyms only; no clinical content added."
flu-para-022,"he has coughing, feeling feverish, pain in my head, sore muscles and no energy",flu,paraphrase,flu-comb-001,flu-comb-001,cough|fatigue|fever|headache|muscle pain,WHO Influenza (Seasonal) Fact Sheet,https://www.who.int/news-room/fact-sheets/detail/influenza-(seasonal),Signs and symptoms,"Symptoms of influenza usually begin around 2 days after being infected by someone who has the virus. Symptoms include: sudden onset of fever cough (usually dry) headache muscle and joint pain severe malaise (feeling unwell) sore throat runny nose. The cough can be severe and can last 2 weeks or more. Most people recover from fever and other symptoms within a week without requiring medical attention. However, influenza can cause severe illness or death, especially in people at high risk. Influenza can worsen symptoms of other chronic diseases. In severe cases influenza can lead to pneumonia and sepsis. People with other medical issues or who have severe symptoms should seek medical care. Hospitalization and death due to influenza occur mainly among high-risk groups. In industrialized countries most deaths associated with influenza occur among people aged 65 years or older (1) . The effects of seasonal influenza epidemics in developing countries are not fully known, but research estimates that 99% of deaths in children under 5 years of age with influenza related lower respiratory tract infections are in developing countries (2) .",2026-09-19T01:48:26.240745+00:00,"Wording variant of flu-comb-001. Same symptom set, patient-voice phrasing and synonyms only; no clinical content added."
flu-para-023,"i started with a stuffy nose, body aches, feeling tired and vomiting for the last few days",flu,paraphrase,flu-comb-002,flu-comb-002,body pain|fatigue|nasal congestion|vomiting,CDC Flu Signs and Symptoms,https://www.cdc.gov/flu/signs-symptoms/index.html,Symptoms,"Flu can cause mild to severe illness, and at times can lead to death. Flu symptoms usually come on suddenly. People who have flu often feel some or all of these signs and symptoms: fever* or feeling feverish/chills cough sore throat runny or stuffy nose muscle or body aches headaches fatigue (tiredness) some people may have vomiting and diarrhea, though this is more common in children than adults. *It's important to note that not everyone with flu will have a fever.",2026-09-19T01:48:25.893866+00:00,"Wording variant of flu-comb-002. Same symptom set, patient-voice phrasing and synonyms only; no clinical content added."
flu-para-024,"body aches, no energy, coughing and feeling feverish for the past two days",flu,paraphrase,flu-comb-003,flu-comb-003,body pain|cough|fatigue|fever,WHO Influenza (Seasonal) Fact Sheet,https://www.who.int/news-room/fact-sheets/detail/influenza-(seasonal),Overview,"Symptoms of influenza include acute onset of fever, cough, sore throat, body aches and fatigue.",2026-09-19T01:48:26.240745+00:00,"Wording variant of flu-comb-003. Same symptom set, patient-voice phrasing and synonyms only; no clinical content added."
flu-para-025,"shivering, feeling tired, throwing up, aching all over, a stuffy nose and a fever for the last few days",flu,paraphrase,flu-comb-004,flu-comb-004,body pain|chills|fatigue|fever|nasal congestion|vomiting,CDC Flu Signs and Symptoms,https://www.cdc.gov/flu/signs-symptoms/index.html,Symptoms,"Flu can cause mild to severe illness, and at times can lead to death. Flu symptoms usually come on suddenly. People who have flu often feel some or all of these signs and symptoms: fever* or feeling feverish/chills cough sore throat runny or stuffy nose muscle or body aches headaches fatigue (tiredness) some people may have vomiting and diarrhea, though this is more common in children than adults. *It's important to note that not everyone with flu will have a fever.",2026-09-19T01:48:25.893866+00:00,"Wording variant of flu-comb-004. Same symptom set, patient-voice phrasing and synonyms only; no clinical content added."
flu-para-026,"she has had a runny nose, a cough, no energy, aching muscles and a high temperature for several days now",flu,paraphrase,flu-comb-005,flu-comb-005,cough|fatigue|fever|muscle pain|runny nose,WHO Influenza (Seasonal) Fact Sheet,https://www.who.int/news-room/fact-sheets/detail/influenza-(seasonal),Signs and symptoms,"Symptoms of influenza usually begin around 2 days after being infected by someone who has the virus. Symptoms include: sudden onset of fever cough (usually dry) headache muscle and joint pain severe malaise (feeling unwell) sore throat runny nose. The cough can be severe and can last 2 weeks or more. Most people recover from fever and other symptoms within a week without requiring medical attention. However, influenza can cause severe illness or death, especially in people at high risk. Influenza can worsen symptoms of other chronic diseases. In severe cases influenza can lead to pneumonia and sepsis. People with other medical issues or who have severe symptoms should seek medical care. Hospitalization and death due to influenza occur mainly among high-risk groups. In industrialized countries most deaths associated with influenza occur among people aged 65 years or older (1) . The effects of seasonal influenza epidemics in developing countries are not fully known, but research estimates that 99% of deaths in children under 5 years of age with influenza related lower respiratory tract infections are in developing countries (2) .",2026-09-19T01:48:26.240745+00:00,"Wording variant of flu-comb-005. Same symptom set, patient-voice phrasing and synonyms only; no clinical content added."
flu-src-001,feeling feverish chills cough sore throat stuffy nose body aches headaches tiredness vomiting diarrhea,flu,source,,flu-src-001,body pain|chills|cough|diarrhea|fatigue|fever|headache|nasal congestion|sore throat|vomiting,CDC Flu Signs and Symptoms,https://www.cdc.gov/flu/signs-symptoms/index.html,Symptoms,"Flu can cause mild to severe illness, and at times can lead to death. Flu symptoms usually come on suddenly. People who have flu often feel some or all of these signs and symptoms: fever* or feeling feverish/chills cough sore throat runny or stuffy nose muscle or body aches headaches fatigue (tiredness) some people may have vomiting and diarrhea, though this is more common in children than adults. *It's important to note that not everyone with flu will have a fever.",2026-09-19T01:48:25.893866+00:00,"Full symptom set attested by the 'Symptoms' section of CDC Flu Signs and Symptoms, in the order the passage lists them."
flu-src-002,fever cough sore throat body aches fatigue,flu,source,,flu-src-002,body pain|cough|fatigue|fever|sore throat,WHO Influenza (Seasonal) Fact Sheet,https://www.who.int/news-room/fact-sheets/detail/influenza-(seasonal),Overview,"Symptoms of influenza include acute onset of fever, cough, sore throat, body aches and fatigue.",2026-09-19T01:48:26.240745+00:00,"Full symptom set attested by the 'Overview' section of WHO Influenza (Seasonal) Fact Sheet, in the order the passage lists them."
flu-src-003,fever cough headache muscle and joint pain malaise sore throat runny nose,flu,source,,flu-src-003,cough|fatigue|fever|headache|muscle pain|runny nose|sore throat,WHO Influenza (Seasonal) Fact Sheet,https://www.who.int/news-room/fact-sheets/detail/influenza-(seasonal),Signs and symptoms,"Symptoms of influenza usually begin around 2 days after being infected by someone who has the virus. Symptoms include: sudden onset of fever cough (usually dry) headache muscle and joint pain severe malaise (feeling unwell) sore throat runny nose. The cough can be severe and can last 2 weeks or more. Most people recover from fever and other symptoms within a week without requiring medical attention. However, influenza can cause severe illness or death, especially in people at high risk. Influenza can worsen symptoms of other chronic diseases. In severe cases influenza can lead to pneumonia and sepsis. People with other medical issues or who have severe symptoms should seek medical care. Hospitalization and death due to influenza occur mainly among high-risk groups. In industrialized countries most deaths associated with influenza occur among people aged 65 years or older (1) . The effects of seasonal influenza epidemics in developing countries are not fully known, but research estimates that 99% of deaths in children under 5 years of age with influenza related lower respiratory tract infections are in developing countries (2) .",2026-09-19T01:48:26.240745+00:00,"Full symptom set attested by the 'Signs and symptoms' section of WHO Influenza (Seasonal) Fact Sheet, in the order the passage lists them."
flu-comb-001,fever cough headache muscle and joint pain malaise,flu,source_combination,,flu-comb-001,cough|fatigue|fever|headache|muscle pain,WHO Influenza (Seasonal) Fact Sheet,https://www.who.int/news-room/fact-sheets/detail/influenza-(seasonal),Signs and symptoms,"Symptoms of influenza usually begin around 2 days after being infected by someone who has the virus. Symptoms include: sudden onset of fever cough (usually dry) headache muscle and joint pain severe malaise (feeling unwell) sore throat runny nose. The cough can be severe and can last 2 weeks or more. Most people recover from fever and other symptoms within a week without requiring medical attention. However, influenza can cause severe illness or death, especially in people at high risk. Influenza can worsen symptoms of other chronic diseases. In severe cases influenza can lead to pneumonia and sepsis. People with other medical issues or who have severe symptoms should seek medical care. Hospitalization and death due to influenza occur mainly among high-risk groups. In industrialized countries most deaths associated with influenza occur among people aged 65 years or older (1) . The effects of seasonal influenza epidemics in developing countries are not fully known, but research estimates that 99% of deaths in children under 5 years of age with influenza related lower respiratory tract infections are in developing countries (2) .",2026-09-19T01:48:26.240745+00:00,Subset of the symptoms attested by the 'Signs and symptoms' section of WHO Influenza (Seasonal) Fact Sheet. Every term appears in source_quote; the co-occurrence shown here is synthetic.
flu-comb-002,stuffy nose body aches tiredness vomiting,flu,source_combination,,flu-comb-002,body pain|fatigue|nasal congestion|vomiting,CDC Flu Signs and Symptoms,https://www.cdc.gov/flu/signs-symptoms/index.html,Symptoms,"Flu can cause mild to severe illness, and at times can lead to death. Flu symptoms usually come on suddenly. People who have flu often feel some or all of these signs and symptoms: fever* or feeling feverish/chills cough sore throat runny or stuffy nose muscle or body aches headaches fatigue (tiredness) some people may have vomiting and diarrhea, though this is more common in children than adults. *It's important to note that not everyone with flu will have a fever.",2026-09-19T01:48:25.893866+00:00,Subset of the symptoms attested by the 'Symptoms' section of CDC Flu Signs and Symptoms. Every term appears in source_quote; the co-occurrence shown here is synthetic.
flu-comb-003,fever cough body aches fatigue,flu,source_combination,,flu-comb-003,body pain|cough|fatigue|fever,WHO Influenza (Seasonal) Fact Sheet,https://www.who.int/news-room/fact-sheets/detail/influenza-(seasonal),Overview,"Symptoms of influenza include acute onset of fever, cough, sore throat, body aches and fatigue.",2026-09-19T01:48:26.240745+00:00,Subset of the symptoms attested by the 'Overview' section of WHO Influenza (Seasonal) Fact Sheet. Every term appears in source_quote; the co-occurrence shown here is synthetic.
flu-comb-004,feeling feverish chills stuffy nose body aches tiredness vomiting,flu,source_combination,,flu-comb-004,body pain|chills|fatigue|fever|nasal congestion|vomiting,CDC Flu Signs and Symptoms,https://www.cdc.gov/flu/signs-symptoms/index.html,Symptoms,"Flu can cause mild to severe illness, and at times can lead to death. Flu symptoms usually come on suddenly. People who have flu often feel some or all of these signs and symptoms: fever* or feeling feverish/chills cough sore throat runny or stuffy nose muscle or body aches headaches fatigue (tiredness) some people may have vomiting and diarrhea, though this is more common in children than adults. *It's important to note that not everyone with flu will have a fever.",2026-09-19T01:48:25.893866+00:00,Subset of the symptoms attested by the 'Symptoms' section of CDC Flu Signs and Symptoms. Every term appears in source_quote; the co-occurrence shown here is synthetic.
flu-comb-005,fever cough muscle and joint pain malaise runny nose,flu,source_combination,,flu-comb-005,cough|fatigue|fever|muscle pain|runny nose,WHO Influenza (Seasonal) Fact Sheet,https://www.who.int/news-room/fact-sheets/detail/influenza-(seasonal),Signs and symptoms,"Symptoms of influenza usually begin around 2 days after being infected by someone who has the virus. Symptoms include: sudden onset of fever cough (usually dry) headache muscle and joint pain severe malaise (feeling unwell) sore throat runny nose. The cough can be severe and can last 2 weeks or more. Most people recover from fever and other symptoms within a week without requiring medical attention. However, influenza can cause severe illness or death, especially in people at high risk. Influenza can worsen symptoms of other chronic diseases. In severe cases influenza can lead to pneumonia and sepsis. People with other medical issues or who have severe symptoms should seek medical care. Hospitalization and death due to influenza occur mainly among high-risk groups. In industrialized countries most deaths associated with influenza occur among people aged 65 years or older (1) . The effects of seasonal influenza epidemics in developing countries are not fully known, but research estimates that 99% of deaths in children under 5 years of age with influenza related lower respiratory tract infections are in developing countries (2) .",2026-09-19T01:48:26.240745+00:00,Subset of the symptoms attested by the 'Signs and symptoms' section of WHO Influenza (Seasonal) Fact Sheet. Every term appears in source_quote; the co-occurrence shown here is synthetic.
flu-comb-006,cough headache muscle and joint pain malaise sore throat,flu,source_combination,,flu-comb-006,cough|fatigue|headache|muscle pain|sore throat,WHO Influenza (Seasonal) Fact Sheet,https://www.who.int/news-room/fact-sheets/detail/influenza-(seasonal),Signs and symptoms,"Symptoms of influenza usually begin around 2 days after being infected by someone who has the virus. Symptoms include: sudden onset of fever cough (usually dry) headache muscle and joint pain severe malaise (feeling unwell) sore throat runny nose. The cough can be severe and can last 2 weeks or more. Most people recover from fever and other symptoms within a week without requiring medical attention. However, influenza can cause severe illness or death, especially in people at high risk. Influenza can worsen symptoms of other chronic diseases. In severe cases influenza can lead to pneumonia and sepsis. People with other medical issues or who have severe symptoms should seek medical care. Hospitalization and death due to influenza occur mainly among high-risk groups. In industrialized countries most deaths associated with influenza occur among people aged 65 years or older (1) . The effects of seasonal influenza epidemics in developing countries are not fully known, but research estimates that 99% of deaths in children under 5 years of age with influenza related lower respiratory tract infections are in developing countries (2) .",2026-09-19T01:48:26.240745+00:00,Subset of the symptoms attested by the 'Signs and symptoms' section of WHO Influenza (Seasonal) Fact Sheet. Every term appears in source_quote; the co-occurrence shown here is synthetic.
flu-comb-007,fever sore throat body aches fatigue,flu,source_combination,,flu-comb-007,body pain|fatigue|fever|sore throat,WHO Influenza (Seasonal) Fact Sheet,https://www.who.int/news-room/fact-sheets/detail/influenza-(seasonal),Overview,"Symptoms of influenza include acute onset of fever, cough, sore throat, body aches and fatigue.",2026-09-19T01:48:26.240745+00:00,Subset of the symptoms attested by the 'Overview' section of WHO Influenza (Seasonal) Fact Sheet. Every term appears in source_quote; the co-occurrence shown here is synthetic.
flu-comb-008,feeling feverish stuffy nose headaches tiredness,flu,source_combination,,flu-comb-008,fatigue|fever|headache|nasal congestion,CDC Flu Signs and Symptoms,https://www.cdc.gov/flu/signs-symptoms/index.html,Symptoms,"Flu can cause mild to severe illness, and at times can lead to death. Flu symptoms usually come on suddenly. People who have flu often feel some or all of these signs and symptoms: fever* or feeling feverish/chills cough sore throat runny or stuffy nose muscle or body aches headaches fatigue (tiredness) some people may have vomiting and diarrhea, though this is more common in children than adults. *It's important to note that not everyone with flu will have a fever.",2026-09-19T01:48:25.893866+00:00,Subset of the symptoms attested by the 'Symptoms' section of CDC Flu Signs and Symptoms. Every term appears in source_quote; the co-occurrence shown here is synthetic.
flu-comb-009,fever cough headache muscle and joint pain sore throat runny nose,flu,source_combination,,flu-comb-009,cough|fever|headache|muscle pain|runny nose|sore throat,WHO Influenza (Seasonal) Fact Sheet,https://www.who.int/news-room/fact-sheets/detail/influenza-(seasonal),Signs and symptoms,"Symptoms of influenza usually begin around 2 days after being infected by someone who has the virus. Symptoms include: sudden onset of fever cough (usually dry) headache muscle and joint pain severe malaise (feeling unwell) sore throat runny nose. The cough can be severe and can last 2 weeks or more. Most people recover from fever and other symptoms within a week without requiring medical attention. However, influenza can cause severe illness or death, especially in people at high risk. Influenza can worsen symptoms of other chronic diseases. In severe cases influenza can lead to pneumonia and sepsis. People with other medical issues or who have severe symptoms should seek medical care. Hospitalization and death due to influenza occur mainly among high-risk groups. In industrialized countries most deaths associated with influenza occur among people aged 65 years or older (1) . The effects of seasonal influenza epidemics in developing countries are not fully known, but research estimates that 99% of deaths in children under 5 years of age with influenza related lower respiratory tract infections are in developing countries (2) .",2026-09-19T01:48:26.240745+00:00,Subset of the symptoms attested by the 'Signs and symptoms' section of WHO Influenza (Seasonal) Fact Sheet. Every term appears in source_quote; the co-occurrence shown here is synthetic.
flu-comb-010,fever cough sore throat fatigue,flu,source_combination,,flu-comb-010,cough|fatigue|fever|sore throat,WHO Influenza (Seasonal) Fact Sheet,https://www.who.int/news-room/fact-sheets/detail/influenza-(seasonal),Overview,"Symptoms of influenza include acute onset of fever, cough, sore throat, body aches and fatigue.",2026-09-19T01:48:26.240745+00:00,Subset of the symptoms attested by the 'Overview' section of WHO Influenza (Seasonal) Fact Sheet. Every term appears in source_quote; the co-occurrence shown here is synthetic.
flu-comb-011,fever cough sore throat,flu,source_combination,,flu-comb-011,cough|fever|sore throat,WHO Influenza (Seasonal) Fact Sheet,https://www.who.int/news-room/fact-sheets/detail/influenza-(seasonal),Signs and symptoms,"Symptoms of influenza usually begin around 2 days after being infected by someone who has the virus. Symptoms include: sudden onset of fever cough (usually dry) headache muscle and joint pain severe malaise (feeling unwell) sore throat runny nose. The cough can be severe and can last 2 weeks or more. Most people recover from fever and other symptoms within a week without requiring medical attention. However, influenza can cause severe illness or death, especially in people at high risk. Influenza can worsen symptoms of other chronic diseases. In severe cases influenza can lead to pneumonia and sepsis. People with other medical issues or who have severe symptoms should seek medical care. Hospitalization and death due to influenza occur mainly among high-risk groups. In industrialized countries most deaths associated with influenza occur among people aged 65 years or older (1) . The effects of seasonal influenza epidemics in developing countries are not fully known, but research estimates that 99% of deaths in children under 5 years of age with influenza related lower respiratory tract infections are in developing countries (2) .",2026-09-19T01:48:26.240745+00:00,Subset of the symptoms attested by the 'Signs and symptoms' section of WHO Influenza (Seasonal) Fact Sheet. Every term appears in source_quote; the co-occurrence shown here is synthetic.
flu-comb-012,cough body aches headaches diarrhea,flu,source_combination,,flu-comb-012,body pain|cough|diarrhea|headache,CDC Flu Signs and Symptoms,https://www.cdc.gov/flu/signs-symptoms/index.html,Symptoms,"Flu can cause mild to severe illness, and at times can lead to death. Flu symptoms usually come on suddenly. People who have flu often feel some or all of these signs and symptoms: fever* or feeling feverish/chills cough sore throat runny or stuffy nose muscle or body aches headaches fatigue (tiredness) some people may have vomiting and diarrhea, though this is more common in children than adults. *It's important to note that not everyone with flu will have a fever.",2026-09-19T01:48:25.893866+00:00,Subset of the symptoms attested by the 'Symptoms' section of CDC Flu Signs and Symptoms. Every term appears in source_quote; the co-occurrence shown here is synthetic.
flu-comb-013,chills cough body aches vomiting,flu,source_combination,,flu-comb-013,body pain|chills|cough|vomiting,CDC Flu Signs and Symptoms,https://www.cdc.gov/flu/signs-symptoms/index.html,Symptoms,"Flu can cause mild to severe illness, and at times can lead to death. Flu symptoms usually come on suddenly. People who have flu often feel some or all of these signs and symptoms: fever* or feeling feverish/chills cough sore throat runny or stuffy nose muscle or body aches headaches fatigue (tiredness) some people may have vomiting and diarrhea, though this is more common in children than adults. *It's important to note that not everyone with flu will have a fever.",2026-09-19T01:48:25.893866+00:00,Subset of the symptoms attested by the 'Symptoms' section of CDC Flu Signs and Symptoms. Every term appears in source_quote; the co-occurrence shown here is synthetic.
flu-comb-014,feeling feverish chills headaches,flu,source_combination,,flu-comb-014,chills|fever|headache,CDC Flu Signs and Symptoms,https://www.cdc.gov/flu/signs-symptoms/index.html,Symptoms,"Flu can cause mild to severe illness, and at times can lead to death. Flu symptoms usually come on suddenly. People who have flu often feel some or all of these signs and symptoms: fever* or feeling feverish/chills cough sore throat runny or stuffy nose muscle or body aches headaches fatigue (tiredness) some people may have vomiting and diarrhea, though this is more common in children than adults. *It's important to note that not everyone with flu will have a fever.",2026-09-19T01:48:25.893866+00:00,Subset of the symptoms attested by the 'Symptoms' section of CDC Flu Signs and Symptoms. Every term appears in source_quote; the co-occurrence shown here is synthetic.
flu-comb-015,feeling feverish chills cough stuffy nose diarrhea,flu,source_combination,,flu-comb-015,chills|cough|diarrhea|fever|nasal congestion,CDC Flu Signs and Symptoms,https://www.cdc.gov/flu/signs-symptoms/index.html,Symptoms,"Flu can cause mild to severe illness, and at times can lead to death. Flu symptoms usually come on suddenly. People who have flu often feel some or all of these signs and symptoms: fever* or feeling feverish/chills cough sore throat runny or stuffy nose muscle or body aches headaches fatigue (tiredness) some people may have vomiting and diarrhea, though this is more common in children than adults. *It's important to note that not everyone with flu will have a fever.",2026-09-19T01:48:25.893866+00:00,Subset of the symptoms attested by the 'Symptoms' section of CDC Flu Signs and Symptoms. Every term appears in source_quote; the co-occurrence shown here is synthetic.
flu-comb-016,chills tiredness vomiting,flu,source_combination,,flu-comb-016,chills|fatigue|vomiting,CDC Flu Signs and Symptoms,https://www.cdc.gov/flu/signs-symptoms/index.html,Symptoms,"Flu can cause mild to severe illness, and at times can lead to death. Flu symptoms usually come on suddenly. People who have flu often feel some or all of these signs and symptoms: fever* or feeling feverish/chills cough sore throat runny or stuffy nose muscle or body aches headaches fatigue (tiredness) some people may have vomiting and diarrhea, though this is more common in children than adults. *It's important to note that not everyone with flu will have a fever.",2026-09-19T01:48:25.893866+00:00,Subset of the symptoms attested by the 'Symptoms' section of CDC Flu Signs and Symptoms. Every term appears in source_quote; the co-occurrence shown here is synthetic.
gastroenteritis-para-001,"he has head pain, loose stools and feeling nauseous",gastroenteritis,paraphrase,gastroenteritis-comb-001,gastroenteritis-comb-001,diarrhea|headache|nausea,CDC Norovirus About,https://www.cdc.gov/norovirus/about/index.html,Signs and symptoms,"A person usually develops symptoms 12 to 48 hours after being exposed to norovirus. Most common symptoms: Diarrhea, vomiting, nausea, stomach pain Other symptoms: Fever, headache, and body aches",2026-09-19T01:48:26.616973+00:00,"Wording variant of gastroenteritis-comb-001. Same symptom set, patient-voice phrasing and synonyms only; no clinical content added."
gastroenteritis-para-002,"patient reports abdominal pain, body aches, feeling sick to my stomach, diarrhea and feeling feverish",gastroenteritis,paraphrase,gastroenteritis-comb-002,gastroenteritis-comb-002,abdominal pain|body pain|diarrhea|fever|nausea,CDC Norovirus About,https://www.cdc.gov/norovirus/about/index.html,Signs and symptoms,"A person usually develops symptoms 12 to 48 hours after being exposed to norovirus. Most common symptoms: Diarrhea, vomiting, nausea, stomach pain Other symptoms: Fever, headache, and body aches",2026-09-19T01:48:26.616973+00:00,"Wording variant of gastroenteritis-comb-002. Same symptom set, patient-voice phrasing and synonyms only; no clinical content added."
gastroenteritis-para-003,"i started with aching all over, feeling nauseous, stomach pain, feeling feverish and throwing up for the last few days",gastroenteritis,paraphrase,gastroenteritis-comb-003,gastroenteritis-comb-003,abdominal pain|body pain|fever|nausea|vomiting,CDC Norovirus About,https://www.cdc.gov/norovirus/about/index.html,Signs and symptoms,"A person usually develops symptoms 12 to 48 hours after being exposed to norovirus. Most common symptoms: Diarrhea, vomiting, nausea, stomach pain Other symptoms: Fever, headache, and body aches",2026-09-19T01:48:26.616973+00:00,"Wording variant of gastroenteritis-comb-003. Same symptom set, patient-voice phrasing and synonyms only; no clinical content added."
gastroenteritis-para-004,"i am experiencing diarrhea, aching all over, feeling feverish, throwing up, feeling sick to my stomach and head pain",gastroenteritis,paraphrase,gastroenteritis-comb-004,gastroenteritis-comb-004,body pain|diarrhea|fever|headache|nausea|vomiting,CDC Norovirus About,https://www.cdc.gov/norovirus/about/index.html,Signs and symptoms,"A person usually develops symptoms 12 to 48 hours after being exposed to norovirus. Most common symptoms: Diarrhea, vomiting, nausea, stomach pain Other symptoms: Fever, headache, and body aches",2026-09-19T01:48:26.616973+00:00,"Wording variant of gastroenteritis-comb-004. Same symptom set, patient-voice phrasing and synonyms only; no clinical content added."
gastroenteritis-para-005,"i have body aches, a high temperature, head pain and abdominal pain",gastroenteritis,paraphrase,gastroenteritis-comb-005,gastroenteritis-comb-005,abdominal pain|body pain|fever|headache,CDC Norovirus About,https://www.cdc.gov/norovirus/about/index.html,Signs and symptoms,"A person usually develops symptoms 12 to 48 hours after being exposed to norovirus. Most common symptoms: Diarrhea, vomiting, nausea, stomach pain Other symptoms: Fever, headache, and body aches",2026-09-19T01:48:26.616973+00:00,"Wording variant of gastroenteritis-comb-005. Same symptom set, patient-voice phrasing and synonyms only; no clinical content added."
gastroenteritis-para-006,"i started with feeling nauseous, feeling feverish, being sick, abdominal pain, pain in my head and body aches for the past two days",gastroenteritis,paraphrase,gastroenteritis-comb-006,gastroenteritis-comb-006,abdominal pain|body pain|fever|headache|nausea|vomiting,CDC Norovirus About,https://www.cdc.gov/norovirus/about/index.html,Signs and symptoms,"A person usually develops symptoms 12 to 48 hours after being exposed to norovirus. Most common symptoms: Diarrhea, vomiting, nausea, stomach pain Other symptoms: Fever, headache, and body aches",2026-09-19T01:48:26.616973+00:00,"Wording variant of gastroenteritis-comb-006. Same symptom set, patient-voice phrasing and synonyms only; no clinical content added."
gastroenteritis-para-007,"she has had throwing up, feeling feverish, diarrhea and head pain for the past two days",gastroenteritis,paraphrase,gastroenteritis-comb-007,gastroenteritis-comb-007,diarrhea|fever|headache|vomiting,CDC Norovirus About,https://www.cdc.gov/norovirus/about/index.html,Signs and symptoms,"A person usually develops symptoms 12 to 48 hours after being exposed to norovirus. Most common symptoms: Diarrhea, vomiting, nausea, stomach pain Other symptoms: Fever, headache, and body aches",2026-09-19T01:48:26.616973+00:00,"Wording variant of gastroenteritis-comb-007. Same symptom set, patient-voice phrasing and synonyms only; no clinical content added."
gastroenteritis-para-008,"came in complaining of pain in my head, feeling feverish, nausea and being sick",gastroenteritis,paraphrase,gastroenteritis-comb-008,gastroenteritis-comb-008,fever|headache|nausea|vomiting,CDC Norovirus About,https://www.cdc.gov/norovirus/about/index.html,Signs and symptoms,"A person usually develops symptoms 12 to 48 hours after being exposed to norovirus. Most common symptoms: Diarrhea, vomiting, nausea, stomach pain Other symptoms: Fever, headache, and body aches",2026-09-19T01:48:26.616973+00:00,"Wording variant of gastroenteritis-comb-008. Same symptom set, patient-voice phrasing and synonyms only; no clinical content added."
gastroenteritis-para-009,"she has had a headache, body aches, feeling sick to my stomach, throwing up and feeling feverish since yesterday",gastroenteritis,paraphrase,gastroenteritis-comb-009,gastroenteritis-comb-009,body pain|fever|headache|nausea|vomiting,CDC Norovirus About,https://www.cdc.gov/norovirus/about/index.html,Signs and symptoms,"A person usually develops symptoms 12 to 48 hours after being exposed to norovirus. Most common symptoms: Diarrhea, vomiting, nausea, stomach pain Other symptoms: Fever, headache, and body aches",2026-09-19T01:48:26.616973+00:00,"Wording variant of gastroenteritis-comb-009. Same symptom set, patient-voice phrasing and synonyms only; no clinical content added."
gastroenteritis-para-010,"patient reports aching all over, a fever and nausea",gastroenteritis,paraphrase,gastroenteritis-comb-010,gastroenteritis-comb-010,body pain|fever|nausea,CDC Norovirus About,https://www.cdc.gov/norovirus/about/index.html,Signs and symptoms,"A person usually develops symptoms 12 to 48 hours after being exposed to norovirus. Most common symptoms: Diarrhea, vomiting, nausea, stomach pain Other symptoms: Fever, headache, and body aches",2026-09-19T01:48:26.616973+00:00,"Wording variant of gastroenteritis-comb-010. Same symptom set, patient-voice phrasing and synonyms only; no clinical content added."
gastroenteritis-para-011,"feeling nauseous, stomach pain, pain in my head, diarrhea, throwing up and a fever for the last few days",gastroenteritis,paraphrase,gastroenteritis-comb-011,gastroenteritis-comb-011,abdominal pain|diarrhea|fever|headache|nausea|vomiting,CDC Norovirus About,https://www.cdc.gov/norovirus/about/index.html,Signs and symptoms,"A person usually develops symptoms 12 to 48 hours after being exposed to norovirus. Most common symptoms: Diarrhea, vomiting, nausea, stomach pain Other symptoms: Fever, headache, and body aches",2026-09-19T01:48:26.616973+00:00,"Wording variant of gastroenteritis-comb-011. Same symptom set, patient-voice phrasing and synonyms only; no clinical content added."
gastroenteritis-para-012,"she has had loose stools, a headache and aching all over for three days",gastroenteritis,paraphrase,gastroenteritis-comb-012,gastroenteritis-comb-012,body pain|diarrhea|headache,CDC Norovirus About,https://www.cdc.gov/norovirus/about/index.html,Signs and symptoms,"A person usually develops symptoms 12 to 48 hours after being exposed to norovirus. Most common symptoms: Diarrhea, vomiting, nausea, stomach pain Other symptoms: Fever, headache, and body aches",2026-09-19T01:48:26.616973+00:00,"Wording variant of gastroenteritis-comb-012. Same symptom set, patient-voice phrasing and synonyms only; no clinical content added."
gastroenteritis-para-013,"he has loose stools, head pain, abdominal pain and vomiting",gastroenteritis,paraphrase,gastroenteritis-comb-013,gastroenteritis-comb-013,abdominal pain|diarrhea|headache|vomiting,CDC Norovirus About,https://www.cdc.gov/norovirus/about/index.html,Signs and symptoms,"A person usually develops symptoms 12 to 48 hours after being exposed to norovirus. Most common symptoms: Diarrhea, vomiting, nausea, stomach pain Other symptoms: Fever, headache, and body aches",2026-09-19T01:48:26.616973+00:00,"Wording variant of gastroenteritis-comb-013. Same symptom set, patient-voice phrasing and synonyms only; no clinical content added."
gastroenteritis-para-014,"my symptoms are nausea, aching all over and loose stools",gastroenteritis,paraphrase,gastroenteritis-comb-014,gastroenteritis-comb-014,body pain|diarrhea|nausea,CDC Norovirus About,https://www.cdc.gov/norovirus/about/index.html,Signs and symptoms,"A person usually develops symptoms 12 to 48 hours after being exposed to norovirus. Most common symptoms: Diarrhea, vomiting, nausea, stomach pain Other symptoms: Fever, headache, and body aches",2026-09-19T01:48:26.616973+00:00,"Wording variant of gastroenteritis-comb-014. Same symptom set, patient-voice phrasing and synonyms only; no clinical content added."
gastroenteritis-para-015,"she has had pain in my head, a high temperature and loose stools for several days now",gastroenteritis,paraphrase,gastroenteritis-comb-015,gastroenteritis-comb-015,diarrhea|fever|headache,CDC Norovirus About,https://www.cdc.gov/norovirus/about/index.html,Signs and symptoms,"A person usually develops symptoms 12 to 48 hours after being exposed to norovirus. Most common symptoms: Diarrhea, vomiting, nausea, stomach pain Other symptoms: Fever, headache, and body aches",2026-09-19T01:48:26.616973+00:00,"Wording variant of gastroenteritis-comb-015. Same symptom set, patient-voice phrasing and synonyms only; no clinical content added."
gastroenteritis-para-016,"i have been having diarrhea, throwing up, feeling nauseous and stomach pain for about a week",gastroenteritis,paraphrase,gastroenteritis-comb-016,gastroenteritis-comb-016,abdominal pain|diarrhea|nausea|vomiting,CDC Norovirus About,https://www.cdc.gov/norovirus/about/index.html,Signs and symptoms,"A person usually develops symptoms 12 to 48 hours after being exposed to norovirus. Most common symptoms: Diarrhea, vomiting, nausea, stomach pain Other symptoms: Fever, headache, and body aches",2026-09-19T01:48:26.616973+00:00,"Wording variant of gastroenteritis-comb-016. Same symptom set, patient-voice phrasing and synonyms only; no clinical content added."
gastroenteritis-para-017,"came in complaining of aching all over, loose stools, feeling nauseous, throwing up, head pain, pain in my belly and feeling feverish",gastroenteritis,paraphrase,gastroenteritis-src-001,gastroenteritis-src-001,abdominal pain|body pain|diarrhea|fever|headache|nausea|vomiting,CDC Norovirus About,https://www.cdc.gov/norovirus/about/index.html,Signs and symptoms,"A person usually develops symptoms 12 to 48 hours after being exposed to norovirus. Most common symptoms: Diarrhea, vomiting, nausea, stomach pain Other symptoms: Fever, headache, and body aches",2026-09-19T01:48:26.616973+00:00,"Wording variant of gastroenteritis-src-001. Same symptom set, patient-voice phrasing and synonyms only; no clinical content added."
gastroenteritis-para-018,"i have had a headache, diarrhea and feeling sick to my stomach for the last few days",gastroenteritis,paraphrase,gastroenteritis-comb-001,gastroenteritis-comb-001,diarrhea|headache|nausea,CDC Norovirus About,https://www.cdc.gov/norovirus/about/index.html,Signs and symptoms,"A person usually develops symptoms 12 to 48 hours after being exposed to norovirus. Most common symptoms: Diarrhea, vomiting, nausea, stomach pain Other symptoms: Fever, headache, and body aches",2026-09-19T01:48:26.616973+00:00,"Wording variant of gastroenteritis-comb-001. Same symptom set, patient-voice phrasing and synonyms only; no clinical content added."
gastroenteritis-para-019,"my child has feeling feverish, diarrhea, body aches, stomach pain and feeling sick to my stomach",gastroenteritis,paraphrase,gastroenteritis-comb-002,gastroenteritis-comb-002,abdominal pain|body pain|diarrhea|fever|nausea,CDC Norovirus About,https://www.cdc.gov/norovirus/about/index.html,Signs and symptoms,"A person usually develops symptoms 12 to 48 hours after being exposed to norovirus. Most common symptoms: Diarrhea, vomiting, nausea, stomach pain Other symptoms: Fever, headache, and body aches",2026-09-19T01:48:26.616973+00:00,"Wording variant of gastroenteritis-comb-002. Same symptom set, patient-voice phrasing and synonyms only; no clinical content added."
gastroenteritis-para-020,"vomiting, feeling feverish, aching all over, pain in my belly and feeling nauseous for three days",gastroenteritis,paraphrase,gastroenteritis-comb-003,gastroenteritis-comb-003,abdominal pain|body pain|fever|nausea|vomiting,CDC Norovirus About,https://www.cdc.gov/norovirus/about/index.html,Signs and symptoms,"A person usually develops symptoms 12 to 48 hours after being exposed to norovirus. Most common symptoms: Diarrhea, vomiting, nausea, stomach pain Other symptoms: Fever, headache, and body aches",2026-09-19T01:48:26.616973+00:00,"Wording variant of gastroenteritis-comb-003. Same symptom set, patient-voice phrasing and synonyms only; no clinical content added."
gastroenteritis-para-021,"she has had pain in my head, feeling nauseous, diarrhea, body aches, being sick and a high temperature for three days",gastroenteritis,paraphrase,gastroenteritis-comb-004,gastroenteritis-comb-004,body pain|diarrhea|fever|headache|nausea|vomiting,CDC Norovirus About,https://www.cdc.gov/norovirus/about/index.html,Signs and symptoms,"A person usually develops symptoms 12 to 48 hours after being exposed to norovirus. Most common symptoms: Diarrhea, vomiting, nausea, stomach pain Other symptoms: Fever, headache, and body aches",2026-09-19T01:48:26.616973+00:00,"Wording variant of gastroenteritis-comb-004. Same symptom set, patient-voice phrasing and synonyms only; no clinical content added."
gastroenteritis-para-022,"my child has stomach pain, pain in my head, aching all over and a high temperature",gastroenteritis,paraphrase,gastroenteritis-comb-005,gastroenteritis-comb-005,abdominal pain|body pain|fever|headache,CDC Norovirus About,https://www.cdc.gov/norovirus/about/index.html,Signs and symptoms,"A person usually develops symptoms 12 to 48 hours after being exposed to norovirus. Most common symptoms: Diarrhea, vomiting, nausea, stomach pain Other symptoms: Fever, headache, and body aches",2026-09-19T01:48:26.616973+00:00,"Wording variant of gastroenteritis-comb-005. Same symptom set, patient-voice phrasing and synonyms only; no clinical content added."
gastroenteritis-para-023,"pain in my head, aching all over, throwing up, feeling sick to my stomach, pain in my belly and a fever for the past two days",gastroenteritis,paraphrase,gastroenteritis-comb-006,gastroenteritis-comb-006,abdominal pain|body pain|fever|headache|nausea|vomiting,CDC Norovirus About,https://www.cdc.gov/norovirus/about/index.html,Signs and symptoms,"A person usually develops symptoms 12 to 48 hours after being exposed to norovirus. Most common symptoms: Diarrhea, vomiting, nausea, stomach pain Other symptoms: Fever, headache, and body aches",2026-09-19T01:48:26.616973+00:00,"Wording variant of gastroenteritis-comb-006. Same symptom set, patient-voice phrasing and synonyms only; no clinical content added."
gastroenteritis-para-024,"my symptoms are a headache, loose stools, being sick and a fever",gastroenteritis,paraphrase,gastroenteritis-comb-007,gastroenteritis-comb-007,diarrhea|fever|headache|vomiting,CDC Norovirus About,https://www.cdc.gov/norovirus/about/index.html,Signs and symptoms,"A person usually develops symptoms 12 to 48 hours after being exposed to norovirus. Most common symptoms: Diarrhea, vomiting, nausea, stomach pain Other symptoms: Fever, headache, and body aches",2026-09-19T01:48:26.616973+00:00,"Wording variant of gastroenteritis-comb-007. Same symptom set, patient-voice phrasing and synonyms only; no clinical content added."
gastroenteritis-para-025,"i have feeling sick to my stomach, a headache, vomiting and feeling feverish",gastroenteritis,paraphrase,gastroenteritis-comb-008,gastroenteritis-comb-008,fever|headache|nausea|vomiting,CDC Norovirus About,https://www.cdc.gov/norovirus/about/index.html,Signs and symptoms,"A person usually develops symptoms 12 to 48 hours after being exposed to norovirus. Most common symptoms: Diarrhea, vomiting, nausea, stomach pain Other symptoms: Fever, headache, and body aches",2026-09-19T01:48:26.616973+00:00,"Wording variant of gastroenteritis-comb-008. Same symptom set, patient-voice phrasing and synonyms only; no clinical content added."
gastroenteritis-para-026,"i started with being sick, feeling feverish, a headache, aching all over and feeling sick to my stomach for three days",gastroenteritis,paraphrase,gastroenteritis-comb-009,gastroenteritis-comb-009,body pain|fever|headache|nausea|vomiting,CDC Norovirus About,https://www.cdc.gov/norovirus/about/index.html,Signs and symptoms,"A person usually develops symptoms 12 to 48 hours after being exposed to norovirus. Most common symptoms: Diarrhea, vomiting, nausea, stomach pain Other symptoms: Fever, headache, and body aches",2026-09-19T01:48:26.616973+00:00,"Wording variant of gastroenteritis-comb-009. Same symptom set, patient-voice phrasing and synonyms only; no clinical content added."
gastroenteritis-src-001,diarrhea vomiting nausea stomach pain fever headache body aches,gastroenteritis,source,,gastroenteritis-src-001,abdominal pain|body pain|diarrhea|fever|headache|nausea|vomiting,CDC Norovirus About,https://www.cdc.gov/norovirus/about/index.html,Signs and symptoms,"A person usually develops symptoms 12 to 48 hours after being exposed to norovirus. Most common symptoms: Diarrhea, vomiting, nausea, stomach pain Other symptoms: Fever, headache, and body aches",2026-09-19T01:48:26.616973+00:00,"Full symptom set attested by the 'Signs and symptoms' section of CDC Norovirus About, in the order the passage lists them."
gastroenteritis-comb-001,diarrhea nausea headache,gastroenteritis,source_combination,,gastroenteritis-comb-001,diarrhea|headache|nausea,CDC Norovirus About,https://www.cdc.gov/norovirus/about/index.html,Signs and symptoms,"A person usually develops symptoms 12 to 48 hours after being exposed to norovirus. Most common symptoms: Diarrhea, vomiting, nausea, stomach pain Other symptoms: Fever, headache, and body aches",2026-09-19T01:48:26.616973+00:00,Subset of the symptoms attested by the 'Signs and symptoms' section of CDC Norovirus About. Every term appears in source_quote; the co-occurrence shown here is synthetic.
gastroenteritis-comb-002,diarrhea nausea stomach pain fever body aches,gastroenteritis,source_combination,,gastroenteritis-comb-002,abdominal pain|body pain|diarrhea|fever|nausea,CDC Norovirus About,https://www.cdc.gov/norovirus/about/index.html,Signs and symptoms,"A person usually develops symptoms 12 to 48 hours after being exposed to norovirus. Most common symptoms: Diarrhea, vomiting, nausea, stomach pain Other symptoms: Fever, headache, and body aches",2026-09-19T01:48:26.616973+00:00,Subset of the symptoms attested by the 'Signs and symptoms' section of CDC Norovirus About. Every term appears in source_quote; the co-occurrence shown here is synthetic.
gastroenteritis-comb-003,vomiting nausea stomach pain fever body aches,gastroenteritis,source_combination,,gastroenteritis-comb-003,abdominal pain|body pain|fever|nausea|vomiting,CDC Norovirus About,https://www.cdc.gov/norovirus/about/index.html,Signs and symptoms,"A person usually develops symptoms 12 to 48 hours after being exposed to norovirus. Most common symptoms: Diarrhea, vomiting, nausea, stomach pain Other symptoms: Fever, headache, and body aches",2026-09-19T01:48:26.616973+00:00,Subset of the symptoms attested by the 'Signs and symptoms' section of CDC Norovirus About. Every term appears in source_quote; the co-occurrence shown here is synthetic.
gastroenteritis-comb-004,diarrhea vomiting nausea fever headache body aches,gastroenteritis,source_combination,,gastroenteritis-comb-004,body pain|diarrhea|fever|headache|nausea|vomiting,CDC Norovirus About,https://www.cdc.gov/norovirus/about/index.html,Signs and symptoms,"A person usually develops symptoms 12 to 48 hours after being exposed to norovirus. Most common symptoms: Diarrhea, vomiting, nausea, stomach pain Other symptoms: Fever, headache, and body aches",2026-09-19T01:48:26.616973+00:00,Subset of the symptoms attested by the 'Signs and symptoms' section of CDC Norovirus About. Every term appears in source_quote; the co-occurrence shown here is synthetic.
gastroenteritis-comb-005,stomach pain fever headache body aches,gastroenteritis,source_combination,,gastroenteritis-comb-005,abdominal pain|body pain|fever|headache,CDC Norovirus About,https://www.cdc.gov/norovirus/about/index.html,Signs and symptoms,"A person usually develops symptoms 12 to 48 hours after being exposed to norovirus. Most common symptoms: Diarrhea, vomiting, nausea, stomach pain Other symptoms: Fever, headache, and body aches",2026-09-19T01:48:26.616973+00:00,Subset of the symptoms attested by the 'Signs and symptoms' section of CDC Norovirus About. Every term appears in source_quote; the co-occurrence shown here is synthetic.
gastroenteritis-comb-006,vomiting nausea stomach pain fever headache body aches,gastroenteritis,source_combination,,gastroenteritis-comb-006,abdominal pain|body pain|fever|headache|nausea|vomiting,CDC Norovirus About,https://www.cdc.gov/norovirus/about/index.html,Signs and symptoms,"A person usually develops symptoms 12 to 48 hours after being exposed to norovirus. Most common symptoms: Diarrhea, vomiting, nausea, stomach pain Other symptoms: Fever, headache, and body aches",2026-09-19T01:48:26.616973+00:00,Subset of the symptoms attested by the 'Signs and symptoms' section of CDC Norovirus About. Every term appears in source_quote; the co-occurrence shown here is synthetic.
gastroenteritis-comb-007,diarrhea vomiting fever headache,gastroenteritis,source_combination,,gastroenteritis-comb-007,diarrhea|fever|headache|vomiting,CDC Norovirus About,https://www.cdc.gov/norovirus/about/index.html,Signs and symptoms,"A person usually develops symptoms 12 to 48 hours after being exposed to norovirus. Most common symptoms: Diarrhea, vomiting, nausea, stomach pain Other symptoms: Fever, headache, and body aches",2026-09-19T01:48:26.616973+00:00,Subset of the symptoms attested by the 'Signs and symptoms' section of CDC Norovirus About. Every term appears in source_quote; the co-occurrence shown here is synthetic.
gastroenteritis-comb-008,vomiting nausea fever headache,gastroenteritis,source_combination,,gastroenteritis-comb-008,fever|headache|nausea|vomiting,CDC Norovirus About,https://www.cdc.gov/norovirus/about/index.html,Signs and symptoms,"A person usually develops symptoms 12 to 48 hours after being exposed to norovirus. Most common symptoms: Diarrhea, vomiting, nausea, stomach pain Other symptoms: Fever, headache, and body aches",2026-09-19T01:48:26.616973+00:00,Subset of the symptoms attested by the 'Signs and symptoms' section of CDC Norovirus About. Every term appears in source_quote; the co-occurrence shown here is synthetic.
gastroenteritis-comb-009,vomiting nausea fever headache body aches,gastroenteritis,source_combination,,gastroenteritis-comb-009,body pain|fever|headache|nausea|vomiting,CDC Norovirus About,https://www.cdc.gov/norovirus/about/index.html,Signs and symptoms,"A person usually develops symptoms 12 to 48 hours after being exposed to norovirus. Most common symptoms: Diarrhea, vomiting, nausea, stomach pain Other symptoms: Fever, headache, and body aches",2026-09-19T01:48:26.616973+00:00,Subset of the symptoms attested by the 'Signs and symptoms' section of CDC Norovirus About. Every term appears in source_quote; the co-occurrence shown here is synthetic.
gastroenteritis-comb-010,nausea fever body aches,gastroenteritis,source_combination,,gastroenteritis-comb-010,body pain|fever|nausea,CDC Norovirus About,https://www.cdc.gov/norovirus/about/index.html,Signs and symptoms,"A person usually develops symptoms 12 to 48 hours after being exposed to norovirus. Most common symptoms: Diarrhea, vomiting, nausea, stomach pain Other symptoms: Fever, headache, and body aches",2026-09-19T01:48:26.616973+00:00,Subset of the symptoms attested by the 'Signs and symptoms' section of CDC Norovirus About. Every term appears in source_quote; the co-occurrence shown here is synthetic.
gastroenteritis-comb-011,diarrhea vomiting nausea stomach pain fever headache,gastroenteritis,source_combination,,gastroenteritis-comb-011,abdominal pain|diarrhea|fever|headache|nausea|vomiting,CDC Norovirus About,https://www.cdc.gov/norovirus/about/index.html,Signs and symptoms,"A person usually develops symptoms 12 to 48 hours after being exposed to norovirus. Most common symptoms: Diarrhea, vomiting, nausea, stomach pain Other symptoms: Fever, headache, and body aches",2026-09-19T01:48:26.616973+00:00,Subset of the symptoms attested by the 'Signs and symptoms' section of CDC Norovirus About. Every term appears in source_quote; the co-occurrence shown here is synthetic.
gastroenteritis-comb-012,diarrhea headache body aches,gastroenteritis,source_combination,,gastroenteritis-comb-012,body pain|diarrhea|headache,CDC Norovirus About,https://www.cdc.gov/norovirus/about/index.html,Signs and symptoms,"A person usually develops symptoms 12 to 48 hours after being exposed to norovirus. Most common symptoms: Diarrhea, vomiting, nausea, stomach pain Other symptoms: Fever, headache, and body aches",2026-09-19T01:48:26.616973+00:00,Subset of the symptoms attested by the 'Signs and symptoms' section of CDC Norovirus About. Every term appears in source_quote; the co-occurrence shown here is synthetic.
gastroenteritis-comb-013,diarrhea vomiting stomach pain headache,gastroenteritis,source_combination,,gastroenteritis-comb-013,abdominal pain|diarrhea|headache|vomiting,CDC Norovirus About,https://www.cdc.gov/norovirus/about/index.html,Signs and symptoms,"A person usually develops symptoms 12 to 48 hours after being exposed to norovirus. Most common symptoms: Diarrhea, vomiting, nausea, stomach pain Other symptoms: Fever, headache, and body aches",2026-09-19T01:48:26.616973+00:00,Subset of the symptoms attested by the 'Signs and symptoms' section of CDC Norovirus About. Every term appears in source_quote; the co-occurrence shown here is synthetic.
gastroenteritis-comb-014,diarrhea nausea body aches,gastroenteritis,source_combination,,gastroenteritis-comb-014,body pain|diarrhea|nausea,CDC Norovirus About,https://www.cdc.gov/norovirus/about/index.html,Signs and symptoms,"A person usually develops symptoms 12 to 48 hours after being exposed to norovirus. Most common symptoms: Diarrhea, vomiting, nausea, stomach pain Other symptoms: Fever, headache, and body aches",2026-09-19T01:48:26.616973+00:00,Subset of the symptoms attested by the 'Signs and symptoms' section of CDC Norovirus About. Every term appears in source_quote; the co-occurrence shown here is synthetic.
gastroenteritis-comb-015,diarrhea fever headache,gastroenteritis,source_combination,,gastroenteritis-comb-015,diarrhea|fever|headache,CDC Norovirus About,https://www.cdc.gov/norovirus/about/index.html,Signs and symptoms,"A person usually develops symptoms 12 to 48 hours after being exposed to norovirus. Most common symptoms: Diarrhea, vomiting, nausea, stomach pain Other symptoms: Fever, headache, and body aches",2026-09-19T01:48:26.616973+00:00,Subset of the symptoms attested by the 'Signs and symptoms' section of CDC Norovirus About. Every term appears in source_quote; the co-occurrence shown here is synthetic.
gastroenteritis-comb-016,diarrhea vomiting nausea stomach pain,gastroenteritis,source_combination,,gastroenteritis-comb-016,abdominal pain|diarrhea|nausea|vomiting,CDC Norovirus About,https://www.cdc.gov/norovirus/about/index.html,Signs and symptoms,"A person usually develops symptoms 12 to 48 hours after being exposed to norovirus. Most common symptoms: Diarrhea, vomiting, nausea, stomach pain Other symptoms: Fever, headache, and body aches",2026-09-19T01:48:26.616973+00:00,Subset of the symptoms attested by the 'Signs and symptoms' section of CDC Norovirus About. Every term appears in source_quote; the co-occurrence shown here is synthetic.
hepatitis-b-para-001,"my symptoms are pain in my belly, jaundice, dark urine, fatigue, nausea and vomiting",hepatitis b,paraphrase,hepatitis-b-src-002,hepatitis-b-src-002,abdominal pain|dark urine|fatigue|jaundice|nausea|vomiting,WHO Hepatitis B Fact Sheet,https://www.who.int/news-room/fact-sheets/detail/hepatitis-b,Symptoms,"Most people do not experience any symptoms when newly infected. Some people have acute illness with symptoms that last several weeks: yellowing of the skin and eyes (jaundice) dark urine feeling very tired nausea vomiting pain in the abdomen. When severe, acute hepatitis can lead to liver failure, which can lead to death. Although most people will recover from acute illness, some people with chronic hepatitis B will develop progressive liver disease and complications like cirrhosis and hepatocellular carcinoma (liver cancer). These diseases can be fatal.",2026-09-19T01:48:27.782588+00:00,"Wording variant of hepatitis-b-src-002. Same symptom set, patient-voice phrasing and synonyms only; no clinical content added."
hepatitis-b-para-002,"she has had jaundice, urine that looks dark, stomach pain, throwing up and nausea for the past two days",hepatitis b,paraphrase,hepatitis-b-comb-001,hepatitis-b-comb-001,abdominal pain|dark urine|jaundice|nausea|vomiting,WHO Hepatitis B Fact Sheet,https://www.who.int/news-room/fact-sheets/detail/hepatitis-b,Symptoms,"Most people do not experience any symptoms when newly infected. Some people have acute illness with symptoms that last several weeks: yellowing of the skin and eyes (jaundice) dark urine feeling very tired nausea vomiting pain in the abdomen. When severe, acute hepatitis can lead to liver failure, which can lead to death. Although most people will recover from acute illness, some people with chronic hepatitis B will develop progressive liver disease and complications like cirrhosis and hepatocellular carcinoma (liver cancer). These diseases can be fatal.",2026-09-19T01:48:27.782588+00:00,"Wording variant of hepatitis-b-comb-001. Same symptom set, patient-voice phrasing and synonyms only; no clinical content added."
hepatitis-b-para-003,"patient reports being sick, urine that looks dark, yellowing of the skin and eyes and feeling sick to my stomach",hepatitis b,paraphrase,hepatitis-b-comb-002,hepatitis-b-comb-002,dark urine|jaundice|nausea|vomiting,WHO Hepatitis B Fact Sheet,https://www.who.int/news-room/fact-sheets/detail/hepatitis-b,Symptoms,"Most people do not experience any symptoms when newly infected. Some people have acute illness with symptoms that last several weeks: yellowing of the skin and eyes (jaundice) dark urine feeling very tired nausea vomiting pain in the abdomen. When severe, acute hepatitis can lead to liver failure, which can lead to death. Although most people will recover from acute illness, some people with chronic hepatitis B will develop progressive liver disease and complications like cirrhosis and hepatocellular carcinoma (liver cancer). These diseases can be fatal.",2026-09-19T01:48:27.782588+00:00,"Wording variant of hepatitis-b-comb-002. Same symptom set, patient-voice phrasing and synonyms only; no clinical content added."
hepatitis-b-para-004,"i am experiencing pain in my belly, yellowing of the skin and eyes and urine that looks dark",hepatitis b,paraphrase,hepatitis-b-comb-003,hepatitis-b-comb-003,abdominal pain|dark urine|jaundice,WHO Hepatitis B Fact Sheet,https://www.who.int/news-room/fact-sheets/detail/hepatitis-b,Symptoms,"Most people do not experience any symptoms when newly infected. Some people have acute illness with symptoms that last several weeks: yellowing of the skin and eyes (jaundice) dark urine feeling very tired nausea vomiting pain in the abdomen. When severe, acute hepatitis can lead to liver failure, which can lead to death. Although most people will recover from acute illness, some people with chronic hepatitis B will develop progressive liver disease and complications like cirrhosis and hepatocellular carcinoma (liver cancer). These diseases can be fatal.",2026-09-19T01:48:27.782588+00:00,"Wording variant of hepatitis-b-comb-003. Same symptom set, patient-voice phrasing and synonyms only; no clinical content added."
hepatitis-b-para-005,"she has had feeling feverish, nausea, stomach pain and not wanting to eat for the last few days",hepatitis b,paraphrase,hepatitis-b-comb-004,hepatitis-b-comb-004,abdominal pain|fever|loss of appetite|nausea,CDC Hepatitis B Basics,https://www.cdc.gov/hepatitis-b/about/index.html,Signs and symptoms,"Many people infected with hepatitis B virus won’t experience symptoms. If symptoms occur during acute infection, they often begin 90 days after exposure. Although the symptoms of acute HBV infection and chronic HBV infection may be similar, most people with chronic infection do not have symptoms until much later in life, often decades after exposure. Symptoms of hepatitis B include: Dark urine or clay-colored stools Feeling tired Fever Joint pain Loss of appetite Nausea, stomach pain, throwing up Yellow skin or eyes (jaundice) Learn more about hepatitis B symptoms .",2026-09-19T01:48:27.388469+00:00,"Wording variant of hepatitis-b-comb-004. Same symptom set, patient-voice phrasing and synonyms only; no clinical content added."
hepatitis-b-para-006,"yellow eyes, vomiting, stomach pain and fatigue for about a week",hepatitis b,paraphrase,hepatitis-b-comb-005,hepatitis-b-comb-005,abdominal pain|fatigue|jaundice|vomiting,WHO Hepatitis B Fact Sheet,https://www.who.int/news-room/fact-sheets/detail/hepatitis-b,Symptoms,"Most people do not experience any symptoms when newly infected. Some people have acute illness with symptoms that last several weeks: yellowing of the skin and eyes (jaundice) dark urine feeling very tired nausea vomiting pain in the abdomen. When severe, acute hepatitis can lead to liver failure, which can lead to death. Although most people will recover from acute illness, some people with chronic hepatitis B will develop progressive liver disease and complications like cirrhosis and hepatocellular carcinoma (liver cancer). These diseases can be fatal.",2026-09-19T01:48:27.782588+00:00,"Wording variant of hepatitis-b-comb-005. Same symptom set, patient-voice phrasing and synonyms only; no clinical content added."
hepatitis-b-para-007,"patient reports yellowing of the skin and eyes, dark urine and pain in my belly",hepatitis b,paraphrase,hepatitis-b-comb-006,hepatitis-b-comb-006,abdominal pain|dark urine|jaundice,CDC Hepatitis B Basics,https://www.cdc.gov/hepatitis-b/about/index.html,Signs and symptoms,"Many people infected with hepatitis B virus won’t experience symptoms. If symptoms occur during acute infection, they often begin 90 days after exposure. Although the symptoms of acute HBV infection and chronic HBV infection may be similar, most people with chronic infection do not have symptoms until much later in life, often decades after exposure. Symptoms of hepatitis B include: Dark urine or clay-colored stools Feeling tired Fever Joint pain Loss of appetite Nausea, stomach pain, throwing up Yellow skin or eyes (jaundice) Learn more about hepatitis B symptoms .",2026-09-19T01:48:27.388469+00:00,"Wording variant of hepatitis-b-comb-006. Same symptom set, patient-voice phrasing and synonyms only; no clinical content added."
hepatitis-b-para-008,"i have dark urine, jaundice, nausea, vomiting and tiredness",hepatitis b,paraphrase,hepatitis-b-comb-007,hepatitis-b-comb-007,dark urine|fatigue|jaundice|nausea|vomiting,WHO Hepatitis B Fact Sheet,https://www.who.int/news-room/fact-sheets/detail/hepatitis-b,Symptoms,"Most people do not experience any symptoms when newly infected. Some people have acute illness with symptoms that last several weeks: yellowing of the skin and eyes (jaundice) dark urine feeling very tired nausea vomiting pain in the abdomen. When severe, acute hepatitis can lead to liver failure, which can lead to death. Although most people will recover from acute illness, some people with chronic hepatitis B will develop progressive liver disease and complications like cirrhosis and hepatocellular carcinoma (liver cancer). These diseases can be fatal.",2026-09-19T01:48:27.782588+00:00,"Wording variant of hepatitis-b-comb-007. Same symptom set, patient-voice phrasing and synonyms only; no clinical content added."
hepatitis-b-para-009,"my symptoms are no appetite, dark urine and feeling tired",hepatitis b,paraphrase,hepatitis-b-comb-008,hepatitis-b-comb-008,dark urine|fatigue|loss of appetite,CDC Hepatitis B Basics,https://www.cdc.gov/hepatitis-b/about/index.html,Signs and symptoms,"Many people infected with hepatitis B virus won’t experience symptoms. If symptoms occur during acute infection, they often begin 90 days after exposure. Although the symptoms of acute HBV infection and chronic HBV infection may be similar, most people with chronic infection do not have symptoms until much later in life, often decades after exposure. Symptoms of hepatitis B include: Dark urine or clay-colored stools Feeling tired Fever Joint pain Loss of appetite Nausea, stomach pain, throwing up Yellow skin or eyes (jaundice) Learn more about hepatitis B symptoms .",2026-09-19T01:48:27.388469+00:00,"Wording variant of hepatitis-b-comb-008. Same symptom set, patient-voice phrasing and synonyms only; no clinical content added."
hepatitis-b-para-010,"i started with dark urine, jaundice, feeling sick to my stomach, abdominal pain and no energy for several days now",hepatitis b,paraphrase,hepatitis-b-comb-009,hepatitis-b-comb-009,abdominal pain|dark urine|fatigue|jaundice|nausea,WHO Hepatitis B Fact Sheet,https://www.who.int/news-room/fact-sheets/detail/hepatitis-b,Symptoms,"Most people do not experience any symptoms when newly infected. Some people have acute illness with symptoms that last several weeks: yellowing of the skin and eyes (jaundice) dark urine feeling very tired nausea vomiting pain in the abdomen. When severe, acute hepatitis can lead to liver failure, which can lead to death. Although most people will recover from acute illness, some people with chronic hepatitis B will develop progressive liver disease and complications like cirrhosis and hepatocellular carcinoma (liver cancer). These diseases can be fatal.",2026-09-19T01:48:27.782588+00:00,"Wording variant of hepatitis-b-comb-009. Same symptom set, patient-voice phrasing and synonyms only; no clinical content added."
hepatitis-b-para-011,"i have had throwing up, dark urine and feeling nauseous for the last few days",hepatitis b,paraphrase,hepatitis-b-comb-010,hepatitis-b-comb-010,dark urine|nausea|vomiting,WHO Hepatitis B Fact Sheet,https://www.who.int/news-room/fact-sheets/detail/hepatitis-b,Symptoms,"Most people do not experience any symptoms when newly infected. Some people have acute illness with symptoms that last several weeks: yellowing of the skin and eyes (jaundice) dark urine feeling very tired nausea vomiting pain in the abdomen. When severe, acute hepatitis can lead to liver failure, which can lead to death. Although most people will recover from acute illness, some people with chronic hepatitis B will develop progressive liver disease and complications like cirrhosis and hepatocellular carcinoma (liver cancer). These diseases can be fatal.",2026-09-19T01:48:27.782588+00:00,"Wording variant of hepatitis-b-comb-010. Same symptom set, patient-voice phrasing and synonyms only; no clinical content added."
hepatitis-b-para-012,"she has had abdominal pain, a high temperature, feeling nauseous, aching joints, yellow eyes and no energy for about a week",hepatitis b,paraphrase,hepatitis-b-comb-011,hepatitis-b-comb-011,abdominal pain|fatigue|fever|jaundice|joint pain|nausea,CDC Hepatitis B Basics,https://www.cdc.gov/hepatitis-b/about/index.html,Signs and symptoms,"Many people infected with hepatitis B virus won’t experience symptoms. If symptoms occur during acute infection, they often begin 90 days after exposure. Although the symptoms of acute HBV infection and chronic HBV infection may be similar, most people with chronic infection do not have symptoms until much later in life, often decades after exposure. Symptoms of hepatitis B include: Dark urine or clay-colored stools Feeling tired Fever Joint pain Loss of appetite Nausea, stomach pain, throwing up Yellow skin or eyes (jaundice) Learn more about hepatitis B symptoms .",2026-09-19T01:48:27.388469+00:00,"Wording variant of hepatitis-b-comb-011. Same symptom set, patient-voice phrasing and synonyms only; no clinical content added."
hepatitis-b-para-013,"i have been having feeling feverish, pain in my belly, nausea and jaundice for several days now",hepatitis b,paraphrase,hepatitis-b-comb-012,hepatitis-b-comb-012,abdominal pain|fever|jaundice|nausea,CDC Hepatitis B Basics,https://www.cdc.gov/hepatitis-b/about/index.html,Signs and symptoms,"Many people infected with hepatitis B virus won’t experience symptoms. If symptoms occur during acute infection, they often begin 90 days after exposure. Although the symptoms of acute HBV infection and chronic HBV infection may be similar, most people with chronic infection do not have symptoms until much later in life, often decades after exposure. Symptoms of hepatitis B include: Dark urine or clay-colored stools Feeling tired Fever Joint pain Loss of appetite Nausea, stomach pain, throwing up Yellow skin or eyes (jaundice) Learn more about hepatitis B symptoms .",2026-09-19T01:48:27.388469+00:00,"Wording variant of hepatitis-b-comb-012. Same symptom set, patient-voice phrasing and synonyms only; no clinical content added."
hepatitis-b-para-014,"i have had jaundice, feeling nauseous and pain in my belly for the past two days",hepatitis b,paraphrase,hepatitis-b-comb-013,hepatitis-b-comb-013,abdominal pain|jaundice|nausea,WHO Hepatitis B Fact Sheet,https://www.who.int/news-room/fact-sheets/detail/hepatitis-b,Symptoms,"Most people do not experience any symptoms when newly infected. Some people have acute illness with symptoms that last several weeks: yellowing of the skin and eyes (jaundice) dark urine feeling very tired nausea vomiting pain in the abdomen. When severe, acute hepatitis can lead to liver failure, which can lead to death. Although most people will recover from acute illness, some people with chronic hepatitis B will develop progressive liver disease and complications like cirrhosis and hepatocellular carcinoma (liver cancer). These diseases can be fatal.",2026-09-19T01:48:27.782588+00:00,"Wording variant of hepatitis-b-comb-013. Same symptom set, patient-voice phrasing and synonyms only; no clinical content added."
hepatitis-b-para-015,"came in complaining of jaundice, urine that looks dark and loss of appetite",hepatitis b,paraphrase,hepatitis-b-comb-014,hepatitis-b-comb-014,dark urine|jaundice|loss of appetite,CDC Hepatitis B Basics,https://www.cdc.gov/hepatitis-b/about/index.html,Signs and symptoms,"Many people infected with hepatitis B virus won’t experience symptoms. If symptoms occur during acute infection, they often begin 90 days after exposure. Although the symptoms of acute HBV infection and chronic HBV infection may be similar, most people with chronic infection do not have symptoms until much later in life, often decades after exposure. Symptoms of hepatitis B include: Dark urine or clay-colored stools Feeling tired Fever Joint pain Loss of appetite Nausea, stomach pain, throwing up Yellow skin or eyes (jaundice) Learn more about hepatitis B symptoms .",2026-09-19T01:48:27.388469+00:00,"Wording variant of hepatitis-b-comb-014. Same symptom set, patient-voice phrasing and synonyms only; no clinical content added."
hepatitis-b-para-016,"patient reports fatigue, loss of appetite, a fever, yellow eyes and feeling sick to my stomach",hepatitis b,paraphrase,hepatitis-b-comb-015,hepatitis-b-comb-015,fatigue|fever|jaundice|loss of appetite|nausea,CDC Hepatitis B Basics,https://www.cdc.gov/hepatitis-b/about/index.html,Signs and symptoms,"Many people infected with hepatitis B virus won’t experience symptoms. If symptoms occur during acute infection, they often begin 90 days after exposure. Although the symptoms of acute HBV infection and chronic HBV infection may be similar, most people with chronic infection do not have symptoms until much later in life, often decades after exposure. Symptoms of hepatitis B include: Dark urine or clay-colored stools Feeling tired Fever Joint pain Loss of appetite Nausea, stomach pain, throwing up Yellow skin or eyes (jaundice) Learn more about hepatitis B symptoms .",2026-09-19T01:48:27.388469+00:00,"Wording variant of hepatitis-b-comb-015. Same symptom set, patient-voice phrasing and synonyms only; no clinical content added."
hepatitis-b-para-017,"i am experiencing pain in my belly, tiredness, a fever and jaundice",hepatitis b,paraphrase,hepatitis-b-comb-016,hepatitis-b-comb-016,abdominal pain|fatigue|fever|jaundice,CDC Hepatitis B Basics,https://www.cdc.gov/hepatitis-b/about/index.html,Signs and symptoms,"Many people infected with hepatitis B virus won’t experience symptoms. If symptoms occur during acute infection, they often begin 90 days after exposure. Although the symptoms of acute HBV infection and chronic HBV infection may be similar, most people with chronic infection do not have symptoms until much later in life, often decades after exposure. Symptoms of hepatitis B include: Dark urine or clay-colored stools Feeling tired Fever Joint pain Loss of appetite Nausea, stomach pain, throwing up Yellow skin or eyes (jaundice) Learn more about hepatitis B symptoms .",2026-09-19T01:48:27.388469+00:00,"Wording variant of hepatitis-b-comb-016. Same symptom set, patient-voice phrasing and synonyms only; no clinical content added."
hepatitis-b-para-018,"i have had tiredness, feeling nauseous, loss of appetite, feeling feverish, pain in my belly, jaundice, pain in my joints and dark urine for the last few days",hepatitis b,paraphrase,hepatitis-b-src-001,hepatitis-b-src-001,abdominal pain|dark urine|fatigue|fever|jaundice|joint pain|loss of appetite|nausea,CDC Hepatitis B Basics,https://www.cdc.gov/hepatitis-b/about/index.html,Signs and symptoms,"Many people infected with hepatitis B virus won’t experience symptoms. If symptoms occur during acute infection, they often begin 90 days after exposure. Although the symptoms of acute HBV infection and chronic HBV infection may be similar, most people with chronic infection do not have symptoms until much later in life, often decades after exposure. Symptoms of hepatitis B include: Dark urine or clay-colored stools Feeling tired Fever Joint pain Loss of appetite Nausea, stomach pain, throwing up Yellow skin or eyes (jaundice) Learn more about hepatitis B symptoms .",2026-09-19T01:48:27.388469+00:00,"Wording variant of hepatitis-b-src-001. Same symptom set, patient-voice phrasing and synonyms only; no clinical content added."
hepatitis-b-para-019,"patient reports tiredness, dark urine, being sick, pain in my belly, yellowing of the skin and eyes and feeling nauseous",hepatitis b,paraphrase,hepatitis-b-src-002,hepatitis-b-src-002,abdominal pain|dark urine|fatigue|jaundice|nausea|vomiting,WHO Hepatitis B Fact Sheet,https://www.who.int/news-room/fact-sheets/detail/hepatitis-b,Symptoms,"Most people do not experience any symptoms when newly infected. Some people have acute illness with symptoms that last several weeks: yellowing of the skin and eyes (jaundice) dark urine feeling very tired nausea vomiting pain in the abdomen. When severe, acute hepatitis can lead to liver failure, which can lead to death. Although most people will recover from acute illness, some people with chronic hepatitis B will develop progressive liver disease and complications like cirrhosis and hepatocellular carcinoma (liver cancer). These diseases can be fatal.",2026-09-19T01:48:27.782588+00:00,"Wording variant of hepatitis-b-src-002. Same symptom set, patient-voice phrasing and synonyms only; no clinical content added."
hepatitis-b-para-020,"she has had dark urine, jaundice, feeling nauseous, throwing up and pain in my belly for about a week",hepatitis b,paraphrase,hepatitis-b-comb-001,hepatitis-b-comb-001,abdominal pain|dark urine|jaundice|nausea|vomiting,WHO Hepatitis B Fact Sheet,https://www.who.int/news-room/fact-sheets/detail/hepatitis-b,Symptoms,"Most people do not experience any symptoms when newly infected. Some people have acute illness with symptoms that last several weeks: yellowing of the skin and eyes (jaundice) dark urine feeling very tired nausea vomiting pain in the abdomen. When severe, acute hepatitis can lead to liver failure, which can lead to death. Although most people will recover from acute illness, some people with chronic hepatitis B will develop progressive liver disease and complications like cirrhosis and hepatocellular carcinoma (liver cancer). These diseases can be fatal.",2026-09-19T01:48:27.782588+00:00,"Wording variant of hepatitis-b-comb-001. Same symptom set, patient-voice phrasing and synonyms only; no clinical content added."
hepatitis-b-para-021,"patient reports dark urine, jaundice, feeling nauseous and being sick",hepatitis b,paraphrase,hepatitis-b-comb-002,hepatitis-b-comb-002,dark urine|jaundice|nausea|vomiting,WHO Hepatitis B Fact Sheet,https://www.who.int/news-room/fact-sheets/detail/hepatitis-b,Symptoms,"Most people do not experience any symptoms when newly infected. Some people have acute illness with symptoms that last several weeks: yellowing of the skin and eyes (jaundice) dark urine feeling very tired nausea vomiting pain in the abdomen. When severe, acute hepatitis can lead to liver failure, which can lead to death. Although most people will recover from acute illness, some people with chronic hepatitis B will develop progressive liver disease and complications like cirrhosis and hepatocellular carcinoma (liver cancer). These diseases can be fatal.",2026-09-19T01:48:27.782588+00:00,"Wording variant of hepatitis-b-comb-002. Same symptom set, patient-voice phrasing and synonyms only; no clinical content added."
hepatitis-b-para-022,"i have been having stomach pain, jaundice and dark urine since yesterday",hepatitis b,paraphrase,hepatitis-b-comb-003,hepatitis-b-comb-003,abdominal pain|dark urine|jaundice,WHO Hepatitis B Fact Sheet,https://www.who.int/news-room/fact-sheets/detail/hepatitis-b,Symptoms,"Most people do not experience any symptoms when newly infected. Some people have acute illness with symptoms that last several weeks: yellowing of the skin and eyes (jaundice) dark urine feeling very tired nausea vomiting pain in the abdomen. When severe, acute hepatitis can lead to liver failure, which can lead to death. Although most people will recover from acute illness, some people with chronic hepatitis B will develop progressive liver disease and complications like cirrhosis and hepatocellular carcinoma (liver cancer). These diseases can be fatal.",2026-09-19T01:48:27.782588+00:00,"Wording variant of hepatitis-b-comb-003. Same symptom set, patient-voice phrasing and synonyms only; no clinical content added."
hepatitis-b-para-023,"she has had no appetite, feeling sick to my stomach, feeling feverish and abdominal pain for several days now",hepatitis b,paraphrase,hepatitis-b-comb-004,hepatitis-b-comb-004,abdominal pain|fever|loss of appetite|nausea,CDC Hepatitis B Basics,https://www.cdc.gov/hepatitis-b/about/index.html,Signs and symptoms,"Many people infected with hepatitis B virus won’t experience symptoms. If symptoms occur during acute infection, they often begin 90 days after exposure. Although the symptoms of acute HBV infection and chronic HBV infection may be similar, most people with chronic infection do not have symptoms until much later in life, often decades after exposure. Symptoms of hepatitis B include: Dark urine or clay-colored stools Feeling tired Fever Joint pain Loss of appetite Nausea, stomach pain, throwing up Yellow skin or eyes (jaundice) Learn more about hepatitis B symptoms .",2026-09-19T01:48:27.388469+00:00,"Wording variant of hepatitis-b-comb-004. Same symptom set, patient-voice phrasing and synonyms only; no clinical content added."
hepatitis-b-para-024,"came in complaining of pain in my belly, yellowing of the skin and eyes, being sick and tiredness",hepatitis b,paraphrase,hepatitis-b-comb-005,hepatitis-b-comb-005,abdominal pain|fatigue|jaundice|vomiting,WHO Hepatitis B Fact Sheet,https://www.who.int/news-room/fact-sheets/detail/hepatitis-b,Symptoms,"Most people do not experience any symptoms when newly infected. Some people have acute illness with symptoms that last several weeks: yellowing of the skin and eyes (jaundice) dark urine feeling very tired nausea vomiting pain in the abdomen. When severe, acute hepatitis can lead to liver failure, which can lead to death. Although most people will recover from acute illness, some people with chronic hepatitis B will develop progressive liver disease and complications like cirrhosis and hepatocellular carcinoma (liver cancer). These diseases can be fatal.",2026-09-19T01:48:27.782588+00:00,"Wording variant of hepatitis-b-comb-005. Same symptom set, patient-voice phrasing and synonyms only; no clinical content added."
hepatitis-b-para-025,"came in complaining of yellow eyes, pain in my belly and urine that looks dark",hepatitis b,paraphrase,hepatitis-b-comb-006,hepatitis-b-comb-006,abdominal pain|dark urine|jaundice,CDC Hepatitis B Basics,https://www.cdc.gov/hepatitis-b/about/index.html,Signs and symptoms,"Many people infected with hepatitis B virus won’t experience symptoms. If symptoms occur during acute infection, they often begin 90 days after exposure. Although the symptoms of acute HBV infection and chronic HBV infection may be similar, most people with chronic infection do not have symptoms until much later in life, often decades after exposure. Symptoms of hepatitis B include: Dark urine or clay-colored stools Feeling tired Fever Joint pain Loss of appetite Nausea, stomach pain, throwing up Yellow skin or eyes (jaundice) Learn more about hepatitis B symptoms .",2026-09-19T01:48:27.388469+00:00,"Wording variant of hepatitis-b-comb-006. Same symptom set, patient-voice phrasing and synonyms only; no clinical content added."
hepatitis-b-para-026,"my symptoms are feeling sick to my stomach, vomiting, jaundice, feeling tired and urine that looks dark",hepatitis b,paraphrase,hepatitis-b-comb-007,hepatitis-b-comb-007,dark urine|fatigue|jaundice|nausea|vomiting,WHO Hepatitis B Fact Sheet,https://www.who.int/news-room/fact-sheets/detail/hepatitis-b,Symptoms,"Most people do not experience any symptoms when newly infected. Some people have acute illness with symptoms that last several weeks: yellowing of the skin and eyes (jaundice) dark urine feeling very tired nausea vomiting pain in the abdomen. When severe, acute hepatitis can lead to liver failure, which can lead to death. Although most people will recover from acute illness, some people with chronic hepatitis B will develop progressive liver disease and complications like cirrhosis and hepatocellular carcinoma (liver cancer). These diseases can be fatal.",2026-09-19T01:48:27.782588+00:00,"Wording variant of hepatitis-b-comb-007. Same symptom set, patient-voice phrasing and synonyms only; no clinical content added."
hepatitis-b-src-001,dark urine feeling tired fever joint pain loss of appetite nausea stomach pain jaundice,hepatitis b,source,,hepatitis-b-src-001,abdominal pain|dark urine|fatigue|fever|jaundice|joint pain|loss of appetite|nausea,CDC Hepatitis B Basics,https://www.cdc.gov/hepatitis-b/about/index.html,Signs and symptoms,"Many people infected with hepatitis B virus won’t experience symptoms. If symptoms occur during acute infection, they often begin 90 days after exposure. Although the symptoms of acute HBV infection and chronic HBV infection may be similar, most people with chronic infection do not have symptoms until much later in life, often decades after exposure. Symptoms of hepatitis B include: Dark urine or clay-colored stools Feeling tired Fever Joint pain Loss of appetite Nausea, stomach pain, throwing up Yellow skin or eyes (jaundice) Learn more about hepatitis B symptoms .",2026-09-19T01:48:27.388469+00:00,"Full symptom set attested by the 'Signs and symptoms' section of CDC Hepatitis B Basics, in the order the passage lists them."
hepatitis-b-src-002,yellowing of the skin and eyes dark urine very tired nausea vomiting pain in the abdomen,hepatitis b,source,,hepatitis-b-src-002,abdominal pain|dark urine|fatigue|jaundice|nausea|vomiting,WHO Hepatitis B Fact Sheet,https://www.who.int/news-room/fact-sheets/detail/hepatitis-b,Symptoms,"Most people do not experience any symptoms when newly infected. Some people have acute illness with symptoms that last several weeks: yellowing of the skin and eyes (jaundice) dark urine feeling very tired nausea vomiting pain in the abdomen. When severe, acute hepatitis can lead to liver failure, which can lead to death. Although most people will recover from acute illness, some people with chronic hepatitis B will develop progressive liver disease and complications like cirrhosis and hepatocellular carcinoma (liver cancer). These diseases can be fatal.",2026-09-19T01:48:27.782588+00:00,"Full symptom set attested by the 'Symptoms' section of WHO Hepatitis B Fact Sheet, in the order the passage lists them."
hepatitis-b-comb-001,yellowing of the skin and eyes dark urine nausea vomiting pain in the abdomen,hepatitis b,source_combination,,hepatitis-b-comb-001,abdominal pain|dark urine|jaundice|nausea|vomiting,WHO Hepatitis B Fact Sheet,https://www.who.int/news-room/fact-sheets/detail/hepatitis-b,Symptoms,"Most people do not experience any symptoms when newly infected. Some people have acute illness with symptoms that last several weeks: yellowing of the skin and eyes (jaundice) dark urine feeling very tired nausea vomiting pain in the abdomen. When severe, acute hepatitis can lead to liver failure, which can lead to death. Although most people will recover from acute illness, some people with chronic hepatitis B will develop progressive liver disease and complications like cirrhosis and hepatocellular carcinoma (liver cancer). These diseases can be fatal.",2026-09-19T01:48:27.782588+00:00,Subset of the symptoms attested by the 'Symptoms' section of WHO Hepatitis B Fact Sheet. Every term appears in source_quote; the co-occurrence shown here is synthetic.
hepatitis-b-comb-002,yellowing of the skin and eyes dark urine nausea vomiting,hepatitis b,source_combination,,hepatitis-b-comb-002,dark urine|jaundice|nausea|vomiting,WHO Hepatitis B Fact Sheet,https://www.who.int/news-room/fact-sheets/detail/hepatitis-b,Symptoms,"Most people do not experience any symptoms when newly infected. Some people have acute illness with symptoms that last several weeks: yellowing of the skin and eyes (jaundice) dark urine feeling very tired nausea vomiting pain in the abdomen. When severe, acute hepatitis can lead to liver failure, which can lead to death. Although most people will recover from acute illness, some people with chronic hepatitis B will develop progressive liver disease and complications like cirrhosis and hepatocellular carcinoma (liver cancer). These diseases can be fatal.",2026-09-19T01:48:27.782588+00:00,Subset of the symptoms attested by the 'Symptoms' section of WHO Hepatitis B Fact Sheet. Every term appears in source_quote; the co-occurrence shown here is synthetic.
hepatitis-b-comb-003,yellowing of the skin and eyes dark urine pain in the abdomen,hepatitis b,source_combination,,hepatitis-b-comb-003,abdominal pain|dark urine|jaundice,WHO Hepatitis B Fact Sheet,https://www.who.int/news-room/fact-sheets/detail/hepatitis-b,Symptoms,"Most people do not experience any symptoms when newly infected. Some people have acute illness with symptoms that last several weeks: yellowing of the skin and eyes (jaundice) dark urine feeling very tired nausea vomiting pain in the abdomen. When severe, acute hepatitis can lead to liver failure, which can lead to death. Although most people will recover from acute illness, some people with chronic hepatitis B will develop progressive liver disease and complications like cirrhosis and hepatocellular carcinoma (liver cancer). These diseases can be fatal.",2026-09-19T01:48:27.782588+00:00,Subset of the symptoms attested by the 'Symptoms' section of WHO Hepatitis B Fact Sheet. Every term appears in source_quote; the co-occurrence shown here is synthetic.
hepatitis-b-comb-004,fever loss of appetite nausea stomach pain,hepatitis b,source_combination,,hepatitis-b-comb-004,abdominal pain|fever|loss of appetite|nausea,CDC Hepatitis B Basics,https://www.cdc.gov/hepatitis-b/about/index.html,Signs and symptoms,"Many people infected with hepatitis B virus won’t experience symptoms. If symptoms occur during acute infection, they often begin 90 days after exposure. Although the symptoms of acute HBV infection and chronic HBV infection may be similar, most people with chronic infection do not have symptoms until much later in life, often decades after exposure. Symptoms of hepatitis B include: Dark urine or clay-colored stools Feeling tired Fever Joint pain Loss of appetite Nausea, stomach pain, throwing up Yellow skin or eyes (jaundice) Learn more about hepatitis B symptoms .",2026-09-19T01:48:27.388469+00:00,Subset of the symptoms attested by the 'Signs and symptoms' section of CDC Hepatitis B Basics. Every term appears in source_quote; the co-occurrence shown here is synthetic.
hepatitis-b-comb-005,yellowing of the skin and eyes very tired vomiting pain in the abdomen,hepatitis b,source_combination,,hepatitis-b-comb-005,abdominal pain|fatigue|jaundice|vomiting,WHO Hepatitis B Fact Sheet,https://www.who.int/news-room/fact-sheets/detail/hepatitis-b,Symptoms,"Most people do not experience any symptoms when newly infected. Some people have acute illness with symptoms that last several weeks: yellowing of the skin and eyes (jaundice) dark urine feeling very tired nausea vomiting pain in the abdomen. When severe, acute hepatitis can lead to liver failure, which can lead to death. Although most people will recover from acute illness, some people with chronic hepatitis B will develop progressive liver disease and complications like cirrhosis and hepatocellular carcinoma (liver cancer). These diseases can be fatal.",2026-09-19T01:48:27.782588+00:00,Subset of the symptoms attested by the 'Symptoms' section of WHO Hepatitis B Fact Sheet. Every term appears in source_quote; the co-occurrence shown here is synthetic.
hepatitis-b-comb-006,dark urine stomach pain jaundice,hepatitis b,source_combination,,hepatitis-b-comb-006,abdominal pain|dark urine|jaundice,CDC Hepatitis B Basics,https://www.cdc.gov/hepatitis-b/about/index.html,Signs and symptoms,"Many people infected with hepatitis B virus won’t experience symptoms. If symptoms occur during acute infection, they often begin 90 days after exposure. Although the symptoms of acute HBV infection and chronic HBV infection may be similar, most people with chronic infection do not have symptoms until much later in life, often decades after exposure. Symptoms of hepatitis B include: Dark urine or clay-colored stools Feeling tired Fever Joint pain Loss of appetite Nausea, stomach pain, throwing up Yellow skin or eyes (jaundice) Learn more about hepatitis B symptoms .",2026-09-19T01:48:27.388469+00:00,Subset of the symptoms attested by the 'Signs and symptoms' section of CDC Hepatitis B Basics. Every term appears in source_quote; the co-occurrence shown here is synthetic.
hepatitis-b-comb-007,yellowing of the skin and eyes dark urine very tired nausea vomiting,hepatitis b,source_combination,,hepatitis-b-comb-007,dark urine|fatigue|jaundice|nausea|vomiting,WHO Hepatitis B Fact Sheet,https://www.who.int/news-room/fact-sheets/detail/hepatitis-b,Symptoms,"Most people do not experience any symptoms when newly infected. Some people have acute illness with symptoms that last several weeks: yellowing of the skin and eyes (jaundice) dark urine feeling very tired nausea vomiting pain in the abdomen. When severe, acute hepatitis can lead to liver failure, which can lead to death. Although most people will recover from acute illness, some people with chronic hepatitis B will develop progressive liver disease and complications like cirrhosis and hepatocellular carcinoma (liver cancer). These diseases can be fatal.",2026-09-19T01:48:27.782588+00:00,Subset of the symptoms attested by the 'Symptoms' section of WHO Hepatitis B Fact Sheet. Every term appears in source_quote; the co-occurrence shown here is synthetic.
hepatitis-b-comb-008,dark urine feeling tired loss of appetite,hepatitis b,source_combination,,hepatitis-b-comb-008,dark urine|fatigue|loss of appetite,CDC Hepatitis B Basics,https://www.cdc.gov/hepatitis-b/about/index.html,Signs and symptoms,"Many people infected with hepatitis B virus won’t experience symptoms. If symptoms occur during acute infection, they often begin 90 days after exposure. Although the symptoms of acute HBV infection and chronic HBV infection may be similar, most people with chronic infection do not have symptoms until much later in life, often decades after exposure. Symptoms of hepatitis B include: Dark urine or clay-colored stools Feeling tired Fever Joint pain Loss of appetite Nausea, stomach pain, throwing up Yellow skin or eyes (jaundice) Learn more about hepatitis B symptoms .",2026-09-19T01:48:27.388469+00:00,Subset of the symptoms attested by the 'Signs and symptoms' section of CDC Hepatitis B Basics. Every term appears in source_quote; the co-occurrence shown here is synthetic.
hepatitis-b-comb-009,yellowing of the skin and eyes dark urine very tired nausea pain in the abdomen,hepatitis b,source_combination,,hepatitis-b-comb-009,abdominal pain|dark urine|fatigue|jaundice|nausea,WHO Hepatitis B Fact Sheet,https://www.who.int/news-room/fact-sheets/detail/hepatitis-b,Symptoms,"Most people do not experience any symptoms when newly infected. Some people have acute illness with symptoms that last several weeks: yellowing of the skin and eyes (jaundice) dark urine feeling very tired nausea vomiting pain in the abdomen. When severe, acute hepatitis can lead to liver failure, which can lead to death. Although most people will recover from acute illness, some people with chronic hepatitis B will develop progressive liver disease and complications like cirrhosis and hepatocellular carcinoma (liver cancer). These diseases can be fatal.",2026-09-19T01:48:27.782588+00:00,Subset of the symptoms attested by the 'Symptoms' section of WHO Hepatitis B Fact Sheet. Every term appears in source_quote; the co-occurrence shown here is synthetic.
hepatitis-b-comb-010,dark urine nausea vomiting,hepatitis b,source_combination,,hepatitis-b-comb-010,dark urine|nausea|vomiting,WHO Hepatitis B Fact Sheet,https://www.who.int/news-room/fact-sheets/detail/hepatitis-b,Symptoms,"Most people do not experience any symptoms when newly infected. Some people have acute illness with symptoms that last several weeks: yellowing of the skin and eyes (jaundice) dark urine feeling very tired nausea vomiting pain in the abdomen. When severe, acute hepatitis can lead to liver failure, which can lead to death. Although most people will recover from acute illness, some people with chronic hepatitis B will develop progressive liver disease and complications like cirrhosis and hepatocellular carcinoma (liver cancer). These diseases can be fatal.",2026-09-19T01:48:27.782588+00:00,Subset of the symptoms attested by the 'Symptoms' section of WHO Hepatitis B Fact Sheet. Every term appears in source_quote; the co-occurrence shown here is synthetic.
hepatitis-b-comb-011,feeling tired fever joint pain nausea stomach pain jaundice,hepatitis b,source_combination,,hepatitis-b-comb-011,abdominal pain|fatigue|fever|jaundice|joint pain|nausea,CDC Hepatitis B Basics,https://www.cdc.gov/hepatitis-b/about/index.html,Signs and symptoms,"Many people infected with hepatitis B virus won’t experience symptoms. If symptoms occur during acute infection, they often begin 90 days after exposure. Although the symptoms of acute HBV infection and chronic HBV infection may be similar, most people with chronic infection do not have symptoms until much later in life, often decades after exposure. Symptoms of hepatitis B include: Dark urine or clay-colored stools Feeling tired Fever Joint pain Loss of appetite Nausea, stomach pain, throwing up Yellow skin or eyes (jaundice) Learn more about hepatitis B symptoms .",2026-09-19T01:48:27.388469+00:00,Subset of the symptoms attested by the 'Signs and symptoms' section of CDC Hepatitis B Basics. Every term appears in source_quote; the co-occurrence shown here is synthetic.
hepatitis-b-comb-012,fever nausea stomach pain jaundice,hepatitis b,source_combination,,hepatitis-b-comb-012,abdominal pain|fever|jaundice|nausea,CDC Hepatitis B Basics,https://www.cdc.gov/hepatitis-b/about/index.html,Signs and symptoms,"Many people infected with hepatitis B virus won’t experience symptoms. If symptoms occur during acute infection, they often begin 90 days after exposure. Although the symptoms of acute HBV infection and chronic HBV infection may be similar, most people with chronic infection do not have symptoms until much later in life, often decades after exposure. Symptoms of hepatitis B include: Dark urine or clay-colored stools Feeling tired Fever Joint pain Loss of appetite Nausea, stomach pain, throwing up Yellow skin or eyes (jaundice) Learn more about hepatitis B symptoms .",2026-09-19T01:48:27.388469+00:00,Subset of the symptoms attested by the 'Signs and symptoms' section of CDC Hepatitis B Basics. Every term appears in source_quote; the co-occurrence shown here is synthetic.
hepatitis-b-comb-013,yellowing of the skin and eyes nausea pain in the abdomen,hepatitis b,source_combination,,hepatitis-b-comb-013,abdominal pain|jaundice|nausea,WHO Hepatitis B Fact Sheet,https://www.who.int/news-room/fact-sheets/detail/hepatitis-b,Symptoms,"Most people do not experience any symptoms when newly infected. Some people have acute illness with symptoms that last several weeks: yellowing of the skin and eyes (jaundice) dark urine feeling very tired nausea vomiting pain in the abdomen. When severe, acute hepatitis can lead to liver failure, which can lead to death. Although most people will recover from acute illness, some people with chronic hepatitis B will develop progressive liver disease and complications like cirrhosis and hepatocellular carcinoma (liver cancer). These diseases can be fatal.",2026-09-19T01:48:27.782588+00:00,Subset of the symptoms attested by the 'Symptoms' section of WHO Hepatitis B Fact Sheet. Every term appears in source_quote; the co-occurrence shown here is synthetic.
hepatitis-b-comb-014,dark urine loss of appetite jaundice,hepatitis b,source_combination,,hepatitis-b-comb-014,dark urine|jaundice|loss of appetite,CDC Hepatitis B Basics,https://www.cdc.gov/hepatitis-b/about/index.html,Signs and symptoms,"Many people infected with hepatitis B virus won’t experience symptoms. If symptoms occur during acute infection, they often begin 90 days after exposure. Although the symptoms of acute HBV infection and chronic HBV infection may be similar, most people with chronic infection do not have symptoms until much later in life, often decades after exposure. Symptoms of hepatitis B include: Dark urine or clay-colored stools Feeling tired Fever Joint pain Loss of appetite Nausea, stomach pain, throwing up Yellow skin or eyes (jaundice) Learn more about hepatitis B symptoms .",2026-09-19T01:48:27.388469+00:00,Subset of the symptoms attested by the 'Signs and symptoms' section of CDC Hepatitis B Basics. Every term appears in source_quote; the co-occurrence shown here is synthetic.
hepatitis-b-comb-015,feeling tired fever loss of appetite nausea jaundice,hepatitis b,source_combination,,hepatitis-b-comb-015,fatigue|fever|jaundice|loss of appetite|nausea,CDC Hepatitis B Basics,https://www.cdc.gov/hepatitis-b/about/index.html,Signs and symptoms,"Many people infected with hepatitis B virus won’t experience symptoms. If symptoms occur during acute infection, they often begin 90 days after exposure. Although the symptoms of acute HBV infection and chronic HBV infection may be similar, most people with chronic infection do not have symptoms until much later in life, often decades after exposure. Symptoms of hepatitis B include: Dark urine or clay-colored stools Feeling tired Fever Joint pain Loss of appetite Nausea, stomach pain, throwing up Yellow skin or eyes (jaundice) Learn more about hepatitis B symptoms .",2026-09-19T01:48:27.388469+00:00,Subset of the symptoms attested by the 'Signs and symptoms' section of CDC Hepatitis B Basics. Every term appears in source_quote; the co-occurrence shown here is synthetic.
hepatitis-b-comb-016,feeling tired fever stomach pain jaundice,hepatitis b,source_combination,,hepatitis-b-comb-016,abdominal pain|fatigue|fever|jaundice,CDC Hepatitis B Basics,https://www.cdc.gov/hepatitis-b/about/index.html,Signs and symptoms,"Many people infected with hepatitis B virus won’t experience symptoms. If symptoms occur during acute infection, they often begin 90 days after exposure. Although the symptoms of acute HBV infection and chronic HBV infection may be similar, most people with chronic infection do not have symptoms until much later in life, often decades after exposure. Symptoms of hepatitis B include: Dark urine or clay-colored stools Feeling tired Fever Joint pain Loss of appetite Nausea, stomach pain, throwing up Yellow skin or eyes (jaundice) Learn more about hepatitis B symptoms .",2026-09-19T01:48:27.388469+00:00,Subset of the symptoms attested by the 'Signs and symptoms' section of CDC Hepatitis B Basics. Every term appears in source_quote; the co-occurrence shown here is synthetic.
hiv-para-001,"my child has a cough, a skin rash, losing weight and swollen lymph nodes",hiv,paraphrase,hiv-comb-001,hiv-comb-001,cough|rash|swollen glands|weight loss,WHO HIV and AIDS Fact Sheet,https://www.who.int/news-room/fact-sheets/detail/hiv-aids,Signs and symptoms,"The signs and symptoms of HIV vary depending on the stage of infection. HIV spreads more easily in the first few months after a person is infected, but many are unaware of their status until the later stages. In the first few weeks after being infected people may not experience symptoms. Others may have an influenza-like illness including: fever headache rash sore throat. The infection progressively weakens the immune system. This can cause other signs and symptoms: swollen lymph nodes weight loss diarrhoea cough. Without treatment, people living with HIV infection can also develop severe illnesses: tuberculosis (TB) cryptococcal meningitis severe bacterial infections cancers such as lymphomas and Kaposi's sarcoma. HIV can make other infections, such as hepatitis C, hepatitis B and mpox, get worse.",2026-09-19T01:48:28.584789+00:00,"Wording variant of hiv-comb-001. Same symptom set, patient-voice phrasing and synonyms only; no clinical content added."
hiv-para-002,"i started with swollen lymph nodes, pain in my head and a cough for the last few days",hiv,paraphrase,hiv-comb-002,hiv-comb-002,cough|headache|swollen glands,WHO HIV and AIDS Fact Sheet,https://www.who.int/news-room/fact-sheets/detail/hiv-aids,Signs and symptoms,"The signs and symptoms of HIV vary depending on the stage of infection. HIV spreads more easily in the first few months after a person is infected, but many are unaware of their status until the later stages. In the first few weeks after being infected people may not experience symptoms. Others may have an influenza-like illness including: fever headache rash sore throat. The infection progressively weakens the immune system. This can cause other signs and symptoms: swollen lymph nodes weight loss diarrhoea cough. Without treatment, people living with HIV infection can also develop severe illnesses: tuberculosis (TB) cryptococcal meningitis severe bacterial infections cancers such as lymphomas and Kaposi's sarcoma. HIV can make other infections, such as hepatitis C, hepatitis B and mpox, get worse.",2026-09-19T01:48:28.584789+00:00,"Wording variant of hiv-comb-002. Same symptom set, patient-voice phrasing and synonyms only; no clinical content added."
hiv-para-003,"i have been having losing weight, feeling feverish, diarrhea and swollen lymph nodes for the last few days",hiv,paraphrase,hiv-comb-003,hiv-comb-003,diarrhea|fever|swollen glands|weight loss,WHO HIV and AIDS Fact Sheet,https://www.who.int/news-room/fact-sheets/detail/hiv-aids,Signs and symptoms,"The signs and symptoms of HIV vary depending on the stage of infection. HIV spreads more easily in the first few months after a person is infected, but many are unaware of their status until the later stages. In the first few weeks after being infected people may not experience symptoms. Others may have an influenza-like illness including: fever headache rash sore throat. The infection progressively weakens the immune system. This can cause other signs and symptoms: swollen lymph nodes weight loss diarrhoea cough. Without treatment, people living with HIV infection can also develop severe illnesses: tuberculosis (TB) cryptococcal meningitis severe bacterial infections cancers such as lymphomas and Kaposi's sarcoma. HIV can make other infections, such as hepatitis C, hepatitis B and mpox, get worse.",2026-09-19T01:48:28.584789+00:00,"Wording variant of hiv-comb-003. Same symptom set, patient-voice phrasing and synonyms only; no clinical content added."
hiv-para-004,"i have had a skin rash, coughing, a sore throat, a headache and diarrhea since yesterday",hiv,paraphrase,hiv-comb-004,hiv-comb-004,cough|diarrhea|headache|rash|sore throat,WHO HIV and AIDS Fact Sheet,https://www.who.int/news-room/fact-sheets/detail/hiv-aids,Signs and symptoms,"The signs and symptoms of HIV vary depending on the stage of infection. HIV spreads more easily in the first few months after a person is infected, but many are unaware of their status until the later stages. In the first few weeks after being infected people may not experience symptoms. Others may have an influenza-like illness including: fever headache rash sore throat. The infection progressively weakens the immune system. This can cause other signs and symptoms: swollen lymph nodes weight loss diarrhoea cough. Without treatment, people living with HIV infection can also develop severe illnesses: tuberculosis (TB) cryptococcal meningitis severe bacterial infections cancers such as lymphomas and Kaposi's sarcoma. HIV can make other infections, such as hepatitis C, hepatitis B and mpox, get worse.",2026-09-19T01:48:28.584789+00:00,"Wording variant of hiv-comb-004. Same symptom set, patient-voice phrasing and synonyms only; no clinical content added."
hiv-para-005,"i am experiencing losing weight, pain in my head, a rash and coughing",hiv,paraphrase,hiv-comb-005,hiv-comb-005,cough|headache|rash|weight loss,WHO HIV and AIDS Fact Sheet,https://www.who.int/news-room/fact-sheets/detail/hiv-aids,Signs and symptoms,"The signs and symptoms of HIV vary depending on the stage of infection. HIV spreads more easily in the first few months after a person is infected, but many are unaware of their status until the later stages. In the first few weeks after being infected people may not experience symptoms. Others may have an influenza-like illness including: fever headache rash sore throat. The infection progressively weakens the immune system. This can cause other signs and symptoms: swollen lymph nodes weight loss diarrhoea cough. Without treatment, people living with HIV infection can also develop severe illnesses: tuberculosis (TB) cryptococcal meningitis severe bacterial infections cancers such as lymphomas and Kaposi's sarcoma. HIV can make other infections, such as hepatitis C, hepatitis B and mpox, get worse.",2026-09-19T01:48:28.584789+00:00,"Wording variant of hiv-comb-005. Same symptom set, patient-voice phrasing and synonyms only; no clinical content added."
hiv-para-006,"my symptoms are a cough, weight loss and a skin rash",hiv,paraphrase,hiv-comb-006,hiv-comb-006,cough|rash|weight loss,WHO HIV and AIDS Fact Sheet,https://www.who.int/news-room/fact-sheets/detail/hiv-aids,Signs and symptoms,"The signs and symptoms of HIV vary depending on the stage of infection. HIV spreads more easily in the first few months after a person is infected, but many are unaware of their status until the later stages. In the first few weeks after being infected people may not experience symptoms. Others may have an influenza-like illness including: fever headache rash sore throat. The infection progressively weakens the immune system. This can cause other signs and symptoms: swollen lymph nodes weight loss diarrhoea cough. Without treatment, people living with HIV infection can also develop severe illnesses: tuberculosis (TB) cryptococcal meningitis severe bacterial infections cancers such as lymphomas and Kaposi's sarcoma. HIV can make other infections, such as hepatitis C, hepatitis B and mpox, get worse.",2026-09-19T01:48:28.584789+00:00,"Wording variant of hiv-comb-006. Same symptom set, patient-voice phrasing and synonyms only; no clinical content added."
hiv-para-007,"i have been having a sore throat, a rash, feeling feverish and coughing for the last few days",hiv,paraphrase,hiv-comb-007,hiv-comb-007,cough|fever|rash|sore throat,WHO HIV and AIDS Fact Sheet,https://www.who.int/news-room/fact-sheets/detail/hiv-aids,Signs and symptoms,"The signs and symptoms of HIV vary depending on the stage of infection. HIV spreads more easily in the first few months after a person is infected, but many are unaware of their status until the later stages. In the first few weeks after being infected people may not experience symptoms. Others may have an influenza-like illness including: fever headache rash sore throat. The infection progressively weakens the immune system. This can cause other signs and symptoms: swollen lymph nodes weight loss diarrhoea cough. Without treatment, people living with HIV infection can also develop severe illnesses: tuberculosis (TB) cryptococcal meningitis severe bacterial infections cancers such as lymphomas and Kaposi's sarcoma. HIV can make other infections, such as hepatitis C, hepatitis B and mpox, get worse.",2026-09-19T01:48:28.584789+00:00,"Wording variant of hiv-comb-007. Same symptom set, patient-voice phrasing and synonyms only; no clinical content added."
hiv-para-008,"patient reports swollen glands, a sore throat and a skin rash",hiv,paraphrase,hiv-comb-008,hiv-comb-008,rash|sore throat|swollen glands,WHO HIV and AIDS Fact Sheet,https://www.who.int/news-room/fact-sheets/detail/hiv-aids,Signs and symptoms,"The signs and symptoms of HIV vary depending on the stage of infection. HIV spreads more easily in the first few months after a person is infected, but many are unaware of their status until the later stages. In the first few weeks after being infected people may not experience symptoms. Others may have an influenza-like illness including: fever headache rash sore throat. The infection progressively weakens the immune system. This can cause other signs and symptoms: swollen lymph nodes weight loss diarrhoea cough. Without treatment, people living with HIV infection can also develop severe illnesses: tuberculosis (TB) cryptococcal meningitis severe bacterial infections cancers such as lymphomas and Kaposi's sarcoma. HIV can make other infections, such as hepatitis C, hepatitis B and mpox, get worse.",2026-09-19T01:48:28.584789+00:00,"Wording variant of hiv-comb-008. Same symptom set, patient-voice phrasing and synonyms only; no clinical content added."
hiv-para-009,"a headache, loose stools, a high temperature and a rash since yesterday",hiv,paraphrase,hiv-comb-009,hiv-comb-009,diarrhea|fever|headache|rash,WHO HIV and AIDS Fact Sheet,https://www.who.int/news-room/fact-sheets/detail/hiv-aids,Signs and symptoms,"The signs and symptoms of HIV vary depending on the stage of infection. HIV spreads more easily in the first few months after a person is infected, but many are unaware of their status until the later stages. In the first few weeks after being infected people may not experience symptoms. Others may have an influenza-like illness including: fever headache rash sore throat. The infection progressively weakens the immune system. This can cause other signs and symptoms: swollen lymph nodes weight loss diarrhoea cough. Without treatment, people living with HIV infection can also develop severe illnesses: tuberculosis (TB) cryptococcal meningitis severe bacterial infections cancers such as lymphomas and Kaposi's sarcoma. HIV can make other infections, such as hepatitis C, hepatitis B and mpox, get worse.",2026-09-19T01:48:28.584789+00:00,"Wording variant of hiv-comb-009. Same symptom set, patient-voice phrasing and synonyms only; no clinical content added."
hiv-para-010,"i started with swollen lymph nodes, a skin rash, a headache, a cough, throat pain and diarrhea since yesterday",hiv,paraphrase,hiv-comb-010,hiv-comb-010,cough|diarrhea|headache|rash|sore throat|swollen glands,WHO HIV and AIDS Fact Sheet,https://www.who.int/news-room/fact-sheets/detail/hiv-aids,Signs and symptoms,"The signs and symptoms of HIV vary depending on the stage of infection. HIV spreads more easily in the first few months after a person is infected, but many are unaware of their status until the later stages. In the first few weeks after being infected people may not experience symptoms. Others may have an influenza-like illness including: fever headache rash sore throat. The infection progressively weakens the immune system. This can cause other signs and symptoms: swollen lymph nodes weight loss diarrhoea cough. Without treatment, people living with HIV infection can also develop severe illnesses: tuberculosis (TB) cryptococcal meningitis severe bacterial infections cancers such as lymphomas and Kaposi's sarcoma. HIV can make other infections, such as hepatitis C, hepatitis B and mpox, get worse.",2026-09-19T01:48:28.584789+00:00,"Wording variant of hiv-comb-010. Same symptom set, patient-voice phrasing and synonyms only; no clinical content added."
hiv-para-011,"i have had coughing, feeling feverish, diarrhea, pain in my head, a sore throat and a rash for the last few days",hiv,paraphrase,hiv-comb-011,hiv-comb-011,cough|diarrhea|fever|headache|rash|sore throat,WHO HIV and AIDS Fact Sheet,https://www.who.int/news-room/fact-sheets/detail/hiv-aids,Signs and symptoms,"The signs and symptoms of HIV vary depending on the stage of infection. HIV spreads more easily in the first few months after a person is infected, but many are unaware of their status until the later stages. In the first few weeks after being infected people may not experience symptoms. Others may have an influenza-like illness including: fever headache rash sore throat. The infection progressively weakens the immune system. This can cause other signs and symptoms: swollen lymph nodes weight loss diarrhoea cough. Without treatment, people living with HIV infection can also develop severe illnesses: tuberculosis (TB) cryptococcal meningitis severe bacterial infections cancers such as lymphomas and Kaposi's sarcoma. HIV can make other infections, such as hepatitis C, hepatitis B and mpox, get worse.",2026-09-19T01:48:28.584789+00:00,"Wording variant of hiv-comb-011. Same symptom set, patient-voice phrasing and synonyms only; no clinical content added."
hiv-para-012,"i started with losing weight, a skin rash, a high temperature, pain in my head, a cough and swollen lymph nodes since yesterday",hiv,paraphrase,hiv-comb-012,hiv-comb-012,cough|fever|headache|rash|swollen glands|weight loss,WHO HIV and AIDS Fact Sheet,https://www.who.int/news-room/fact-sheets/detail/hiv-aids,Signs and symptoms,"The signs and symptoms of HIV vary depending on the stage of infection. HIV spreads more easily in the first few months after a person is infected, but many are unaware of their status until the later stages. In the first few weeks after being infected people may not experience symptoms. Others may have an influenza-like illness including: fever headache rash sore throat. The infection progressively weakens the immune system. This can cause other signs and symptoms: swollen lymph nodes weight loss diarrhoea cough. Without treatment, people living with HIV infection can also develop severe illnesses: tuberculosis (TB) cryptococcal meningitis severe bacterial infections cancers such as lymphomas and Kaposi's sarcoma. HIV can make other infections, such as hepatitis C, hepatitis B and mpox, get worse.",2026-09-19T01:48:28.584789+00:00,"Wording variant of hiv-comb-012. Same symptom set, patient-voice phrasing and synonyms only; no clinical content added."
hiv-para-013,"she has had a high temperature, a rash, loose stools, throat pain and swollen lymph nodes for the past two days",hiv,paraphrase,hiv-comb-013,hiv-comb-013,diarrhea|fever|rash|sore throat|swollen glands,WHO HIV and AIDS Fact Sheet,https://www.who.int/news-room/fact-sheets/detail/hiv-aids,Signs and symptoms,"The signs and symptoms of HIV vary depending on the stage of infection. HIV spreads more easily in the first few months after a person is infected, but many are unaware of their status until the later stages. In the first few weeks after being infected people may not experience symptoms. Others may have an influenza-like illness including: fever headache rash sore throat. The infection progressively weakens the immune system. This can cause other signs and symptoms: swollen lymph nodes weight loss diarrhoea cough. Without treatment, people living with HIV infection can also develop severe illnesses: tuberculosis (TB) cryptococcal meningitis severe bacterial infections cancers such as lymphomas and Kaposi's sarcoma. HIV can make other infections, such as hepatitis C, hepatitis B and mpox, get worse.",2026-09-19T01:48:28.584789+00:00,"Wording variant of hiv-comb-013. Same symptom set, patient-voice phrasing and synonyms only; no clinical content added."
hiv-para-014,"patient reports a cough, a fever and a rash",hiv,paraphrase,hiv-comb-014,hiv-comb-014,cough|fever|rash,WHO HIV and AIDS Fact Sheet,https://www.who.int/news-room/fact-sheets/detail/hiv-aids,Signs and symptoms,"The signs and symptoms of HIV vary depending on the stage of infection. HIV spreads more easily in the first few months after a person is infected, but many are unaware of their status until the later stages. In the first few weeks after being infected people may not experience symptoms. Others may have an influenza-like illness including: fever headache rash sore throat. The infection progressively weakens the immune system. This can cause other signs and symptoms: swollen lymph nodes weight loss diarrhoea cough. Without treatment, people living with HIV infection can also develop severe illnesses: tuberculosis (TB) cryptococcal meningitis severe bacterial infections cancers such as lymphomas and Kaposi's sarcoma. HIV can make other infections, such as hepatitis C, hepatitis B and mpox, get worse.",2026-09-19T01:48:28.584789+00:00,"Wording variant of hiv-comb-014. Same symptom set, patient-voice phrasing and synonyms only; no clinical content added."
hiv-para-015,"my child has diarrhea, losing weight, a skin rash, swollen lymph nodes, feeling feverish and coughing",hiv,paraphrase,hiv-comb-015,hiv-comb-015,cough|diarrhea|fever|rash|swollen glands|weight loss,WHO HIV and AIDS Fact Sheet,https://www.who.int/news-room/fact-sheets/detail/hiv-aids,Signs and symptoms,"The signs and symptoms of HIV vary depending on the stage of infection. HIV spreads more easily in the first few months after a person is infected, but many are unaware of their status until the later stages. In the first few weeks after being infected people may not experience symptoms. Others may have an influenza-like illness including: fever headache rash sore throat. The infection progressively weakens the immune system. This can cause other signs and symptoms: swollen lymph nodes weight loss diarrhoea cough. Without treatment, people living with HIV infection can also develop severe illnesses: tuberculosis (TB) cryptococcal meningitis severe bacterial infections cancers such as lymphomas and Kaposi's sarcoma. HIV can make other infections, such as hepatitis C, hepatitis B and mpox, get worse.",2026-09-19T01:48:28.584789+00:00,"Wording variant of hiv-comb-015. Same symptom set, patient-voice phrasing and synonyms only; no clinical content added."
hiv-para-016,"i have had throat pain, a high temperature, weight loss, loose stools, swollen glands and a skin rash for the past two days",hiv,paraphrase,hiv-comb-016,hiv-comb-016,diarrhea|fever|rash|sore throat|swollen glands|weight loss,WHO HIV and AIDS Fact Sheet,https://www.who.int/news-room/fact-sheets/detail/hiv-aids,Signs and symptoms,"The signs and symptoms of HIV vary depending on the stage of infection. HIV spreads more easily in the first few months after a person is infected, but many are unaware of their status until the later stages. In the first few weeks after being infected people may not experience symptoms. Others may have an influenza-like illness including: fever headache rash sore throat. The infection progressively weakens the immune system. This can cause other signs and symptoms: swollen lymph nodes weight loss diarrhoea cough. Without treatment, people living with HIV infection can also develop severe illnesses: tuberculosis (TB) cryptococcal meningitis severe bacterial infections cancers such as lymphomas and Kaposi's sarcoma. HIV can make other infections, such as hepatitis C, hepatitis B and mpox, get worse.",2026-09-19T01:48:28.584789+00:00,"Wording variant of hiv-comb-016. Same symptom set, patient-voice phrasing and synonyms only; no clinical content added."
hiv-para-017,"i am experiencing loose stools, head pain, coughing, losing weight, swollen glands, feeling feverish, a sore throat and a rash",hiv,paraphrase,hiv-src-001,hiv-src-001,cough|diarrhea|fever|headache|rash|sore throat|swollen glands|weight loss,WHO HIV and AIDS Fact Sheet,https://www.who.int/news-room/fact-sheets/detail/hiv-aids,Signs and symptoms,"The signs and symptoms of HIV vary depending on the stage of infection. HIV spreads more easily in the first few months after a person is infected, but many are unaware of their status until the later stages. In the first few weeks after being infected people may not experience symptoms. Others may have an influenza-like illness including: fever headache rash sore throat. The infection progressively weakens the immune system. This can cause other signs and symptoms: swollen lymph nodes weight loss diarrhoea cough. Without treatment, people living with HIV infection can also develop severe illnesses: tuberculosis (TB) cryptococcal meningitis severe bacterial infections cancers such as lymphomas and Kaposi's sarcoma. HIV can make other infections, such as hepatitis C, hepatitis B and mpox, get worse.",2026-09-19T01:48:28.584789+00:00,"Wording variant of hiv-src-001. Same symptom set, patient-voice phrasing and synonyms only; no clinical content added."
hiv-para-018,"i have been having swollen lymph nodes, coughing, a skin rash and weight loss for the past two days",hiv,paraphrase,hiv-comb-001,hiv-comb-001,cough|rash|swollen glands|weight loss,WHO HIV and AIDS Fact Sheet,https://www.who.int/news-room/fact-sheets/detail/hiv-aids,Signs and symptoms,"The signs and symptoms of HIV vary depending on the stage of infection. HIV spreads more easily in the first few months after a person is infected, but many are unaware of their status until the later stages. In the first few weeks after being infected people may not experience symptoms. Others may have an influenza-like illness including: fever headache rash sore throat. The infection progressively weakens the immune system. This can cause other signs and symptoms: swollen lymph nodes weight loss diarrhoea cough. Without treatment, people living with HIV infection can also develop severe illnesses: tuberculosis (TB) cryptococcal meningitis severe bacterial infections cancers such as lymphomas and Kaposi's sarcoma. HIV can make other infections, such as hepatitis C, hepatitis B and mpox, get worse.",2026-09-19T01:48:28.584789+00:00,"Wording variant of hiv-comb-001. Same symptom set, patient-voice phrasing and synonyms only; no clinical content added."
hiv-para-019,"my child has head pain, coughing and swollen lymph nodes",hiv,paraphrase,hiv-comb-002,hiv-comb-002,cough|headache|swollen glands,WHO HIV and AIDS Fact Sheet,https://www.who.int/news-room/fact-sheets/detail/hiv-aids,Signs and symptoms,"The signs and symptoms of HIV vary depending on the stage of infection. HIV spreads more easily in the first few months after a person is infected, but many are unaware of their status until the later stages. In the first few weeks after being infected people may not experience symptoms. Others may have an influenza-like illness including: fever headache rash sore throat. The infection progressively weakens the immune system. This can cause other signs and symptoms: swollen lymph nodes weight loss diarrhoea cough. Without treatment, people living with HIV infection can also develop severe illnesses: tuberculosis (TB) cryptococcal meningitis severe bacterial infections cancers such as lymphomas and Kaposi's sarcoma. HIV can make other infections, such as hepatitis C, hepatitis B and mpox, get worse.",2026-09-19T01:48:28.584789+00:00,"Wording variant of hiv-comb-002. Same symptom set, patient-voice phrasing and synonyms only; no clinical content added."
hiv-para-020,"i am experiencing loose stools, a fever, weight loss and swollen glands",hiv,paraphrase,hiv-comb-003,hiv-comb-003,diarrhea|fever|swollen glands|weight loss,WHO HIV and AIDS Fact Sheet,https://www.who.int/news-room/fact-sheets/detail/hiv-aids,Signs and symptoms,"The signs and symptoms of HIV vary depending on the stage of infection. HIV spreads more easily in the first few months after a person is infected, but many are unaware of their status until the later stages. In the first few weeks after being infected people may not experience symptoms. Others may have an influenza-like illness including: fever headache rash sore throat. The infection progressively weakens the immune system. This can cause other signs and symptoms: swollen lymph nodes weight loss diarrhoea cough. Without treatment, people living with HIV infection can also develop severe illnesses: tuberculosis (TB) cryptococcal meningitis severe bacterial infections cancers such as lymphomas and Kaposi's sarcoma. HIV can make other infections, such as hepatitis C, hepatitis B and mpox, get worse.",2026-09-19T01:48:28.584789+00:00,"Wording variant of hiv-comb-003. Same symptom set, patient-voice phrasing and synonyms only; no clinical content added."
hiv-para-021,"i have been having coughing, head pain, a skin rash, loose stools and a sore throat for three days",hiv,paraphrase,hiv-comb-004,hiv-comb-004,cough|diarrhea|headache|rash|sore throat,WHO HIV and AIDS Fact Sheet,https://www.who.int/news-room/fact-sheets/detail/hiv-aids,Signs and symptoms,"The signs and symptoms of HIV vary depending on the stage of infection. HIV spreads more easily in the first few months after a person is infected, but many are unaware of their status until the later stages. In the first few weeks after being infected people may not experience symptoms. Others may have an influenza-like illness including: fever headache rash sore throat. The infection progressively weakens the immune system. This can cause other signs and symptoms: swollen lymph nodes weight loss diarrhoea cough. Without treatment, people living with HIV infection can also develop severe illnesses: tuberculosis (TB) cryptococcal meningitis severe bacterial infections cancers such as lymphomas and Kaposi's sarcoma. HIV can make other infections, such as hepatitis C, hepatitis B and mpox, get worse.",2026-09-19T01:48:28.584789+00:00,"Wording variant of hiv-comb-004. Same symptom set, patient-voice phrasing and synonyms only; no clinical content added."
hiv-para-022,"patient reports a headache, a rash, weight loss and a cough",hiv,paraphrase,hiv-comb-005,hiv-comb-005,cough|headache|rash|weight loss,WHO HIV and AIDS Fact Sheet,https://www.who.int/news-room/fact-sheets/detail/hiv-aids,Signs and symptoms,"The signs and symptoms of HIV vary depending on the stage of infection. HIV spreads more easily in the first few months after a person is infected, but many are unaware of their status until the later stages. In the first few weeks after being infected people may not experience symptoms. Others may have an influenza-like illness including: fever headache rash sore throat. The infection progressively weakens the immune system. This can cause other signs and symptoms: swollen lymph nodes weight loss diarrhoea cough. Without treatment, people living with HIV infection can also develop severe illnesses: tuberculosis (TB) cryptococcal meningitis severe bacterial infections cancers such as lymphomas and Kaposi's sarcoma. HIV can make other infections, such as hepatitis C, hepatitis B and mpox, get worse.",2026-09-19T01:48:28.584789+00:00,"Wording variant of hiv-comb-005. Same symptom set, patient-voice phrasing and synonyms only; no clinical content added."
hiv-para-023,"i started with a skin rash, coughing and weight loss for several days now",hiv,paraphrase,hiv-comb-006,hiv-comb-006,cough|rash|weight loss,WHO HIV and AIDS Fact Sheet,https://www.who.int/news-room/fact-sheets/detail/hiv-aids,Signs and symptoms,"The signs and symptoms of HIV vary depending on the stage of infection. HIV spreads more easily in the first few months after a person is infected, but many are unaware of their status until the later stages. In the first few weeks after being infected people may not experience symptoms. Others may have an influenza-like illness including: fever headache rash sore throat. The infection progressively weakens the immune system. This can cause other signs and symptoms: swollen lymph nodes weight loss diarrhoea cough. Without treatment, people living with HIV infection can also develop severe illnesses: tuberculosis (TB) cryptococcal meningitis severe bacterial infections cancers such as lymphomas and Kaposi's sarcoma. HIV can make other infections, such as hepatitis C, hepatitis B and mpox, get worse.",2026-09-19T01:48:28.584789+00:00,"Wording variant of hiv-comb-006. Same symptom set, patient-voice phrasing and synonyms only; no clinical content added."
hiv-para-024,"feeling feverish, a skin rash, throat pain and a cough since yesterday",hiv,paraphrase,hiv-comb-007,hiv-comb-007,cough|fever|rash|sore throat,WHO HIV and AIDS Fact Sheet,https://www.who.int/news-room/fact-sheets/detail/hiv-aids,Signs and symptoms,"The signs and symptoms of HIV vary depending on the stage of infection. HIV spreads more easily in the first few months after a person is infected, but many are unaware of their status until the later stages. In the first few weeks after being infected people may not experience symptoms. Others may have an influenza-like illness including: fever headache rash sore throat. The infection progressively weakens the immune system. This can cause other signs and symptoms: swollen lymph nodes weight loss diarrhoea cough. Without treatment, people living with HIV infection can also develop severe illnesses: tuberculosis (TB) cryptococcal meningitis severe bacterial infections cancers such as lymphomas and Kaposi's sarcoma. HIV can make other infections, such as hepatitis C, hepatitis B and mpox, get worse.",2026-09-19T01:48:28.584789+00:00,"Wording variant of hiv-comb-007. Same symptom set, patient-voice phrasing and synonyms only; no clinical content added."
hiv-para-025,"she has had swollen glands, throat pain and a skin rash for the last few days",hiv,paraphrase,hiv-comb-008,hiv-comb-008,rash|sore throat|swollen glands,WHO HIV and AIDS Fact Sheet,https://www.who.int/news-room/fact-sheets/detail/hiv-aids,Signs and symptoms,"The signs and symptoms of HIV vary depending on the stage of infection. HIV spreads more easily in the first few months after a person is infected, but many are unaware of their status until the later stages. In the first few weeks after being infected people may not experience symptoms. Others may have an influenza-like illness including: fever headache rash sore throat. The infection progressively weakens the immune system. This can cause other signs and symptoms: swollen lymph nodes weight loss diarrhoea cough. Without treatment, people living with HIV infection can also develop severe illnesses: tuberculosis (TB) cryptococcal meningitis severe bacterial infections cancers such as lymphomas and Kaposi's sarcoma. HIV can make other infections, such as hepatitis C, hepatitis B and mpox, get worse.",2026-09-19T01:48:28.584789+00:00,"Wording variant of hiv-comb-008. Same symptom set, patient-voice phrasing and synonyms only; no clinical content added."
hiv-para-026,"i have had a skin rash, diarrhea, a fever and pain in my head for the last few days",hiv,paraphrase,hiv-comb-009,hiv-comb-009,diarrhea|fever|headache|rash,WHO HIV and AIDS Fact Sheet,https://www.who.int/news-room/fact-sheets/detail/hiv-aids,Signs and symptoms,"The signs and symptoms of HIV vary depending on the stage of infection. HIV spreads more easily in the first few months after a person is infected, but many are unaware of their status until the later stages. In the first few weeks after being infected people may not experience symptoms. Others may have an influenza-like illness including: fever headache rash sore throat. The infection progressively weakens the immune system. This can cause other signs and symptoms: swollen lymph nodes weight loss diarrhoea cough. Without treatment, people living with HIV infection can also develop severe illnesses: tuberculosis (TB) cryptococcal meningitis severe bacterial infections cancers such as lymphomas and Kaposi's sarcoma. HIV can make other infections, such as hepatitis C, hepatitis B and mpox, get worse.",2026-09-19T01:48:28.584789+00:00,"Wording variant of hiv-comb-009. Same symptom set, patient-voice phrasing and synonyms only; no clinical content added."
hiv-src-001,fever headache rash sore throat swollen lymph nodes weight loss diarrhoea cough,hiv,source,,hiv-src-001,cough|diarrhea|fever|headache|rash|sore throat|swollen glands|weight loss,WHO HIV and AIDS Fact Sheet,https://www.who.int/news-room/fact-sheets/detail/hiv-aids,Signs and symptoms,"The signs and symptoms of HIV vary depending on the stage of infection. HIV spreads more easily in the first few months after a person is infected, but many are unaware of their status until the later stages. In the first few weeks after being infected people may not experience symptoms. Others may have an influenza-like illness including: fever headache rash sore throat. The infection progressively weakens the immune system. This can cause other signs and symptoms: swollen lymph nodes weight loss diarrhoea cough. Without treatment, people living with HIV infection can also develop severe illnesses: tuberculosis (TB) cryptococcal meningitis severe bacterial infections cancers such as lymphomas and Kaposi's sarcoma. HIV can make other infections, such as hepatitis C, hepatitis B and mpox, get worse.",2026-09-19T01:48:28.584789+00:00,"Full symptom set attested by the 'Signs and symptoms' section of WHO HIV and AIDS Fact Sheet, in the order the passage lists them."
hiv-comb-001,rash swollen lymph nodes weight loss cough,hiv,source_combination,,hiv-comb-001,cough|rash|swollen glands|weight loss,WHO HIV and AIDS Fact Sheet,https://www.who.int/news-room/fact-sheets/detail/hiv-aids,Signs and symptoms,"The signs and symptoms of HIV vary depending on the stage of infection. HIV spreads more easily in the first few months after a person is infected, but many are unaware of their status until the later stages. In the first few weeks after being infected people may not experience symptoms. Others may have an influenza-like illness including: fever headache rash sore throat. The infection progressively weakens the immune system. This can cause other signs and symptoms: swollen lymph nodes weight loss diarrhoea cough. Without treatment, people living with HIV infection can also develop severe illnesses: tuberculosis (TB) cryptococcal meningitis severe bacterial infections cancers such as lymphomas and Kaposi's sarcoma. HIV can make other infections, such as hepatitis C, hepatitis B and mpox, get worse.",2026-09-19T01:48:28.584789+00:00,Subset of the symptoms attested by the 'Signs and symptoms' section of WHO HIV and AIDS Fact Sheet. Every term appears in source_quote; the co-occurrence shown here is synthetic.
hiv-comb-002,headache swollen lymph nodes cough,hiv,source_combination,,hiv-comb-002,cough|headache|swollen glands,WHO HIV and AIDS Fact Sheet,https://www.who.int/news-room/fact-sheets/detail/hiv-aids,Signs and symptoms,"The signs and symptoms of HIV vary depending on the stage of infection. HIV spreads more easily in the first few months after a person is infected, but many are unaware of their status until the later stages. In the first few weeks after being infected people may not experience symptoms. Others may have an influenza-like illness including: fever headache rash sore throat. The infection progressively weakens the immune system. This can cause other signs and symptoms: swollen lymph nodes weight loss diarrhoea cough. Without treatment, people living with HIV infection can also develop severe illnesses: tuberculosis (TB) cryptococcal meningitis severe bacterial infections cancers such as lymphomas and Kaposi's sarcoma. HIV can make other infections, such as hepatitis C, hepatitis B and mpox, get worse.",2026-09-19T01:48:28.584789+00:00,Subset of the symptoms attested by the 'Signs and symptoms' section of WHO HIV and AIDS Fact Sheet. Every term appears in source_quote; the co-occurrence shown here is synthetic.
hiv-comb-003,fever swollen lymph nodes weight loss diarrhoea,hiv,source_combination,,hiv-comb-003,diarrhea|fever|swollen glands|weight loss,WHO HIV and AIDS Fact Sheet,https://www.who.int/news-room/fact-sheets/detail/hiv-aids,Signs and symptoms,"The signs and symptoms of HIV vary depending on the stage of infection. HIV spreads more easily in the first few months after a person is infected, but many are unaware of their status until the later stages. In the first few weeks after being infected people may not experience symptoms. Others may have an influenza-like illness including: fever headache rash sore throat. The infection progressively weakens the immune system. This can cause other signs and symptoms: swollen lymph nodes weight loss diarrhoea cough. Without treatment, people living with HIV infection can also develop severe illnesses: tuberculosis (TB) cryptococcal meningitis severe bacterial infections cancers such as lymphomas and Kaposi's sarcoma. HIV can make other infections, such as hepatitis C, hepatitis B and mpox, get worse.",2026-09-19T01:48:28.584789+00:00,Subset of the symptoms attested by the 'Signs and symptoms' section of WHO HIV and AIDS Fact Sheet. Every term appears in source_quote; the co-occurrence shown here is synthetic.
hiv-comb-004,headache rash sore throat diarrhoea cough,hiv,source_combination,,hiv-comb-004,cough|diarrhea|headache|rash|sore throat,WHO HIV and AIDS Fact Sheet,https://www.who.int/news-room/fact-sheets/detail/hiv-aids,Signs and symptoms,"The signs and symptoms of HIV vary depending on the stage of infection. HIV spreads more easily in the first few months after a person is infected, but many are unaware of their status until the later stages. In the first few weeks after being infected people may not experience symptoms. Others may have an influenza-like illness including: fever headache rash sore throat. The infection progressively weakens the immune system. This can cause other signs and symptoms: swollen lymph nodes weight loss diarrhoea cough. Without treatment, people living with HIV infection can also develop severe illnesses: tuberculosis (TB) cryptococcal meningitis severe bacterial infections cancers such as lymphomas and Kaposi's sarcoma. HIV can make other infections, such as hepatitis C, hepatitis B and mpox, get worse.",2026-09-19T01:48:28.584789+00:00,Subset of the symptoms attested by the 'Signs and symptoms' section of WHO HIV and AIDS Fact Sheet. Every term appears in source_quote; the co-occurrence shown here is synthetic.
hiv-comb-005,headache rash weight loss cough,hiv,source_combination,,hiv-comb-005,cough|headache|rash|weight loss,WHO HIV and AIDS Fact Sheet,https://www.who.int/news-room/fact-sheets/detail/hiv-aids,Signs and symptoms,"The signs and symptoms of HIV vary depending on the stage of infection. HIV spreads more easily in the first few months after a person is infected, but many are unaware of their status until the later stages. In the first few weeks after being infected people may not experience symptoms. Others may have an influenza-like illness including: fever headache rash sore throat. The infection progressively weakens the immune system. This can cause other signs and symptoms: swollen lymph nodes weight loss diarrhoea cough. Without treatment, people living with HIV infection can also develop severe illnesses: tuberculosis (TB) cryptococcal meningitis severe bacterial infections cancers such as lymphomas and Kaposi's sarcoma. HIV can make other infections, such as hepatitis C, hepatitis B and mpox, get worse.",2026-09-19T01:48:28.584789+00:00,Subset of the symptoms attested by the 'Signs and symptoms' section of WHO HIV and AIDS Fact Sheet. Every term appears in source_quote; the co-occurrence shown here is synthetic.
hiv-comb-006,rash weight loss cough,hiv,source_combination,,hiv-comb-006,cough|rash|weight loss,WHO HIV and AIDS Fact Sheet,https://www.who.int/news-room/fact-sheets/detail/hiv-aids,Signs and symptoms,"The signs and symptoms of HIV vary depending on the stage of infection. HIV spreads more easily in the first few months after a person is infected, but many are unaware of their status until the later stages. In the first few weeks after being infected people may not experience symptoms. Others may have an influenza-like illness including: fever headache rash sore throat. The infection progressively weakens the immune system. This can cause other signs and symptoms: swollen lymph nodes weight loss diarrhoea cough. Without treatment, people living with HIV infection can also develop severe illnesses: tuberculosis (TB) cryptococcal meningitis severe bacterial infections cancers such as lymphomas and Kaposi's sarcoma. HIV can make other infections, such as hepatitis C, hepatitis B and mpox, get worse.",2026-09-19T01:48:28.584789+00:00,Subset of the symptoms attested by the 'Signs and symptoms' section of WHO HIV and AIDS Fact Sheet. Every term appears in source_quote; the co-occurrence shown here is synthetic.
hiv-comb-007,fever rash sore throat cough,hiv,source_combination,,hiv-comb-007,cough|fever|rash|sore throat,WHO HIV and AIDS Fact Sheet,https://www.who.int/news-room/fact-sheets/detail/hiv-aids,Signs and symptoms,"The signs and symptoms of HIV vary depending on the stage of infection. HIV spreads more easily in the first few months after a person is infected, but many are unaware of their status until the later stages. In the first few weeks after being infected people may not experience symptoms. Others may have an influenza-like illness including: fever headache rash sore throat. The infection progressively weakens the immune system. This can cause other signs and symptoms: swollen lymph nodes weight loss diarrhoea cough. Without treatment, people living with HIV infection can also develop severe illnesses: tuberculosis (TB) cryptococcal meningitis severe bacterial infections cancers such as lymphomas and Kaposi's sarcoma. HIV can make other infections, such as hepatitis C, hepatitis B and mpox, get worse.",2026-09-19T01:48:28.584789+00:00,Subset of the symptoms attested by the 'Signs and symptoms' section of WHO HIV and AIDS Fact Sheet. Every term appears in source_quote; the co-occurrence shown here is synthetic.
hiv-comb-008,rash sore throat swollen lymph nodes,hiv,source_combination,,hiv-comb-008,rash|sore throat|swollen glands,WHO HIV and AIDS Fact Sheet,https://www.who.int/news-room/fact-sheets/detail/hiv-aids,Signs and symptoms,"The signs and symptoms of HIV vary depending on the stage of infection. HIV spreads more easily in the first few months after a person is infected, but many are unaware of their status until the later stages. In the first few weeks after being infected people may not experience symptoms. Others may have an influenza-like illness including: fever headache rash sore throat. The infection progressively weakens the immune system. This can cause other signs and symptoms: swollen lymph nodes weight loss diarrhoea cough. Without treatment, people living with HIV infection can also develop severe illnesses: tuberculosis (TB) cryptococcal meningitis severe bacterial infections cancers such as lymphomas and Kaposi's sarcoma. HIV can make other infections, such as hepatitis C, hepatitis B and mpox, get worse.",2026-09-19T01:48:28.584789+00:00,Subset of the symptoms attested by the 'Signs and symptoms' section of WHO HIV and AIDS Fact Sheet. Every term appears in source_quote; the co-occurrence shown here is synthetic.
hiv-comb-009,fever headache rash diarrhoea,hiv,source_combination,,hiv-comb-009,diarrhea|fever|headache|rash,WHO HIV and AIDS Fact Sheet,https://www.who.int/news-room/fact-sheets/detail/hiv-aids,Signs and symptoms,"The signs and symptoms of HIV vary depending on the stage of infection. HIV spreads more easily in the first few months after a person is infected, but many are unaware of their status until the later stages. In the first few weeks after being infected people may not experience symptoms. Others may have an influenza-like illness including: fever headache rash sore throat. The infection progressively weakens the immune system. This can cause other signs and symptoms: swollen lymph nodes weight loss diarrhoea cough. Without treatment, people living with HIV infection can also develop severe illnesses: tuberculosis (TB) cryptococcal meningitis severe bacterial infections cancers such as lymphomas and Kaposi's sarcoma. HIV can make other infections, such as hepatitis C, hepatitis B and mpox, get worse.",2026-09-19T01:48:28.584789+00:00,Subset of the symptoms attested by the 'Signs and symptoms' section of WHO HIV and AIDS Fact Sheet. Every term appears in source_quote; the co-occurrence shown here is synthetic.
hiv-comb-010,headache rash sore throat swollen lymph nodes diarrhoea cough,hiv,source_combination,,hiv-comb-010,cough|diarrhea|headache|rash|sore throat|swollen glands,WHO HIV and AIDS Fact Sheet,https://www.who.int/news-room/fact-sheets/detail/hiv-aids,Signs and symptoms,"The signs and symptoms of HIV vary depending on the stage of infection. HIV spreads more easily in the first few months after a person is infected, but many are unaware of their status until the later stages. In the first few weeks after being infected people may not experience symptoms. Others may have an influenza-like illness including: fever headache rash sore throat. The infection progressively weakens the immune system. This can cause other signs and symptoms: swollen lymph nodes weight loss diarrhoea cough. Without treatment, people living with HIV infection can also develop severe illnesses: tuberculosis (TB) cryptococcal meningitis severe bacterial infections cancers such as lymphomas and Kaposi's sarcoma. HIV can make other infections, such as hepatitis C, hepatitis B and mpox, get worse.",2026-09-19T01:48:28.584789+00:00,Subset of the symptoms attested by the 'Signs and symptoms' section of WHO HIV and AIDS Fact Sheet. Every term appears in source_quote; the co-occurrence shown here is synthetic.
hiv-comb-011,fever headache rash sore throat diarrhoea cough,hiv,source_combination,,hiv-comb-011,cough|diarrhea|fever|headache|rash|sore throat,WHO HIV and AIDS Fact Sheet,https://www.who.int/news-room/fact-sheets/detail/hiv-aids,Signs and symptoms,"The signs and symptoms of HIV vary depending on the stage of infection. HIV spreads more easily in the first few months after a person is infected, but many are unaware of their status until the later stages. In the first few weeks after being infected people may not experience symptoms. Others may have an influenza-like illness including: fever headache rash sore throat. The infection progressively weakens the immune system. This can cause other signs and symptoms: swollen lymph nodes weight loss diarrhoea cough. Without treatment, people living with HIV infection can also develop severe illnesses: tuberculosis (TB) cryptococcal meningitis severe bacterial infections cancers such as lymphomas and Kaposi's sarcoma. HIV can make other infections, such as hepatitis C, hepatitis B and mpox, get worse.",2026-09-19T01:48:28.584789+00:00,Subset of the symptoms attested by the 'Signs and symptoms' section of WHO HIV and AIDS Fact Sheet. Every term appears in source_quote; the co-occurrence shown here is synthetic.
hiv-comb-012,fever headache rash swollen lymph nodes weight loss cough,hiv,source_combination,,hiv-comb-012,cough|fever|headache|rash|swollen glands|weight loss,WHO HIV and AIDS Fact Sheet,https://www.who.int/news-room/fact-sheets/detail/hiv-aids,Signs and symptoms,"The signs and symptoms of HIV vary depending on the stage of infection. HIV spreads more easily in the first few months after a person is infected, but many are unaware of their status until the later stages. In the first few weeks after being infected people may not experience symptoms. Others may have an influenza-like illness including: fever headache rash sore throat. The infection progressively weakens the immune system. This can cause other signs and symptoms: swollen lymph nodes weight loss diarrhoea cough. Without treatment, people living with HIV infection can also develop severe illnesses: tuberculosis (TB) cryptococcal meningitis severe bacterial infections cancers such as lymphomas and Kaposi's sarcoma. HIV can make other infections, such as hepatitis C, hepatitis B and mpox, get worse.",2026-09-19T01:48:28.584789+00:00,Subset of the symptoms attested by the 'Signs and symptoms' section of WHO HIV and AIDS Fact Sheet. Every term appears in source_quote; the co-occurrence shown here is synthetic.
hiv-comb-013,fever rash sore throat swollen lymph nodes diarrhoea,hiv,source_combination,,hiv-comb-013,diarrhea|fever|rash|sore throat|swollen glands,WHO HIV and AIDS Fact Sheet,https://www.who.int/news-room/fact-sheets/detail/hiv-aids,Signs and symptoms,"The signs and symptoms of HIV vary depending on the stage of infection. HIV spreads more easily in the first few months after a person is infected, but many are unaware of their status until the later stages. In the first few weeks after being infected people may not experience symptoms. Others may have an influenza-like illness including: fever headache rash sore throat. The infection progressively weakens the immune system. This can cause other signs and symptoms: swollen lymph nodes weight loss diarrhoea cough. Without treatment, people living with HIV infection can also develop severe illnesses: tuberculosis (TB) cryptococcal meningitis severe bacterial infections cancers such as lymphomas and Kaposi's sarcoma. HIV can make other infections, such as hepatitis C, hepatitis B and mpox, get worse.",2026-09-19T01:48:28.584789+00:00,Subset of the symptoms attested by the 'Signs and symptoms' section of WHO HIV and AIDS Fact Sheet. Every term appears in source_quote; the co-occurrence shown here is synthetic.
hiv-comb-014,fever rash cough,hiv,source_combination,,hiv-comb-014,cough|fever|rash,WHO HIV and AIDS Fact Sheet,https://www.who.int/news-room/fact-sheets/detail/hiv-aids,Signs and symptoms,"The signs and symptoms of HIV vary depending on the stage of infection. HIV spreads more easily in the first few months after a person is infected, but many are unaware of their status until the later stages. In the first few weeks after being infected people may not experience symptoms. Others may have an influenza-like illness including: fever headache rash sore throat. The infection progressively weakens the immune system. This can cause other signs and symptoms: swollen lymph nodes weight loss diarrhoea cough. Without treatment, people living with HIV infection can also develop severe illnesses: tuberculosis (TB) cryptococcal meningitis severe bacterial infections cancers such as lymphomas and Kaposi's sarcoma. HIV can make other infections, such as hepatitis C, hepatitis B and mpox, get worse.",2026-09-19T01:48:28.584789+00:00,Subset of the symptoms attested by the 'Signs and symptoms' section of WHO HIV and AIDS Fact Sheet. Every term appears in source_quote; the co-occurrence shown here is synthetic.
hiv-comb-015,fever rash swollen lymph nodes weight loss diarrhoea cough,hiv,source_combination,,hiv-comb-015,cough|diarrhea|fever|rash|swollen glands|weight loss,WHO HIV and AIDS Fact Sheet,https://www.who.int/news-room/fact-sheets/detail/hiv-aids,Signs and symptoms,"The signs and symptoms of HIV vary depending on the stage of infection. HIV spreads more easily in the first few months after a person is infected, but many are unaware of their status until the later stages. In the first few weeks after being infected people may not experience symptoms. Others may have an influenza-like illness including: fever headache rash sore throat. The infection progressively weakens the immune system. This can cause other signs and symptoms: swollen lymph nodes weight loss diarrhoea cough. Without treatment, people living with HIV infection can also develop severe illnesses: tuberculosis (TB) cryptococcal meningitis severe bacterial infections cancers such as lymphomas and Kaposi's sarcoma. HIV can make other infections, such as hepatitis C, hepatitis B and mpox, get worse.",2026-09-19T01:48:28.584789+00:00,Subset of the symptoms attested by the 'Signs and symptoms' section of WHO HIV and AIDS Fact Sheet. Every term appears in source_quote; the co-occurrence shown here is synthetic.
hiv-comb-016,fever rash sore throat swollen lymph nodes weight loss diarrhoea,hiv,source_combination,,hiv-comb-016,diarrhea|fever|rash|sore throat|swollen glands|weight loss,WHO HIV and AIDS Fact Sheet,https://www.who.int/news-room/fact-sheets/detail/hiv-aids,Signs and symptoms,"The signs and symptoms of HIV vary depending on the stage of infection. HIV spreads more easily in the first few months after a person is infected, but many are unaware of their status until the later stages. In the first few weeks after being infected people may not experience symptoms. Others may have an influenza-like illness including: fever headache rash sore throat. The infection progressively weakens the immune system. This can cause other signs and symptoms: swollen lymph nodes weight loss diarrhoea cough. Without treatment, people living with HIV infection can also develop severe illnesses: tuberculosis (TB) cryptococcal meningitis severe bacterial infections cancers such as lymphomas and Kaposi's sarcoma. HIV can make other infections, such as hepatitis C, hepatitis B and mpox, get worse.",2026-09-19T01:48:28.584789+00:00,Subset of the symptoms attested by the 'Signs and symptoms' section of WHO HIV and AIDS Fact Sheet. Every term appears in source_quote; the co-occurrence shown here is synthetic.
malaria-para-001,"i started with altered mental status, fits, chills, a high temperature, head pain, feeling tired and trouble catching my breath since yesterday",malaria,paraphrase,malaria-src-002,malaria-src-002,chills|confusion|fatigue|fever|headache|seizures|shortness of breath,WHO Malaria Fact Sheet,https://www.who.int/news-room/fact-sheets/detail/malaria,Overview,"Symptoms can be mild or life-threatening. Mild symptoms are fever, chills and headache. Severe symptoms include fatigue, confusion, seizures, and difficulty breathing.",2026-09-19T01:48:29.317930+00:00,"Wording variant of malaria-src-002. Same symptom set, patient-voice phrasing and synonyms only; no clinical content added."
malaria-para-002,"i have been having a high temperature, bleeding, head pain, fatigue, yellow eyes, difficulty breathing and shivering for the past two days",malaria,paraphrase,malaria-src-003,malaria-src-003,bleeding|chills|fatigue|fever|headache|jaundice|shortness of breath,WHO Malaria Fact Sheet,https://www.who.int/news-room/fact-sheets/detail/malaria,Symptoms,"The most common early symptoms of malaria are fever, headache and chills. Symptoms usually start within 10–15 days of getting bitten by an infected mosquito. Symptoms may be mild for some people, especially for those who have had a malaria infection before. Because some malaria symptoms are not specific, getting tested early is important. Some types of malaria can cause severe illness and death. Infants, children under 5 years, pregnant women, travellers and people with HIV or AIDS are at higher risk. Severe symptoms include: extreme tiredness and fatigue impaired consciousness multiple convulsions difficulty breathing dark or bloody urine jaundice (yellowing of the eyes and skin) abnormal bleeding. People with severe symptoms should get emergency care right away. Getting treatment early for mild malaria can stop the infection from becoming severe. Malaria infection during pregnancy can also cause premature delivery or delivery of a baby with low birth weight.",2026-09-19T01:48:29.317930+00:00,"Wording variant of malaria-src-003. Same symptom set, patient-voice phrasing and synonyms only; no clinical content added."
malaria-para-003,"i have been having nausea, shivering and a high temperature for the last few days",malaria,paraphrase,malaria-comb-001,malaria-comb-001,chills|fever|nausea,CDC Malaria About,https://www.cdc.gov/malaria/about/index.html,Symptoms,"Malaria symptoms range from very mild illness to severe disease and even death. Early symptoms can include: Fever and flu-like illness Chills Headache, muscle aches, and tiredness Nausea, vomiting, and diarrhea may also occur If not treated quickly, the infection can become severe. Severe symptoms can include Kidney failure Seizures Mental confusion Coma",2026-09-19T01:48:28.961858+00:00,"Wording variant of malaria-comb-001. Same symptom set, patient-voice phrasing and synonyms only; no clinical content added."
malaria-para-004,"she has had head pain, a high temperature and seizures for three days",malaria,paraphrase,malaria-comb-002,malaria-comb-002,fever|headache|seizures,WHO Malaria Fact Sheet,https://www.who.int/news-room/fact-sheets/detail/malaria,Overview,"Symptoms can be mild or life-threatening. Mild symptoms are fever, chills and headache. Severe symptoms include fatigue, confusion, seizures, and difficulty breathing.",2026-09-19T01:48:29.317930+00:00,"Wording variant of malaria-comb-002. Same symptom set, patient-voice phrasing and synonyms only; no clinical content added."
malaria-para-005,"i am experiencing shivering, bleeding gums and no energy",malaria,paraphrase,malaria-comb-003,malaria-comb-003,bleeding|chills|fatigue,WHO Malaria Fact Sheet,https://www.who.int/news-room/fact-sheets/detail/malaria,Symptoms,"The most common early symptoms of malaria are fever, headache and chills. Symptoms usually start within 10–15 days of getting bitten by an infected mosquito. Symptoms may be mild for some people, especially for those who have had a malaria infection before. Because some malaria symptoms are not specific, getting tested early is important. Some types of malaria can cause severe illness and death. Infants, children under 5 years, pregnant women, travellers and people with HIV or AIDS are at higher risk. Severe symptoms include: extreme tiredness and fatigue impaired consciousness multiple convulsions difficulty breathing dark or bloody urine jaundice (yellowing of the eyes and skin) abnormal bleeding. People with severe symptoms should get emergency care right away. Getting treatment early for mild malaria can stop the infection from becoming severe. Malaria infection during pregnancy can also cause premature delivery or delivery of a baby with low birth weight.",2026-09-19T01:48:29.317930+00:00,"Wording variant of malaria-comb-003. Same symptom set, patient-voice phrasing and synonyms only; no clinical content added."
malaria-para-006,"bleeding, feeling feverish and shivering since yesterday",malaria,paraphrase,malaria-comb-004,malaria-comb-004,bleeding|chills|fever,WHO Malaria Fact Sheet,https://www.who.int/news-room/fact-sheets/detail/malaria,Symptoms,"The most common early symptoms of malaria are fever, headache and chills. Symptoms usually start within 10–15 days of getting bitten by an infected mosquito. Symptoms may be mild for some people, especially for those who have had a malaria infection before. Because some malaria symptoms are not specific, getting tested early is important. Some types of malaria can cause severe illness and death. Infants, children under 5 years, pregnant women, travellers and people with HIV or AIDS are at higher risk. Severe symptoms include: extreme tiredness and fatigue impaired consciousness multiple convulsions difficulty breathing dark or bloody urine jaundice (yellowing of the eyes and skin) abnormal bleeding. People with severe symptoms should get emergency care right away. Getting treatment early for mild malaria can stop the infection from becoming severe. Malaria infection during pregnancy can also cause premature delivery or delivery of a baby with low birth weight.",2026-09-19T01:48:29.317930+00:00,"Wording variant of malaria-comb-004. Same symptom set, patient-voice phrasing and synonyms only; no clinical content added."
malaria-para-007,"i have been having trouble catching my breath, altered mental status, head pain and shivering for the past two days",malaria,paraphrase,malaria-comb-005,malaria-comb-005,chills|confusion|headache|shortness of breath,WHO Malaria Fact Sheet,https://www.who.int/news-room/fact-sheets/detail/malaria,Overview,"Symptoms can be mild or life-threatening. Mild symptoms are fever, chills and headache. Severe symptoms include fatigue, confusion, seizures, and difficulty breathing.",2026-09-19T01:48:29.317930+00:00,"Wording variant of malaria-comb-005. Same symptom set, patient-voice phrasing and synonyms only; no clinical content added."
malaria-para-008,"he has a high temperature, shortness of breath, jaundice, the chills and pain in my head",malaria,paraphrase,malaria-comb-006,malaria-comb-006,chills|fever|headache|jaundice|shortness of breath,WHO Malaria Fact Sheet,https://www.who.int/news-room/fact-sheets/detail/malaria,Symptoms,"The most common early symptoms of malaria are fever, headache and chills. Symptoms usually start within 10–15 days of getting bitten by an infected mosquito. Symptoms may be mild for some people, especially for those who have had a malaria infection before. Because some malaria symptoms are not specific, getting tested early is important. Some types of malaria can cause severe illness and death. Infants, children under 5 years, pregnant women, travellers and people with HIV or AIDS are at higher risk. Severe symptoms include: extreme tiredness and fatigue impaired consciousness multiple convulsions difficulty breathing dark or bloody urine jaundice (yellowing of the eyes and skin) abnormal bleeding. People with severe symptoms should get emergency care right away. Getting treatment early for mild malaria can stop the infection from becoming severe. Malaria infection during pregnancy can also cause premature delivery or delivery of a baby with low birth weight.",2026-09-19T01:48:29.317930+00:00,"Wording variant of malaria-comb-006. Same symptom set, patient-voice phrasing and synonyms only; no clinical content added."
malaria-para-009,"my symptoms are altered mental status, pain in my head, seizures, difficulty breathing, the chills and no energy",malaria,paraphrase,malaria-comb-007,malaria-comb-007,chills|confusion|fatigue|headache|seizures|shortness of breath,WHO Malaria Fact Sheet,https://www.who.int/news-room/fact-sheets/detail/malaria,Overview,"Symptoms can be mild or life-threatening. Mild symptoms are fever, chills and headache. Severe symptoms include fatigue, confusion, seizures, and difficulty breathing.",2026-09-19T01:48:29.317930+00:00,"Wording variant of malaria-comb-007. Same symptom set, patient-voice phrasing and synonyms only; no clinical content added."
malaria-para-010,"he has yellow eyes, a fever, chills and bleeding",malaria,paraphrase,malaria-comb-008,malaria-comb-008,bleeding|chills|fever|jaundice,WHO Malaria Fact Sheet,https://www.who.int/news-room/fact-sheets/detail/malaria,Symptoms,"The most common early symptoms of malaria are fever, headache and chills. Symptoms usually start within 10–15 days of getting bitten by an infected mosquito. Symptoms may be mild for some people, especially for those who have had a malaria infection before. Because some malaria symptoms are not specific, getting tested early is important. Some types of malaria can cause severe illness and death. Infants, children under 5 years, pregnant women, travellers and people with HIV or AIDS are at higher risk. Severe symptoms include: extreme tiredness and fatigue impaired consciousness multiple convulsions difficulty breathing dark or bloody urine jaundice (yellowing of the eyes and skin) abnormal bleeding. People with severe symptoms should get emergency care right away. Getting treatment early for mild malaria can stop the infection from becoming severe. Malaria infection during pregnancy can also cause premature delivery or delivery of a baby with low birth weight.",2026-09-19T01:48:29.317930+00:00,"Wording variant of malaria-comb-008. Same symptom set, patient-voice phrasing and synonyms only; no clinical content added."
malaria-para-011,"my child has throwing up, loose stools, pain in my head, shivering and fits",malaria,paraphrase,malaria-comb-009,malaria-comb-009,chills|diarrhea|headache|seizures|vomiting,CDC Malaria About,https://www.cdc.gov/malaria/about/index.html,Symptoms,"Malaria symptoms range from very mild illness to severe disease and even death. Early symptoms can include: Fever and flu-like illness Chills Headache, muscle aches, and tiredness Nausea, vomiting, and diarrhea may also occur If not treated quickly, the infection can become severe. Severe symptoms can include Kidney failure Seizures Mental confusion Coma",2026-09-19T01:48:28.961858+00:00,"Wording variant of malaria-comb-009. Same symptom set, patient-voice phrasing and synonyms only; no clinical content added."
malaria-para-012,"patient reports pain in my head, aching muscles, seizures and altered mental status",malaria,paraphrase,malaria-comb-010,malaria-comb-010,confusion|headache|muscle pain|seizures,CDC Malaria About,https://www.cdc.gov/malaria/about/index.html,Symptoms,"Malaria symptoms range from very mild illness to severe disease and even death. Early symptoms can include: Fever and flu-like illness Chills Headache, muscle aches, and tiredness Nausea, vomiting, and diarrhea may also occur If not treated quickly, the infection can become severe. Severe symptoms can include Kidney failure Seizures Mental confusion Coma",2026-09-19T01:48:28.961858+00:00,"Wording variant of malaria-comb-010. Same symptom set, patient-voice phrasing and synonyms only; no clinical content added."
malaria-para-013,"i am experiencing a headache, trouble catching my breath, no energy, confusion and a fever",malaria,paraphrase,malaria-comb-011,malaria-comb-011,confusion|fatigue|fever|headache|shortness of breath,WHO Malaria Fact Sheet,https://www.who.int/news-room/fact-sheets/detail/malaria,Overview,"Symptoms can be mild or life-threatening. Mild symptoms are fever, chills and headache. Severe symptoms include fatigue, confusion, seizures, and difficulty breathing.",2026-09-19T01:48:29.317930+00:00,"Wording variant of malaria-comb-011. Same symptom set, patient-voice phrasing and synonyms only; no clinical content added."
malaria-para-014,"i have been having feeling confused, fits, shortness of breath, fatigue, a high temperature and a headache for about a week",malaria,paraphrase,malaria-comb-012,malaria-comb-012,confusion|fatigue|fever|headache|seizures|shortness of breath,WHO Malaria Fact Sheet,https://www.who.int/news-room/fact-sheets/detail/malaria,Overview,"Symptoms can be mild or life-threatening. Mild symptoms are fever, chills and headache. Severe symptoms include fatigue, confusion, seizures, and difficulty breathing.",2026-09-19T01:48:29.317930+00:00,"Wording variant of malaria-comb-012. Same symptom set, patient-voice phrasing and synonyms only; no clinical content added."
malaria-para-015,"she has had fits, chills and pain in my head for several days now",malaria,paraphrase,malaria-comb-013,malaria-comb-013,chills|headache|seizures,WHO Malaria Fact Sheet,https://www.who.int/news-room/fact-sheets/detail/malaria,Overview,"Symptoms can be mild or life-threatening. Mild symptoms are fever, chills and headache. Severe symptoms include fatigue, confusion, seizures, and difficulty breathing.",2026-09-19T01:48:29.317930+00:00,"Wording variant of malaria-comb-013. Same symptom set, patient-voice phrasing and synonyms only; no clinical content added."
malaria-para-016,"altered mental status, tiredness, a fever, shortness of breath, chills and seizures for three days",malaria,paraphrase,malaria-comb-014,malaria-comb-014,chills|confusion|fatigue|fever|seizures|shortness of breath,WHO Malaria Fact Sheet,https://www.who.int/news-room/fact-sheets/detail/malaria,Overview,"Symptoms can be mild or life-threatening. Mild symptoms are fever, chills and headache. Severe symptoms include fatigue, confusion, seizures, and difficulty breathing.",2026-09-19T01:48:29.317930+00:00,"Wording variant of malaria-comb-014. Same symptom set, patient-voice phrasing and synonyms only; no clinical content added."
malaria-para-017,"i have altered mental status, seizures, trouble catching my breath and chills",malaria,paraphrase,malaria-comb-015,malaria-comb-015,chills|confusion|seizures|shortness of breath,WHO Malaria Fact Sheet,https://www.who.int/news-room/fact-sheets/detail/malaria,Overview,"Symptoms can be mild or life-threatening. Mild symptoms are fever, chills and headache. Severe symptoms include fatigue, confusion, seizures, and difficulty breathing.",2026-09-19T01:48:29.317930+00:00,"Wording variant of malaria-comb-015. Same symptom set, patient-voice phrasing and synonyms only; no clinical content added."
malaria-para-018,"she has had no energy, chills and difficulty breathing for the past two days",malaria,paraphrase,malaria-comb-016,malaria-comb-016,chills|fatigue|shortness of breath,WHO Malaria Fact Sheet,https://www.who.int/news-room/fact-sheets/detail/malaria,Symptoms,"The most common early symptoms of malaria are fever, headache and chills. Symptoms usually start within 10–15 days of getting bitten by an infected mosquito. Symptoms may be mild for some people, especially for those who have had a malaria infection before. Because some malaria symptoms are not specific, getting tested early is important. Some types of malaria can cause severe illness and death. Infants, children under 5 years, pregnant women, travellers and people with HIV or AIDS are at higher risk. Severe symptoms include: extreme tiredness and fatigue impaired consciousness multiple convulsions difficulty breathing dark or bloody urine jaundice (yellowing of the eyes and skin) abnormal bleeding. People with severe symptoms should get emergency care right away. Getting treatment early for mild malaria can stop the infection from becoming severe. Malaria infection during pregnancy can also cause premature delivery or delivery of a baby with low birth weight.",2026-09-19T01:48:29.317930+00:00,"Wording variant of malaria-comb-016. Same symptom set, patient-voice phrasing and synonyms only; no clinical content added."
malaria-para-019,"throwing up, feeling sick to my stomach, loose stools, altered mental status, head pain, feeling feverish, fits, tiredness, sore muscles and the chills for several days now",malaria,paraphrase,malaria-src-001,malaria-src-001,chills|confusion|diarrhea|fatigue|fever|headache|muscle pain|nausea|seizures|vomiting,CDC Malaria About,https://www.cdc.gov/malaria/about/index.html,Symptoms,"Malaria symptoms range from very mild illness to severe disease and even death. Early symptoms can include: Fever and flu-like illness Chills Headache, muscle aches, and tiredness Nausea, vomiting, and diarrhea may also occur If not treated quickly, the infection can become severe. Severe symptoms can include Kidney failure Seizures Mental confusion Coma",2026-09-19T01:48:28.961858+00:00,"Wording variant of malaria-src-001. Same symptom set, patient-voice phrasing and synonyms only; no clinical content added."
malaria-para-020,"i started with chills, confusion, shortness of breath, a headache, seizures, a high temperature and no energy for the past two days",malaria,paraphrase,malaria-src-002,malaria-src-002,chills|confusion|fatigue|fever|headache|seizures|shortness of breath,WHO Malaria Fact Sheet,https://www.who.int/news-room/fact-sheets/detail/malaria,Overview,"Symptoms can be mild or life-threatening. Mild symptoms are fever, chills and headache. Severe symptoms include fatigue, confusion, seizures, and difficulty breathing.",2026-09-19T01:48:29.317930+00:00,"Wording variant of malaria-src-002. Same symptom set, patient-voice phrasing and synonyms only; no clinical content added."
malaria-para-021,"she has had yellow eyes, chills, a high temperature, pain in my head, bleeding, difficulty breathing and feeling tired since yesterday",malaria,paraphrase,malaria-src-003,malaria-src-003,bleeding|chills|fatigue|fever|headache|jaundice|shortness of breath,WHO Malaria Fact Sheet,https://www.who.int/news-room/fact-sheets/detail/malaria,Symptoms,"The most common early symptoms of malaria are fever, headache and chills. Symptoms usually start within 10–15 days of getting bitten by an infected mosquito. Symptoms may be mild for some people, especially for those who have had a malaria infection before. Because some malaria symptoms are not specific, getting tested early is important. Some types of malaria can cause severe illness and death. Infants, children under 5 years, pregnant women, travellers and people with HIV or AIDS are at higher risk. Severe symptoms include: extreme tiredness and fatigue impaired consciousness multiple convulsions difficulty breathing dark or bloody urine jaundice (yellowing of the eyes and skin) abnormal bleeding. People with severe symptoms should get emergency care right away. Getting treatment early for mild malaria can stop the infection from becoming severe. Malaria infection during pregnancy can also cause premature delivery or delivery of a baby with low birth weight.",2026-09-19T01:48:29.317930+00:00,"Wording variant of malaria-src-003. Same symptom set, patient-voice phrasing and synonyms only; no clinical content added."
malaria-para-022,"he has a high temperature, feeling nauseous and shivering",malaria,paraphrase,malaria-comb-001,malaria-comb-001,chills|fever|nausea,CDC Malaria About,https://www.cdc.gov/malaria/about/index.html,Symptoms,"Malaria symptoms range from very mild illness to severe disease and even death. Early symptoms can include: Fever and flu-like illness Chills Headache, muscle aches, and tiredness Nausea, vomiting, and diarrhea may also occur If not treated quickly, the infection can become severe. Severe symptoms can include Kidney failure Seizures Mental confusion Coma",2026-09-19T01:48:28.961858+00:00,"Wording variant of malaria-comb-001. Same symptom set, patient-voice phrasing and synonyms only; no clinical content added."
malaria-para-023,"she has had a headache, fits and a high temperature for several days now",malaria,paraphrase,malaria-comb-002,malaria-comb-002,fever|headache|seizures,WHO Malaria Fact Sheet,https://www.who.int/news-room/fact-sheets/detail/malaria,Overview,"Symptoms can be mild or life-threatening. Mild symptoms are fever, chills and headache. Severe symptoms include fatigue, confusion, seizures, and difficulty breathing.",2026-09-19T01:48:29.317930+00:00,"Wording variant of malaria-comb-002. Same symptom set, patient-voice phrasing and synonyms only; no clinical content added."
malaria-para-024,"i am experiencing bleeding gums, chills and no energy",malaria,paraphrase,malaria-comb-003,malaria-comb-003,bleeding|chills|fatigue,WHO Malaria Fact Sheet,https://www.who.int/news-room/fact-sheets/detail/malaria,Symptoms,"The most common early symptoms of malaria are fever, headache and chills. Symptoms usually start within 10–15 days of getting bitten by an infected mosquito. Symptoms may be mild for some people, especially for those who have had a malaria infection before. Because some malaria symptoms are not specific, getting tested early is important. Some types of malaria can cause severe illness and death. Infants, children under 5 years, pregnant women, travellers and people with HIV or AIDS are at higher risk. Severe symptoms include: extreme tiredness and fatigue impaired consciousness multiple convulsions difficulty breathing dark or bloody urine jaundice (yellowing of the eyes and skin) abnormal bleeding. People with severe symptoms should get emergency care right away. Getting treatment early for mild malaria can stop the infection from becoming severe. Malaria infection during pregnancy can also cause premature delivery or delivery of a baby with low birth weight.",2026-09-19T01:48:29.317930+00:00,"Wording variant of malaria-comb-003. Same symptom set, patient-voice phrasing and synonyms only; no clinical content added."
malaria-para-025,"i am experiencing a high temperature, the chills and bleeding gums",malaria,paraphrase,malaria-comb-004,malaria-comb-004,bleeding|chills|fever,WHO Malaria Fact Sheet,https://www.who.int/news-room/fact-sheets/detail/malaria,Symptoms,"The most common early symptoms of malaria are fever, headache and chills. Symptoms usually start within 10–15 days of getting bitten by an infected mosquito. Symptoms may be mild for some people, especially for those who have had a malaria infection before. Because some malaria symptoms are not specific, getting tested early is important. Some types of malaria can cause severe illness and death. Infants, children under 5 years, pregnant women, travellers and people with HIV or AIDS are at higher risk. Severe symptoms include: extreme tiredness and fatigue impaired consciousness multiple convulsions difficulty breathing dark or bloody urine jaundice (yellowing of the eyes and skin) abnormal bleeding. People with severe symptoms should get emergency care right away. Getting treatment early for mild malaria can stop the infection from becoming severe. Malaria infection during pregnancy can also cause premature delivery or delivery of a baby with low birth weight.",2026-09-19T01:48:29.317930+00:00,"Wording variant of malaria-comb-004. Same symptom set, patient-voice phrasing and synonyms only; no clinical content added."
malaria-para-026,"pain in my head, the chills, difficulty breathing and feeling confused since yesterday",malaria,paraphrase,malaria-comb-005,malaria-comb-005,chills|confusion|headache|shortness of breath,WHO Malaria Fact Sheet,https://www.who.int/news-room/fact-sheets/detail/malaria,Overview,"Symptoms can be mild or life-threatening. Mild symptoms are fever, chills and headache. Severe symptoms include fatigue, confusion, seizures, and difficulty breathing.",2026-09-19T01:48:29.317930+00:00,"Wording variant of malaria-comb-005. Same symptom set, patient-voice phrasing and synonyms only; no clinical content added."
malaria-src-001,fever chills headache muscle aches tiredness nausea vomiting diarrhea seizures mental confusion,malaria,source,,malaria-src-001,chills|confusion|diarrhea|fatigue|fever|headache|muscle pain|nausea|seizures|vomiting,CDC Malaria About,https://www.cdc.gov/malaria/about/index.html,Symptoms,"Malaria symptoms range from very mild illness to severe disease and even death. Early symptoms can include: Fever and flu-like illness Chills Headache, muscle aches, and tiredness Nausea, vomiting, and diarrhea may also occur If not treated quickly, the infection can become severe. Severe symptoms can include Kidney failure Seizures Mental confusion Coma",2026-09-19T01:48:28.961858+00:00,"Full symptom set attested by the 'Symptoms' section of CDC Malaria About, in the order the passage lists them."
malaria-src-002,fever chills headache fatigue confusion seizures difficulty breathing,malaria,source,,malaria-src-002,chills|confusion|fatigue|fever|headache|seizures|shortness of breath,WHO Malaria Fact Sheet,https://www.who.int/news-room/fact-sheets/detail/malaria,Overview,"Symptoms can be mild or life-threatening. Mild symptoms are fever, chills and headache. Severe symptoms include fatigue, confusion, seizures, and difficulty breathing.",2026-09-19T01:48:29.317930+00:00,"Full symptom set attested by the 'Overview' section of WHO Malaria Fact Sheet, in the order the passage lists them."
malaria-src-003,fever headache chills tiredness difficulty breathing jaundice bleeding,malaria,source,,malaria-src-003,bleeding|chills|fatigue|fever|headache|jaundice|shortness of breath,WHO Malaria Fact Sheet,https://www.who.int/news-room/fact-sheets/detail/malaria,Symptoms,"The most common early symptoms of malaria are fever, headache and chills. Symptoms usually start within 10–15 days of getting bitten by an infected mosquito. Symptoms may be mild for some people, especially for those who have had a malaria infection before. Because some malaria symptoms are not specific, getting tested early is important. Some types of malaria can cause severe illness and death. Infants, children under 5 years, pregnant women, travellers and people with HIV or AIDS are at higher risk. Severe symptoms include: extreme tiredness and fatigue impaired consciousness multiple convulsions difficulty breathing dark or bloody urine jaundice (yellowing of the eyes and skin) abnormal bleeding. People with severe symptoms should get emergency care right away. Getting treatment early for mild malaria can stop the infection from becoming severe. Malaria infection during pregnancy can also cause premature delivery or delivery of a baby with low birth weight.",2026-09-19T01:48:29.317930+00:00,"Full symptom set attested by the 'Symptoms' section of WHO Malaria Fact Sheet, in the order the passage lists them."
malaria-comb-001,fever chills nausea,malaria,source_combination,,malaria-comb-001,chills|fever|nausea,CDC Malaria About,https://www.cdc.gov/malaria/about/index.html,Symptoms,"Malaria symptoms range from very mild illness to severe disease and even death. Early symptoms can include: Fever and flu-like illness Chills Headache, muscle aches, and tiredness Nausea, vomiting, and diarrhea may also occur If not treated quickly, the infection can become severe. Severe symptoms can include Kidney failure Seizures Mental confusion Coma",2026-09-19T01:48:28.961858+00:00,Subset of the symptoms attested by the 'Symptoms' section of CDC Malaria About. Every term appears in source_quote; the co-occurrence shown here is synthetic.
malaria-comb-002,fever headache seizures,malaria,source_combination,,malaria-comb-002,fever|headache|seizures,WHO Malaria Fact Sheet,https://www.who.int/news-room/fact-sheets/detail/malaria,Overview,"Symptoms can be mild or life-threatening. Mild symptoms are fever, chills and headache. Severe symptoms include fatigue, confusion, seizures, and difficulty breathing.",2026-09-19T01:48:29.317930+00:00,Subset of the symptoms attested by the 'Overview' section of WHO Malaria Fact Sheet. Every term appears in source_quote; the co-occurrence shown here is synthetic.
malaria-comb-003,chills tiredness bleeding,malaria,source_combination,,malaria-comb-003,bleeding|chills|fatigue,WHO Malaria Fact Sheet,https://www.who.int/news-room/fact-sheets/detail/malaria,Symptoms,"The most common early symptoms of malaria are fever, headache and chills. Symptoms usually start within 10–15 days of getting bitten by an infected mosquito. Symptoms may be mild for some people, especially for those who have had a malaria infection before. Because some malaria symptoms are not specific, getting tested early is important. Some types of malaria can cause severe illness and death. Infants, children under 5 years, pregnant women, travellers and people with HIV or AIDS are at higher risk. Severe symptoms include: extreme tiredness and fatigue impaired consciousness multiple convulsions difficulty breathing dark or bloody urine jaundice (yellowing of the eyes and skin) abnormal bleeding. People with severe symptoms should get emergency care right away. Getting treatment early for mild malaria can stop the infection from becoming severe. Malaria infection during pregnancy can also cause premature delivery or delivery of a baby with low birth weight.",2026-09-19T01:48:29.317930+00:00,Subset of the symptoms attested by the 'Symptoms' section of WHO Malaria Fact Sheet. Every term appears in source_quote; the co-occurrence shown here is synthetic.
malaria-comb-004,fever chills bleeding,malaria,source_combination,,malaria-comb-004,bleeding|chills|fever,WHO Malaria Fact Sheet,https://www.who.int/news-room/fact-sheets/detail/malaria,Symptoms,"The most common early symptoms of malaria are fever, headache and chills. Symptoms usually start within 10–15 days of getting bitten by an infected mosquito. Symptoms may be mild for some people, especially for those who have had a malaria infection before. Because some malaria symptoms are not specific, getting tested early is important. Some types of malaria can cause severe illness and death. Infants, children under 5 years, pregnant women, travellers and people with HIV or AIDS are at higher risk. Severe symptoms include: extreme tiredness and fatigue impaired consciousness multiple convulsions difficulty breathing dark or bloody urine jaundice (yellowing of the eyes and skin) abnormal bleeding. People with severe symptoms should get emergency care right away. Getting treatment early for mild malaria can stop the infection from becoming severe. Malaria infection during pregnancy can also cause premature delivery or delivery of a baby with low birth weight.",2026-09-19T01:48:29.317930+00:00,Subset of the symptoms attested by the 'Symptoms' section of WHO Malaria Fact Sheet. Every term appears in source_quote; the co-occurrence shown here is synthetic.
malaria-comb-005,chills headache confusion difficulty breathing,malaria,source_combination,,malaria-comb-005,chills|confusion|headache|shortness of breath,WHO Malaria Fact Sheet,https://www.who.int/news-room/fact-sheets/detail/malaria,Overview,"Symptoms can be mild or life-threatening. Mild symptoms are fever, chills and headache. Severe symptoms include fatigue, confusion, seizures, and difficulty breathing.",2026-09-19T01:48:29.317930+00:00,Subset of the symptoms attested by the 'Overview' section of WHO Malaria Fact Sheet. Every term appears in source_quote; the co-occurrence shown here is synthetic.
malaria-comb-006,fever headache chills difficulty breathing jaundice,malaria,source_combination,,malaria-comb-006,chills|fever|headache|jaundice|shortness of breath,WHO Malaria Fact Sheet,https://www.who.int/news-room/fact-sheets/detail/malaria,Symptoms,"The most common early symptoms of malaria are fever, headache and chills. Symptoms usually start within 10–15 days of getting bitten by an infected mosquito. Symptoms may be mild for some people, especially for those who have had a malaria infection before. Because some malaria symptoms are not specific, getting tested early is important. Some types of malaria can cause severe illness and death. Infants, children under 5 years, pregnant women, travellers and people with HIV or AIDS are at higher risk. Severe symptoms include: extreme tiredness and fatigue impaired consciousness multiple convulsions difficulty breathing dark or bloody urine jaundice (yellowing of the eyes and skin) abnormal bleeding. People with severe symptoms should get emergency care right away. Getting treatment early for mild malaria can stop the infection from becoming severe. Malaria infection during pregnancy can also cause premature delivery or delivery of a baby with low birth weight.",2026-09-19T01:48:29.317930+00:00,Subset of the symptoms attested by the 'Symptoms' section of WHO Malaria Fact Sheet. Every term appears in source_quote; the co-occurrence shown here is synthetic.
malaria-comb-007,chills headache fatigue confusion seizures difficulty breathing,malaria,source_combination,,malaria-comb-007,chills|confusion|fatigue|headache|seizures|shortness of breath,WHO Malaria Fact Sheet,https://www.who.int/news-room/fact-sheets/detail/malaria,Overview,"Symptoms can be mild or life-threatening. Mild symptoms are fever, chills and headache. Severe symptoms include fatigue, confusion, seizures, and difficulty breathing.",2026-09-19T01:48:29.317930+00:00,Subset of the symptoms attested by the 'Overview' section of WHO Malaria Fact Sheet. Every term appears in source_quote; the co-occurrence shown here is synthetic.
malaria-comb-008,fever chills jaundice bleeding,malaria,source_combination,,malaria-comb-008,bleeding|chills|fever|jaundice,WHO Malaria Fact Sheet,https://www.who.int/news-room/fact-sheets/detail/malaria,Symptoms,"The most common early symptoms of malaria are fever, headache and chills. Symptoms usually start within 10–15 days of getting bitten by an infected mosquito. Symptoms may be mild for some people, especially for those who have had a malaria infection before. Because some malaria symptoms are not specific, getting tested early is important. Some types of malaria can cause severe illness and death. Infants, children under 5 years, pregnant women, travellers and people with HIV or AIDS are at higher risk. Severe symptoms include: extreme tiredness and fatigue impaired consciousness multiple convulsions difficulty breathing dark or bloody urine jaundice (yellowing of the eyes and skin) abnormal bleeding. People with severe symptoms should get emergency care right away. Getting treatment early for mild malaria can stop the infection from becoming severe. Malaria infection during pregnancy can also cause premature delivery or delivery of a baby with low birth weight.",2026-09-19T01:48:29.317930+00:00,Subset of the symptoms attested by the 'Symptoms' section of WHO Malaria Fact Sheet. Every term appears in source_quote; the co-occurrence shown here is synthetic.
malaria-comb-009,chills headache vomiting diarrhea seizures,malaria,source_combination,,malaria-comb-009,chills|diarrhea|headache|seizures|vomiting,CDC Malaria About,https://www.cdc.gov/malaria/about/index.html,Symptoms,"Malaria symptoms range from very mild illness to severe disease and even death. Early symptoms can include: Fever and flu-like illness Chills Headache, muscle aches, and tiredness Nausea, vomiting, and diarrhea may also occur If not treated quickly, the infection can become severe. Severe symptoms can include Kidney failure Seizures Mental confusion Coma",2026-09-19T01:48:28.961858+00:00,Subset of the symptoms attested by the 'Symptoms' section of CDC Malaria About. Every term appears in source_quote; the co-occurrence shown here is synthetic.
malaria-comb-010,headache muscle aches seizures mental confusion,malaria,source_combination,,malaria-comb-010,confusion|headache|muscle pain|seizures,CDC Malaria About,https://www.cdc.gov/malaria/about/index.html,Symptoms,"Malaria symptoms range from very mild illness to severe disease and even death. Early symptoms can include: Fever and flu-like illness Chills Headache, muscle aches, and tiredness Nausea, vomiting, and diarrhea may also occur If not treated quickly, the infection can become severe. Severe symptoms can include Kidney failure Seizures Mental confusion Coma",2026-09-19T01:48:28.961858+00:00,Subset of the symptoms attested by the 'Symptoms' section of CDC Malaria About. Every term appears in source_quote; the co-occurrence shown here is synthetic.
malaria-comb-011,fever headache fatigue confusion difficulty breathing,malaria,source_combination,,malaria-comb-011,confusion|fatigue|fever|headache|shortness of breath,WHO Malaria Fact Sheet,https://www.who.int/news-room/fact-sheets/detail/malaria,Overview,"Symptoms can be mild or life-threatening. Mild symptoms are fever, chills and headache. Severe symptoms include fatigue, confusion, seizures, and difficulty breathing.",2026-09-19T01:48:29.317930+00:00,Subset of the symptoms attested by the 'Overview' section of WHO Malaria Fact Sheet. Every term appears in source_quote; the co-occurrence shown here is synthetic.
malaria-comb-012,fever headache fatigue confusion seizures difficulty breathing,malaria,source_combination,,malaria-comb-012,confusion|fatigue|fever|headache|seizures|shortness of breath,WHO Malaria Fact Sheet,https://www.who.int/news-room/fact-sheets/detail/malaria,Overview,"Symptoms can be mild or life-threatening. Mild symptoms are fever, chills and headache. Severe symptoms include fatigue, confusion, seizures, and difficulty breathing.",2026-09-19T01:48:29.317930+00:00,Subset of the symptoms attested by the 'Overview' section of WHO Malaria Fact Sheet. Every term appears in source_quote; the co-occurrence shown here is synthetic.
malaria-comb-013,chills headache seizures,malaria,source_combination,,malaria-comb-013,chills|headache|seizures,WHO Malaria Fact Sheet,https://www.who.int/news-room/fact-sheets/detail/malaria,Overview,"Symptoms can be mild or life-threatening. Mild symptoms are fever, chills and headache. Severe symptoms include fatigue, confusion, seizures, and difficulty breathing.",2026-09-19T01:48:29.317930+00:00,Subset of the symptoms attested by the 'Overview' section of WHO Malaria Fact Sheet. Every term appears in source_quote; the co-occurrence shown here is synthetic.
malaria-comb-014,fever chills fatigue confusion seizures difficulty breathing,malaria,source_combination,,malaria-comb-014,chills|confusion|fatigue|fever|seizures|shortness of breath,WHO Malaria Fact Sheet,https://www.who.int/news-room/fact-sheets/detail/malaria,Overview,"Symptoms can be mild or life-threatening. Mild symptoms are fever, chills and headache. Severe symptoms include fatigue, confusion, seizures, and difficulty breathing.",2026-09-19T01:48:29.317930+00:00,Subset of the symptoms attested by the 'Overview' section of WHO Malaria Fact Sheet. Every term appears in source_quote; the co-occurrence shown here is synthetic.
malaria-comb-015,chills confusion seizures difficulty breathing,malaria,source_combination,,malaria-comb-015,chills|confusion|seizures|shortness of breath,WHO Malaria Fact Sheet,https://www.who.int/news-room/fact-sheets/detail/malaria,Overview,"Symptoms can be mild or life-threatening. Mild symptoms are fever, chills and headache. Severe symptoms include fatigue, confusion, seizures, and difficulty breathing.",2026-09-19T01:48:29.317930+00:00,Subset of the symptoms attested by the 'Overview' section of WHO Malaria Fact Sheet. Every term appears in source_quote; the co-occurrence shown here is synthetic.
malaria-comb-016,chills tiredness difficulty breathing,malaria,source_combination,,malaria-comb-016,chills|fatigue|shortness of breath,WHO Malaria Fact Sheet,https://www.who.int/news-room/fact-sheets/detail/malaria,Symptoms,"The most common early symptoms of malaria are fever, headache and chills. Symptoms usually start within 10–15 days of getting bitten by an infected mosquito. Symptoms may be mild for some people, especially for those who have had a malaria infection before. Because some malaria symptoms are not specific, getting tested early is important. Some types of malaria can cause severe illness and death. Infants, children under 5 years, pregnant women, travellers and people with HIV or AIDS are at higher risk. Severe symptoms include: extreme tiredness and fatigue impaired consciousness multiple convulsions difficulty breathing dark or bloody urine jaundice (yellowing of the eyes and skin) abnormal bleeding. People with severe symptoms should get emergency care right away. Getting treatment early for mild malaria can stop the infection from becoming severe. Malaria infection during pregnancy can also cause premature delivery or delivery of a baby with low birth weight.",2026-09-19T01:48:29.317930+00:00,Subset of the symptoms attested by the 'Symptoms' section of WHO Malaria Fact Sheet. Every term appears in source_quote; the co-occurrence shown here is synthetic.
measles-para-001,"i have had a fever, a runny nose, a cough and a rash for the past two days",measles,paraphrase,measles-src-002,measles-src-002,cough|fever|rash|runny nose,WHO Measles Fact Sheet,https://www.who.int/news-room/fact-sheets/detail/measles,Overview,"Measles infects the respiratory tract and then spreads throughout the body. Symptoms include a high fever, cough, runny nose and a rash all over the body.",2026-09-19T01:48:30.047918+00:00,"Wording variant of measles-src-002. Same symptom set, patient-voice phrasing and synonyms only; no clinical content added."
measles-para-002,"patient reports a high temperature, coughing, feeling tired, difficulty breathing, loose stools, a rash, feeling dehydrated and a painful ear",measles,paraphrase,measles-src-003,measles-src-003,cough|dehydration|diarrhea|ear infection|fatigue|fever|rash|shortness of breath,WHO Measles Fact Sheet,https://www.who.int/news-room/fact-sheets/detail/measles,Signs and symptoms,"Symptoms of measles usually begin 7–14 days after exposure to the virus. A prominent rash is the most visible symptom. Early symptoms usually last 4–7 days. They include: fever running nose cough red and watery eyes small white spots inside the cheeks. The rash appears 3 to 5 days after the first symptoms, usually on the face and upper neck. It spreads over about 3 days, eventually downward to the trunk, arms, legs and feet. It usually lasts 4–8 days before fading. Most deaths from measles are from complications related to the disease. Complications can include: blindness encephalitis (an infection causing brain swelling and potentially brain damage) severe diarrhoea and related dehydration ear infections severe breathing problems including pneumonia. If a woman catches measles during pregnancy, this can be dangerous for the mother and can result in miscarriage or her baby being born prematurely with a low birth weight. Complications are most common in children under 5 years and adults over age 30. They are more likely in children who are malnourished, especially those without enough vitamin A or with a weak immune system from HIV or other diseases. Measles itself also weakens the immune system and can make the body “forget” how to protect itself against infections, leaving children extremely vulnerable.",2026-09-19T01:48:30.047918+00:00,"Wording variant of measles-src-003. Same symptom set, patient-voice phrasing and synonyms only; no clinical content added."
measles-para-003,"feeling dehydrated, tiredness, an ear infection, a fever and coughing since yesterday",measles,paraphrase,measles-comb-001,measles-comb-001,cough|dehydration|ear infection|fatigue|fever,WHO Measles Fact Sheet,https://www.who.int/news-room/fact-sheets/detail/measles,Signs and symptoms,"Symptoms of measles usually begin 7–14 days after exposure to the virus. A prominent rash is the most visible symptom. Early symptoms usually last 4–7 days. They include: fever running nose cough red and watery eyes small white spots inside the cheeks. The rash appears 3 to 5 days after the first symptoms, usually on the face and upper neck. It spreads over about 3 days, eventually downward to the trunk, arms, legs and feet. It usually lasts 4–8 days before fading. Most deaths from measles are from complications related to the disease. Complications can include: blindness encephalitis (an infection causing brain swelling and potentially brain damage) severe diarrhoea and related dehydration ear infections severe breathing problems including pneumonia. If a woman catches measles during pregnancy, this can be dangerous for the mother and can result in miscarriage or her baby being born prematurely with a low birth weight. Complications are most common in children under 5 years and adults over age 30. They are more likely in children who are malnourished, especially those without enough vitamin A or with a weak immune system from HIV or other diseases. Measles itself also weakens the immune system and can make the body “forget” how to protect itself against infections, leaving children extremely vulnerable.",2026-09-19T01:48:30.047918+00:00,"Wording variant of measles-comb-001. Same symptom set, patient-voice phrasing and synonyms only; no clinical content added."
measles-para-004,"i started with a cough, trouble catching my breath, a fever, a painful ear and a rash for several days now",measles,paraphrase,measles-comb-002,measles-comb-002,cough|ear infection|fever|rash|shortness of breath,WHO Measles Fact Sheet,https://www.who.int/news-room/fact-sheets/detail/measles,Signs and symptoms,"Symptoms of measles usually begin 7–14 days after exposure to the virus. A prominent rash is the most visible symptom. Early symptoms usually last 4–7 days. They include: fever running nose cough red and watery eyes small white spots inside the cheeks. The rash appears 3 to 5 days after the first symptoms, usually on the face and upper neck. It spreads over about 3 days, eventually downward to the trunk, arms, legs and feet. It usually lasts 4–8 days before fading. Most deaths from measles are from complications related to the disease. Complications can include: blindness encephalitis (an infection causing brain swelling and potentially brain damage) severe diarrhoea and related dehydration ear infections severe breathing problems including pneumonia. If a woman catches measles during pregnancy, this can be dangerous for the mother and can result in miscarriage or her baby being born prematurely with a low birth weight. Complications are most common in children under 5 years and adults over age 30. They are more likely in children who are malnourished, especially those without enough vitamin A or with a weak immune system from HIV or other diseases. Measles itself also weakens the immune system and can make the body “forget” how to protect itself against infections, leaving children extremely vulnerable.",2026-09-19T01:48:30.047918+00:00,"Wording variant of measles-comb-002. Same symptom set, patient-voice phrasing and synonyms only; no clinical content added."
measles-para-005,"i have had red watery eyes, a cough and feeling feverish for about a week",measles,paraphrase,measles-comb-003,measles-comb-003,cough|fever|red watery eyes,CDC Measles Symptoms,https://www.cdc.gov/measles/signs-symptoms/index.html,7–14 days after a measles infection: first symptoms show,"Measles symptoms appear 7 to 14 days after contact with the virus. Measles typically begins with: High fever (may spike to more than 104°) Cough Runny nose (coryza) Red, watery eyes ( conjunctivitis or pink eye )",2026-09-19T01:48:29.686532+00:00,"Wording variant of measles-comb-003. Same symptom set, patient-voice phrasing and synonyms only; no clinical content added."
measles-para-006,"i have been having a cough, a fever, a skin rash, dehydration, a painful ear and loose stools for about a week",measles,paraphrase,measles-comb-004,measles-comb-004,cough|dehydration|diarrhea|ear infection|fever|rash,WHO Measles Fact Sheet,https://www.who.int/news-room/fact-sheets/detail/measles,Signs and symptoms,"Symptoms of measles usually begin 7–14 days after exposure to the virus. A prominent rash is the most visible symptom. Early symptoms usually last 4–7 days. They include: fever running nose cough red and watery eyes small white spots inside the cheeks. The rash appears 3 to 5 days after the first symptoms, usually on the face and upper neck. It spreads over about 3 days, eventually downward to the trunk, arms, legs and feet. It usually lasts 4–8 days before fading. Most deaths from measles are from complications related to the disease. Complications can include: blindness encephalitis (an infection causing brain swelling and potentially brain damage) severe diarrhoea and related dehydration ear infections severe breathing problems including pneumonia. If a woman catches measles during pregnancy, this can be dangerous for the mother and can result in miscarriage or her baby being born prematurely with a low birth weight. Complications are most common in children under 5 years and adults over age 30. They are more likely in children who are malnourished, especially those without enough vitamin A or with a weak immune system from HIV or other diseases. Measles itself also weakens the immune system and can make the body “forget” how to protect itself against infections, leaving children extremely vulnerable.",2026-09-19T01:48:30.047918+00:00,"Wording variant of measles-comb-004. Same symptom set, patient-voice phrasing and synonyms only; no clinical content added."
measles-para-007,"i started with a rash, coughing and a runny nose for about a week",measles,paraphrase,measles-comb-005,measles-comb-005,cough|rash|runny nose,WHO Measles Fact Sheet,https://www.who.int/news-room/fact-sheets/detail/measles,Overview,"Measles infects the respiratory tract and then spreads throughout the body. Symptoms include a high fever, cough, runny nose and a rash all over the body.",2026-09-19T01:48:30.047918+00:00,"Wording variant of measles-comb-005. Same symptom set, patient-voice phrasing and synonyms only; no clinical content added."
measles-para-008,"a painful ear, a rash and feeling dehydrated for the last few days",measles,paraphrase,measles-comb-006,measles-comb-006,dehydration|ear infection|rash,WHO Measles Fact Sheet,https://www.who.int/news-room/fact-sheets/detail/measles,Signs and symptoms,"Symptoms of measles usually begin 7–14 days after exposure to the virus. A prominent rash is the most visible symptom. Early symptoms usually last 4–7 days. They include: fever running nose cough red and watery eyes small white spots inside the cheeks. The rash appears 3 to 5 days after the first symptoms, usually on the face and upper neck. It spreads over about 3 days, eventually downward to the trunk, arms, legs and feet. It usually lasts 4–8 days before fading. Most deaths from measles are from complications related to the disease. Complications can include: blindness encephalitis (an infection causing brain swelling and potentially brain damage) severe diarrhoea and related dehydration ear infections severe breathing problems including pneumonia. If a woman catches measles during pregnancy, this can be dangerous for the mother and can result in miscarriage or her baby being born prematurely with a low birth weight. Complications are most common in children under 5 years and adults over age 30. They are more likely in children who are malnourished, especially those without enough vitamin A or with a weak immune system from HIV or other diseases. Measles itself also weakens the immune system and can make the body “forget” how to protect itself against infections, leaving children extremely vulnerable.",2026-09-19T01:48:30.047918+00:00,"Wording variant of measles-comb-006. Same symptom set, patient-voice phrasing and synonyms only; no clinical content added."
measles-para-009,"she has had a cough, dehydration and no energy for about a week",measles,paraphrase,measles-comb-007,measles-comb-007,cough|dehydration|fatigue,WHO Measles Fact Sheet,https://www.who.int/news-room/fact-sheets/detail/measles,Signs and symptoms,"Symptoms of measles usually begin 7–14 days after exposure to the virus. A prominent rash is the most visible symptom. Early symptoms usually last 4–7 days. They include: fever running nose cough red and watery eyes small white spots inside the cheeks. The rash appears 3 to 5 days after the first symptoms, usually on the face and upper neck. It spreads over about 3 days, eventually downward to the trunk, arms, legs and feet. It usually lasts 4–8 days before fading. Most deaths from measles are from complications related to the disease. Complications can include: blindness encephalitis (an infection causing brain swelling and potentially brain damage) severe diarrhoea and related dehydration ear infections severe breathing problems including pneumonia. If a woman catches measles during pregnancy, this can be dangerous for the mother and can result in miscarriage or her baby being born prematurely with a low birth weight. Complications are most common in children under 5 years and adults over age 30. They are more likely in children who are malnourished, especially those without enough vitamin A or with a weak immune system from HIV or other diseases. Measles itself also weakens the immune system and can make the body “forget” how to protect itself against infections, leaving children extremely vulnerable.",2026-09-19T01:48:30.047918+00:00,"Wording variant of measles-comb-007. Same symptom set, patient-voice phrasing and synonyms only; no clinical content added."
measles-para-010,"she has had feeling dehydrated, no energy, a cough, diarrhea, a high temperature and a painful ear for several days now",measles,paraphrase,measles-comb-008,measles-comb-008,cough|dehydration|diarrhea|ear infection|fatigue|fever,WHO Measles Fact Sheet,https://www.who.int/news-room/fact-sheets/detail/measles,Signs and symptoms,"Symptoms of measles usually begin 7–14 days after exposure to the virus. A prominent rash is the most visible symptom. Early symptoms usually last 4–7 days. They include: fever running nose cough red and watery eyes small white spots inside the cheeks. The rash appears 3 to 5 days after the first symptoms, usually on the face and upper neck. It spreads over about 3 days, eventually downward to the trunk, arms, legs and feet. It usually lasts 4–8 days before fading. Most deaths from measles are from complications related to the disease. Complications can include: blindness encephalitis (an infection causing brain swelling and potentially brain damage) severe diarrhoea and related dehydration ear infections severe breathing problems including pneumonia. If a woman catches measles during pregnancy, this can be dangerous for the mother and can result in miscarriage or her baby being born prematurely with a low birth weight. Complications are most common in children under 5 years and adults over age 30. They are more likely in children who are malnourished, especially those without enough vitamin A or with a weak immune system from HIV or other diseases. Measles itself also weakens the immune system and can make the body “forget” how to protect itself against infections, leaving children extremely vulnerable.",2026-09-19T01:48:30.047918+00:00,"Wording variant of measles-comb-008. Same symptom set, patient-voice phrasing and synonyms only; no clinical content added."
measles-para-011,"i have been having trouble catching my breath, a rash, a painful ear, a fever and no energy since yesterday",measles,paraphrase,measles-comb-009,measles-comb-009,ear infection|fatigue|fever|rash|shortness of breath,WHO Measles Fact Sheet,https://www.who.int/news-room/fact-sheets/detail/measles,Signs and symptoms,"Symptoms of measles usually begin 7–14 days after exposure to the virus. A prominent rash is the most visible symptom. Early symptoms usually last 4–7 days. They include: fever running nose cough red and watery eyes small white spots inside the cheeks. The rash appears 3 to 5 days after the first symptoms, usually on the face and upper neck. It spreads over about 3 days, eventually downward to the trunk, arms, legs and feet. It usually lasts 4–8 days before fading. Most deaths from measles are from complications related to the disease. Complications can include: blindness encephalitis (an infection causing brain swelling and potentially brain damage) severe diarrhoea and related dehydration ear infections severe breathing problems including pneumonia. If a woman catches measles during pregnancy, this can be dangerous for the mother and can result in miscarriage or her baby being born prematurely with a low birth weight. Complications are most common in children under 5 years and adults over age 30. They are more likely in children who are malnourished, especially those without enough vitamin A or with a weak immune system from HIV or other diseases. Measles itself also weakens the immune system and can make the body “forget” how to protect itself against infections, leaving children extremely vulnerable.",2026-09-19T01:48:30.047918+00:00,"Wording variant of measles-comb-009. Same symptom set, patient-voice phrasing and synonyms only; no clinical content added."
measles-para-012,"my symptoms are diarrhea, no energy, a skin rash and feeling feverish",measles,paraphrase,measles-comb-010,measles-comb-010,diarrhea|fatigue|fever|rash,WHO Measles Fact Sheet,https://www.who.int/news-room/fact-sheets/detail/measles,Signs and symptoms,"Symptoms of measles usually begin 7–14 days after exposure to the virus. A prominent rash is the most visible symptom. Early symptoms usually last 4–7 days. They include: fever running nose cough red and watery eyes small white spots inside the cheeks. The rash appears 3 to 5 days after the first symptoms, usually on the face and upper neck. It spreads over about 3 days, eventually downward to the trunk, arms, legs and feet. It usually lasts 4–8 days before fading. Most deaths from measles are from complications related to the disease. Complications can include: blindness encephalitis (an infection causing brain swelling and potentially brain damage) severe diarrhoea and related dehydration ear infections severe breathing problems including pneumonia. If a woman catches measles during pregnancy, this can be dangerous for the mother and can result in miscarriage or her baby being born prematurely with a low birth weight. Complications are most common in children under 5 years and adults over age 30. They are more likely in children who are malnourished, especially those without enough vitamin A or with a weak immune system from HIV or other diseases. Measles itself also weakens the immune system and can make the body “forget” how to protect itself against infections, leaving children extremely vulnerable.",2026-09-19T01:48:30.047918+00:00,"Wording variant of measles-comb-010. Same symptom set, patient-voice phrasing and synonyms only; no clinical content added."
measles-para-013,"i have feeling tired, an ear infection and loose stools",measles,paraphrase,measles-comb-011,measles-comb-011,diarrhea|ear infection|fatigue,WHO Measles Fact Sheet,https://www.who.int/news-room/fact-sheets/detail/measles,Signs and symptoms,"Symptoms of measles usually begin 7–14 days after exposure to the virus. A prominent rash is the most visible symptom. Early symptoms usually last 4–7 days. They include: fever running nose cough red and watery eyes small white spots inside the cheeks. The rash appears 3 to 5 days after the first symptoms, usually on the face and upper neck. It spreads over about 3 days, eventually downward to the trunk, arms, legs and feet. It usually lasts 4–8 days before fading. Most deaths from measles are from complications related to the disease. Complications can include: blindness encephalitis (an infection causing brain swelling and potentially brain damage) severe diarrhoea and related dehydration ear infections severe breathing problems including pneumonia. If a woman catches measles during pregnancy, this can be dangerous for the mother and can result in miscarriage or her baby being born prematurely with a low birth weight. Complications are most common in children under 5 years and adults over age 30. They are more likely in children who are malnourished, especially those without enough vitamin A or with a weak immune system from HIV or other diseases. Measles itself also weakens the immune system and can make the body “forget” how to protect itself against infections, leaving children extremely vulnerable.",2026-09-19T01:48:30.047918+00:00,"Wording variant of measles-comb-011. Same symptom set, patient-voice phrasing and synonyms only; no clinical content added."
measles-para-014,"my symptoms are a rash, a cough, no energy and diarrhea",measles,paraphrase,measles-comb-012,measles-comb-012,cough|diarrhea|fatigue|rash,WHO Measles Fact Sheet,https://www.who.int/news-room/fact-sheets/detail/measles,Signs and symptoms,"Symptoms of measles usually begin 7–14 days after exposure to the virus. A prominent rash is the most visible symptom. Early symptoms usually last 4–7 days. They include: fever running nose cough red and watery eyes small white spots inside the cheeks. The rash appears 3 to 5 days after the first symptoms, usually on the face and upper neck. It spreads over about 3 days, eventually downward to the trunk, arms, legs and feet. It usually lasts 4–8 days before fading. Most deaths from measles are from complications related to the disease. Complications can include: blindness encephalitis (an infection causing brain swelling and potentially brain damage) severe diarrhoea and related dehydration ear infections severe breathing problems including pneumonia. If a woman catches measles during pregnancy, this can be dangerous for the mother and can result in miscarriage or her baby being born prematurely with a low birth weight. Complications are most common in children under 5 years and adults over age 30. They are more likely in children who are malnourished, especially those without enough vitamin A or with a weak immune system from HIV or other diseases. Measles itself also weakens the immune system and can make the body “forget” how to protect itself against infections, leaving children extremely vulnerable.",2026-09-19T01:48:30.047918+00:00,"Wording variant of measles-comb-012. Same symptom set, patient-voice phrasing and synonyms only; no clinical content added."
measles-para-015,"my symptoms are feeling dehydrated, loose stools, a skin rash, a fever, coughing and difficulty breathing",measles,paraphrase,measles-comb-013,measles-comb-013,cough|dehydration|diarrhea|fever|rash|shortness of breath,WHO Measles Fact Sheet,https://www.who.int/news-room/fact-sheets/detail/measles,Signs and symptoms,"Symptoms of measles usually begin 7–14 days after exposure to the virus. A prominent rash is the most visible symptom. Early symptoms usually last 4–7 days. They include: fever running nose cough red and watery eyes small white spots inside the cheeks. The rash appears 3 to 5 days after the first symptoms, usually on the face and upper neck. It spreads over about 3 days, eventually downward to the trunk, arms, legs and feet. It usually lasts 4–8 days before fading. Most deaths from measles are from complications related to the disease. Complications can include: blindness encephalitis (an infection causing brain swelling and potentially brain damage) severe diarrhoea and related dehydration ear infections severe breathing problems including pneumonia. If a woman catches measles during pregnancy, this can be dangerous for the mother and can result in miscarriage or her baby being born prematurely with a low birth weight. Complications are most common in children under 5 years and adults over age 30. They are more likely in children who are malnourished, especially those without enough vitamin A or with a weak immune system from HIV or other diseases. Measles itself also weakens the immune system and can make the body “forget” how to protect itself against infections, leaving children extremely vulnerable.",2026-09-19T01:48:30.047918+00:00,"Wording variant of measles-comb-013. Same symptom set, patient-voice phrasing and synonyms only; no clinical content added."
measles-para-016,"he has red eyes that water, a runny nose and a high temperature",measles,paraphrase,measles-comb-014,measles-comb-014,fever|red watery eyes|runny nose,CDC Measles Symptoms,https://www.cdc.gov/measles/signs-symptoms/index.html,7–14 days after a measles infection: first symptoms show,"Measles symptoms appear 7 to 14 days after contact with the virus. Measles typically begins with: High fever (may spike to more than 104°) Cough Runny nose (coryza) Red, watery eyes ( conjunctivitis or pink eye )",2026-09-19T01:48:29.686532+00:00,"Wording variant of measles-comb-014. Same symptom set, patient-voice phrasing and synonyms only; no clinical content added."
measles-para-017,"my symptoms are tiredness, an ear infection, feeling feverish, dehydration, shortness of breath and a skin rash",measles,paraphrase,measles-comb-015,measles-comb-015,dehydration|ear infection|fatigue|fever|rash|shortness of breath,WHO Measles Fact Sheet,https://www.who.int/news-room/fact-sheets/detail/measles,Signs and symptoms,"Symptoms of measles usually begin 7–14 days after exposure to the virus. A prominent rash is the most visible symptom. Early symptoms usually last 4–7 days. They include: fever running nose cough red and watery eyes small white spots inside the cheeks. The rash appears 3 to 5 days after the first symptoms, usually on the face and upper neck. It spreads over about 3 days, eventually downward to the trunk, arms, legs and feet. It usually lasts 4–8 days before fading. Most deaths from measles are from complications related to the disease. Complications can include: blindness encephalitis (an infection causing brain swelling and potentially brain damage) severe diarrhoea and related dehydration ear infections severe breathing problems including pneumonia. If a woman catches measles during pregnancy, this can be dangerous for the mother and can result in miscarriage or her baby being born prematurely with a low birth weight. Complications are most common in children under 5 years and adults over age 30. They are more likely in children who are malnourished, especially those without enough vitamin A or with a weak immune system from HIV or other diseases. Measles itself also weakens the immune system and can make the body “forget” how to protect itself against infections, leaving children extremely vulnerable.",2026-09-19T01:48:30.047918+00:00,"Wording variant of measles-comb-015. Same symptom set, patient-voice phrasing and synonyms only; no clinical content added."
measles-para-018,"a skin rash, a high temperature, a painful ear, feeling tired and feeling dehydrated for several days now",measles,paraphrase,measles-comb-016,measles-comb-016,dehydration|ear infection|fatigue|fever|rash,WHO Measles Fact Sheet,https://www.who.int/news-room/fact-sheets/detail/measles,Signs and symptoms,"Symptoms of measles usually begin 7–14 days after exposure to the virus. A prominent rash is the most visible symptom. Early symptoms usually last 4–7 days. They include: fever running nose cough red and watery eyes small white spots inside the cheeks. The rash appears 3 to 5 days after the first symptoms, usually on the face and upper neck. It spreads over about 3 days, eventually downward to the trunk, arms, legs and feet. It usually lasts 4–8 days before fading. Most deaths from measles are from complications related to the disease. Complications can include: blindness encephalitis (an infection causing brain swelling and potentially brain damage) severe diarrhoea and related dehydration ear infections severe breathing problems including pneumonia. If a woman catches measles during pregnancy, this can be dangerous for the mother and can result in miscarriage or her baby being born prematurely with a low birth weight. Complications are most common in children under 5 years and adults over age 30. They are more likely in children who are malnourished, especially those without enough vitamin A or with a weak immune system from HIV or other diseases. Measles itself also weakens the immune system and can make the body “forget” how to protect itself against infections, leaving children extremely vulnerable.",2026-09-19T01:48:30.047918+00:00,"Wording variant of measles-comb-016. Same symptom set, patient-voice phrasing and synonyms only; no clinical content added."
measles-para-019,"my symptoms are a runny nose, feeling feverish, coughing and red watery eyes",measles,paraphrase,measles-src-001,measles-src-001,cough|fever|red watery eyes|runny nose,CDC Measles Symptoms,https://www.cdc.gov/measles/signs-symptoms/index.html,7–14 days after a measles infection: first symptoms show,"Measles symptoms appear 7 to 14 days after contact with the virus. Measles typically begins with: High fever (may spike to more than 104°) Cough Runny nose (coryza) Red, watery eyes ( conjunctivitis or pink eye )",2026-09-19T01:48:29.686532+00:00,"Wording variant of measles-src-001. Same symptom set, patient-voice phrasing and synonyms only; no clinical content added."
measles-para-020,"came in complaining of a nose that keeps running, coughing, a skin rash and a fever",measles,paraphrase,measles-src-002,measles-src-002,cough|fever|rash|runny nose,WHO Measles Fact Sheet,https://www.who.int/news-room/fact-sheets/detail/measles,Overview,"Measles infects the respiratory tract and then spreads throughout the body. Symptoms include a high fever, cough, runny nose and a rash all over the body.",2026-09-19T01:48:30.047918+00:00,"Wording variant of measles-src-002. Same symptom set, patient-voice phrasing and synonyms only; no clinical content added."
measles-para-021,"trouble catching my breath, loose stools, a rash, fatigue, a painful ear, feeling feverish, a cough and dehydration for the last few days",measles,paraphrase,measles-src-003,measles-src-003,cough|dehydration|diarrhea|ear infection|fatigue|fever|rash|shortness of breath,WHO Measles Fact Sheet,https://www.who.int/news-room/fact-sheets/detail/measles,Signs and symptoms,"Symptoms of measles usually begin 7–14 days after exposure to the virus. A prominent rash is the most visible symptom. Early symptoms usually last 4–7 days. They include: fever running nose cough red and watery eyes small white spots inside the cheeks. The rash appears 3 to 5 days after the first symptoms, usually on the face and upper neck. It spreads over about 3 days, eventually downward to the trunk, arms, legs and feet. It usually lasts 4–8 days before fading. Most deaths from measles are from complications related to the disease. Complications can include: blindness encephalitis (an infection causing brain swelling and potentially brain damage) severe diarrhoea and related dehydration ear infections severe breathing problems including pneumonia. If a woman catches measles during pregnancy, this can be dangerous for the mother and can result in miscarriage or her baby being born prematurely with a low birth weight. Complications are most common in children under 5 years and adults over age 30. They are more likely in children who are malnourished, especially those without enough vitamin A or with a weak immune system from HIV or other diseases. Measles itself also weakens the immune system and can make the body “forget” how to protect itself against infections, leaving children extremely vulnerable.",2026-09-19T01:48:30.047918+00:00,"Wording variant of measles-src-003. Same symptom set, patient-voice phrasing and synonyms only; no clinical content added."
measles-para-022,"i started with feeling dehydrated, a fever, a cough, tiredness and an ear infection for about a week",measles,paraphrase,measles-comb-001,measles-comb-001,cough|dehydration|ear infection|fatigue|fever,WHO Measles Fact Sheet,https://www.who.int/news-room/fact-sheets/detail/measles,Signs and symptoms,"Symptoms of measles usually begin 7–14 days after exposure to the virus. A prominent rash is the most visible symptom. Early symptoms usually last 4–7 days. They include: fever running nose cough red and watery eyes small white spots inside the cheeks. The rash appears 3 to 5 days after the first symptoms, usually on the face and upper neck. It spreads over about 3 days, eventually downward to the trunk, arms, legs and feet. It usually lasts 4–8 days before fading. Most deaths from measles are from complications related to the disease. Complications can include: blindness encephalitis (an infection causing brain swelling and potentially brain damage) severe diarrhoea and related dehydration ear infections severe breathing problems including pneumonia. If a woman catches measles during pregnancy, this can be dangerous for the mother and can result in miscarriage or her baby being born prematurely with a low birth weight. Complications are most common in children under 5 years and adults over age 30. They are more likely in children who are malnourished, especially those without enough vitamin A or with a weak immune system from HIV or other diseases. Measles itself also weakens the immune system and can make the body “forget” how to protect itself against infections, leaving children extremely vulnerable.",2026-09-19T01:48:30.047918+00:00,"Wording variant of measles-comb-001. Same symptom set, patient-voice phrasing and synonyms only; no clinical content added."
measles-para-023,"patient reports trouble catching my breath, feeling feverish, an ear infection, a cough and a rash",measles,paraphrase,measles-comb-002,measles-comb-002,cough|ear infection|fever|rash|shortness of breath,WHO Measles Fact Sheet,https://www.who.int/news-room/fact-sheets/detail/measles,Signs and symptoms,"Symptoms of measles usually begin 7–14 days after exposure to the virus. A prominent rash is the most visible symptom. Early symptoms usually last 4–7 days. They include: fever running nose cough red and watery eyes small white spots inside the cheeks. The rash appears 3 to 5 days after the first symptoms, usually on the face and upper neck. It spreads over about 3 days, eventually downward to the trunk, arms, legs and feet. It usually lasts 4–8 days before fading. Most deaths from measles are from complications related to the disease. Complications can include: blindness encephalitis (an infection causing brain swelling and potentially brain damage) severe diarrhoea and related dehydration ear infections severe breathing problems including pneumonia. If a woman catches measles during pregnancy, this can be dangerous for the mother and can result in miscarriage or her baby being born prematurely with a low birth weight. Complications are most common in children under 5 years and adults over age 30. They are more likely in children who are malnourished, especially those without enough vitamin A or with a weak immune system from HIV or other diseases. Measles itself also weakens the immune system and can make the body “forget” how to protect itself against infections, leaving children extremely vulnerable.",2026-09-19T01:48:30.047918+00:00,"Wording variant of measles-comb-002. Same symptom set, patient-voice phrasing and synonyms only; no clinical content added."
measles-para-024,"came in complaining of red eyes that water, feeling feverish and a cough",measles,paraphrase,measles-comb-003,measles-comb-003,cough|fever|red watery eyes,CDC Measles Symptoms,https://www.cdc.gov/measles/signs-symptoms/index.html,7–14 days after a measles infection: first symptoms show,"Measles symptoms appear 7 to 14 days after contact with the virus. Measles typically begins with: High fever (may spike to more than 104°) Cough Runny nose (coryza) Red, watery eyes ( conjunctivitis or pink eye )",2026-09-19T01:48:29.686532+00:00,"Wording variant of measles-comb-003. Same symptom set, patient-voice phrasing and synonyms only; no clinical content added."
measles-para-025,"my symptoms are a high temperature, feeling dehydrated, a rash, a painful ear, a cough and loose stools",measles,paraphrase,measles-comb-004,measles-comb-004,cough|dehydration|diarrhea|ear infection|fever|rash,WHO Measles Fact Sheet,https://www.who.int/news-room/fact-sheets/detail/measles,Signs and symptoms,"Symptoms of measles usually begin 7–14 days after exposure to the virus. A prominent rash is the most visible symptom. Early symptoms usually last 4–7 days. They include: fever running nose cough red and watery eyes small white spots inside the cheeks. The rash appears 3 to 5 days after the first symptoms, usually on the face and upper neck. It spreads over about 3 days, eventually downward to the trunk, arms, legs and feet. It usually lasts 4–8 days before fading. Most deaths from measles are from complications related to the disease. Complications can include: blindness encephalitis (an infection causing brain swelling and potentially brain damage) severe diarrhoea and related dehydration ear infections severe breathing problems including pneumonia. If a woman catches measles during pregnancy, this can be dangerous for the mother and can result in miscarriage or her baby being born prematurely with a low birth weight. Complications are most common in children under 5 years and adults over age 30. They are more likely in children who are malnourished, especially those without enough vitamin A or with a weak immune system from HIV or other diseases. Measles itself also weakens the immune system and can make the body “forget” how to protect itself against infections, leaving children extremely vulnerable.",2026-09-19T01:48:30.047918+00:00,"Wording variant of measles-comb-004. Same symptom set, patient-voice phrasing and synonyms only; no clinical content added."
measles-para-026,"he has a rash, a runny nose and coughing",measles,paraphrase,measles-comb-005,measles-comb-005,cough|rash|runny nose,WHO Measles Fact Sheet,https://www.who.int/news-room/fact-sheets/detail/measles,Overview,"Measles infects the respiratory tract and then spreads throughout the body. Symptoms include a high fever, cough, runny nose and a rash all over the body.",2026-09-19T01:48:30.047918+00:00,"Wording variant of measles-comb-005. Same symptom set, patient-voice phrasing and synonyms only; no clinical content added."
measles-src-001,"high fever cough runny nose red, watery eyes",measles,source,,measles-src-001,cough|fever|red watery eyes|runny nose,CDC Measles Symptoms,https://www.cdc.gov/measles/signs-symptoms/index.html,7–14 days after a measles infection: first symptoms show,"Measles symptoms appear 7 to 14 days after contact with the virus. Measles typically begins with: High fever (may spike to more than 104°) Cough Runny nose (coryza) Red, watery eyes ( conjunctivitis or pink eye )",2026-09-19T01:48:29.686532+00:00,"Full symptom set attested by the '7–14 days after a measles infection: first symptoms show' section of CDC Measles Symptoms, in the order the passage lists them."
measles-src-002,high fever cough runny nose rash,measles,source,,measles-src-002,cough|fever|rash|runny nose,WHO Measles Fact Sheet,https://www.who.int/news-room/fact-sheets/detail/measles,Overview,"Measles infects the respiratory tract and then spreads throughout the body. Symptoms include a high fever, cough, runny nose and a rash all over the body.",2026-09-19T01:48:30.047918+00:00,"Full symptom set attested by the 'Overview' section of WHO Measles Fact Sheet, in the order the passage lists them."
measles-src-003,rash fever cough severe diarrhoea dehydration ear infections breathing problems weak,measles,source,,measles-src-003,cough|dehydration|diarrhea|ear infection|fatigue|fever|rash|shortness of breath,WHO Measles Fact Sheet,https://www.who.int/news-room/fact-sheets/detail/measles,Signs and symptoms,"Symptoms of measles usually begin 7–14 days after exposure to the virus. A prominent rash is the most visible symptom. Early symptoms usually last 4–7 days. They include: fever running nose cough red and watery eyes small white spots inside the cheeks. The rash appears 3 to 5 days after the first symptoms, usually on the face and upper neck. It spreads over about 3 days, eventually downward to the trunk, arms, legs and feet. It usually lasts 4–8 days before fading. Most deaths from measles are from complications related to the disease. Complications can include: blindness encephalitis (an infection causing brain swelling and potentially brain damage) severe diarrhoea and related dehydration ear infections severe breathing problems including pneumonia. If a woman catches measles during pregnancy, this can be dangerous for the mother and can result in miscarriage or her baby being born prematurely with a low birth weight. Complications are most common in children under 5 years and adults over age 30. They are more likely in children who are malnourished, especially those without enough vitamin A or with a weak immune system from HIV or other diseases. Measles itself also weakens the immune system and can make the body “forget” how to protect itself against infections, leaving children extremely vulnerable.",2026-09-19T01:48:30.047918+00:00,"Full symptom set attested by the 'Signs and symptoms' section of WHO Measles Fact Sheet, in the order the passage lists them."
measles-comb-001,fever cough dehydration ear infections weak,measles,source_combination,,measles-comb-001,cough|dehydration|ear infection|fatigue|fever,WHO Measles Fact Sheet,https://www.who.int/news-room/fact-sheets/detail/measles,Signs and symptoms,"Symptoms of measles usually begin 7–14 days after exposure to the virus. A prominent rash is the most visible symptom. Early symptoms usually last 4–7 days. They include: fever running nose cough red and watery eyes small white spots inside the cheeks. The rash appears 3 to 5 days after the first symptoms, usually on the face and upper neck. It spreads over about 3 days, eventually downward to the trunk, arms, legs and feet. It usually lasts 4–8 days before fading. Most deaths from measles are from complications related to the disease. Complications can include: blindness encephalitis (an infection causing brain swelling and potentially brain damage) severe diarrhoea and related dehydration ear infections severe breathing problems including pneumonia. If a woman catches measles during pregnancy, this can be dangerous for the mother and can result in miscarriage or her baby being born prematurely with a low birth weight. Complications are most common in children under 5 years and adults over age 30. They are more likely in children who are malnourished, especially those without enough vitamin A or with a weak immune system from HIV or other diseases. Measles itself also weakens the immune system and can make the body “forget” how to protect itself against infections, leaving children extremely vulnerable.",2026-09-19T01:48:30.047918+00:00,Subset of the symptoms attested by the 'Signs and symptoms' section of WHO Measles Fact Sheet. Every term appears in source_quote; the co-occurrence shown here is synthetic.
measles-comb-002,rash fever cough ear infections breathing problems,measles,source_combination,,measles-comb-002,cough|ear infection|fever|rash|shortness of breath,WHO Measles Fact Sheet,https://www.who.int/news-room/fact-sheets/detail/measles,Signs and symptoms,"Symptoms of measles usually begin 7–14 days after exposure to the virus. A prominent rash is the most visible symptom. Early symptoms usually last 4–7 days. They include: fever running nose cough red and watery eyes small white spots inside the cheeks. The rash appears 3 to 5 days after the first symptoms, usually on the face and upper neck. It spreads over about 3 days, eventually downward to the trunk, arms, legs and feet. It usually lasts 4–8 days before fading. Most deaths from measles are from complications related to the disease. Complications can include: blindness encephalitis (an infection causing brain swelling and potentially brain damage) severe diarrhoea and related dehydration ear infections severe breathing problems including pneumonia. If a woman catches measles during pregnancy, this can be dangerous for the mother and can result in miscarriage or her baby being born prematurely with a low birth weight. Complications are most common in children under 5 years and adults over age 30. They are more likely in children who are malnourished, especially those without enough vitamin A or with a weak immune system from HIV or other diseases. Measles itself also weakens the immune system and can make the body “forget” how to protect itself against infections, leaving children extremely vulnerable.",2026-09-19T01:48:30.047918+00:00,Subset of the symptoms attested by the 'Signs and symptoms' section of WHO Measles Fact Sheet. Every term appears in source_quote; the co-occurrence shown here is synthetic.
measles-comb-003,"high fever cough red, watery eyes",measles,source_combination,,measles-comb-003,cough|fever|red watery eyes,CDC Measles Symptoms,https://www.cdc.gov/measles/signs-symptoms/index.html,7–14 days after a measles infection: first symptoms show,"Measles symptoms appear 7 to 14 days after contact with the virus. Measles typically begins with: High fever (may spike to more than 104°) Cough Runny nose (coryza) Red, watery eyes ( conjunctivitis or pink eye )",2026-09-19T01:48:29.686532+00:00,Subset of the symptoms attested by the '7–14 days after a measles infection: first symptoms show' section of CDC Measles Symptoms. Every term appears in source_quote; the co-occurrence shown here is synthetic.
measles-comb-004,rash fever cough severe diarrhoea dehydration ear infections,measles,source_combination,,measles-comb-004,cough|dehydration|diarrhea|ear infection|fever|rash,WHO Measles Fact Sheet,https://www.who.int/news-room/fact-sheets/detail/measles,Signs and symptoms,"Symptoms of measles usually begin 7–14 days after exposure to the virus. A prominent rash is the most visible symptom. Early symptoms usually last 4–7 days. They include: fever running nose cough red and watery eyes small white spots inside the cheeks. The rash appears 3 to 5 days after the first symptoms, usually on the face and upper neck. It spreads over about 3 days, eventually downward to the trunk, arms, legs and feet. It usually lasts 4–8 days before fading. Most deaths from measles are from complications related to the disease. Complications can include: blindness encephalitis (an infection causing brain swelling and potentially brain damage) severe diarrhoea and related dehydration ear infections severe breathing problems including pneumonia. If a woman catches measles during pregnancy, this can be dangerous for the mother and can result in miscarriage or her baby being born prematurely with a low birth weight. Complications are most common in children under 5 years and adults over age 30. They are more likely in children who are malnourished, especially those without enough vitamin A or with a weak immune system from HIV or other diseases. Measles itself also weakens the immune system and can make the body “forget” how to protect itself against infections, leaving children extremely vulnerable.",2026-09-19T01:48:30.047918+00:00,Subset of the symptoms attested by the 'Signs and symptoms' section of WHO Measles Fact Sheet. Every term appears in source_quote; the co-occurrence shown here is synthetic.
measles-comb-005,cough runny nose rash,measles,source_combination,,measles-comb-005,cough|rash|runny nose,WHO Measles Fact Sheet,https://www.who.int/news-room/fact-sheets/detail/measles,Overview,"Measles infects the respiratory tract and then spreads throughout the body. Symptoms include a high fever, cough, runny nose and a rash all over the body.",2026-09-19T01:48:30.047918+00:00,Subset of the symptoms attested by the 'Overview' section of WHO Measles Fact Sheet. Every term appears in source_quote; the co-occurrence shown here is synthetic.
measles-comb-006,rash dehydration ear infections,measles,source_combination,,measles-comb-006,dehydration|ear infection|rash,WHO Measles Fact Sheet,https://www.who.int/news-room/fact-sheets/detail/measles,Signs and symptoms,"Symptoms of measles usually begin 7–14 days after exposure to the virus. A prominent rash is the most visible symptom. Early symptoms usually last 4–7 days. They include: fever running nose cough red and watery eyes small white spots inside the cheeks. The rash appears 3 to 5 days after the first symptoms, usually on the face and upper neck. It spreads over about 3 days, eventually downward to the trunk, arms, legs and feet. It usually lasts 4–8 days before fading. Most deaths from measles are from complications related to the disease. Complications can include: blindness encephalitis (an infection causing brain swelling and potentially brain damage) severe diarrhoea and related dehydration ear infections severe breathing problems including pneumonia. If a woman catches measles during pregnancy, this can be dangerous for the mother and can result in miscarriage or her baby being born prematurely with a low birth weight. Complications are most common in children under 5 years and adults over age 30. They are more likely in children who are malnourished, especially those without enough vitamin A or with a weak immune system from HIV or other diseases. Measles itself also weakens the immune system and can make the body “forget” how to protect itself against infections, leaving children extremely vulnerable.",2026-09-19T01:48:30.047918+00:00,Subset of the symptoms attested by the 'Signs and symptoms' section of WHO Measles Fact Sheet. Every term appears in source_quote; the co-occurrence shown here is synthetic.
measles-comb-007,cough dehydration weak,measles,source_combination,,measles-comb-007,cough|dehydration|fatigue,WHO Measles Fact Sheet,https://www.who.int/news-room/fact-sheets/detail/measles,Signs and symptoms,"Symptoms of measles usually begin 7–14 days after exposure to the virus. A prominent rash is the most visible symptom. Early symptoms usually last 4–7 days. They include: fever running nose cough red and watery eyes small white spots inside the cheeks. The rash appears 3 to 5 days after the first symptoms, usually on the face and upper neck. It spreads over about 3 days, eventually downward to the trunk, arms, legs and feet. It usually lasts 4–8 days before fading. Most deaths from measles are from complications related to the disease. Complications can include: blindness encephalitis (an infection causing brain swelling and potentially brain damage) severe diarrhoea and related dehydration ear infections severe breathing problems including pneumonia. If a woman catches measles during pregnancy, this can be dangerous for the mother and can result in miscarriage or her baby being born prematurely with a low birth weight. Complications are most common in children under 5 years and adults over age 30. They are more likely in children who are malnourished, especially those without enough vitamin A or with a weak immune system from HIV or other diseases. Measles itself also weakens the immune system and can make the body “forget” how to protect itself against infections, leaving children extremely vulnerable.",2026-09-19T01:48:30.047918+00:00,Subset of the symptoms attested by the 'Signs and symptoms' section of WHO Measles Fact Sheet. Every term appears in source_quote; the co-occurrence shown here is synthetic.
measles-comb-008,fever cough severe diarrhoea dehydration ear infections weak,measles,source_combination,,measles-comb-008,cough|dehydration|diarrhea|ear infection|fatigue|fever,WHO Measles Fact Sheet,https://www.who.int/news-room/fact-sheets/detail/measles,Signs and symptoms,"Symptoms of measles usually begin 7–14 days after exposure to the virus. A prominent rash is the most visible symptom. Early symptoms usually last 4–7 days. They include: fever running nose cough red and watery eyes small white spots inside the cheeks. The rash appears 3 to 5 days after the first symptoms, usually on the face and upper neck. It spreads over about 3 days, eventually downward to the trunk, arms, legs and feet. It usually lasts 4–8 days before fading. Most deaths from measles are from complications related to the disease. Complications can include: blindness encephalitis (an infection causing brain swelling and potentially brain damage) severe diarrhoea and related dehydration ear infections severe breathing problems including pneumonia. If a woman catches measles during pregnancy, this can be dangerous for the mother and can result in miscarriage or her baby being born prematurely with a low birth weight. Complications are most common in children under 5 years and adults over age 30. They are more likely in children who are malnourished, especially those without enough vitamin A or with a weak immune system from HIV or other diseases. Measles itself also weakens the immune system and can make the body “forget” how to protect itself against infections, leaving children extremely vulnerable.",2026-09-19T01:48:30.047918+00:00,Subset of the symptoms attested by the 'Signs and symptoms' section of WHO Measles Fact Sheet. Every term appears in source_quote; the co-occurrence shown here is synthetic.
measles-comb-009,rash fever ear infections breathing problems weak,measles,source_combination,,measles-comb-009,ear infection|fatigue|fever|rash|shortness of breath,WHO Measles Fact Sheet,https://www.who.int/news-room/fact-sheets/detail/measles,Signs and symptoms,"Symptoms of measles usually begin 7–14 days after exposure to the virus. A prominent rash is the most visible symptom. Early symptoms usually last 4–7 days. They include: fever running nose cough red and watery eyes small white spots inside the cheeks. The rash appears 3 to 5 days after the first symptoms, usually on the face and upper neck. It spreads over about 3 days, eventually downward to the trunk, arms, legs and feet. It usually lasts 4–8 days before fading. Most deaths from measles are from complications related to the disease. Complications can include: blindness encephalitis (an infection causing brain swelling and potentially brain damage) severe diarrhoea and related dehydration ear infections severe breathing problems including pneumonia. If a woman catches measles during pregnancy, this can be dangerous for the mother and can result in miscarriage or her baby being born prematurely with a low birth weight. Complications are most common in children under 5 years and adults over age 30. They are more likely in children who are malnourished, especially those without enough vitamin A or with a weak immune system from HIV or other diseases. Measles itself also weakens the immune system and can make the body “forget” how to protect itself against infections, leaving children extremely vulnerable.",2026-09-19T01:48:30.047918+00:00,Subset of the symptoms attested by the 'Signs and symptoms' section of WHO Measles Fact Sheet. Every term appears in source_quote; the co-occurrence shown here is synthetic.
measles-comb-010,rash fever severe diarrhoea weak,measles,source_combination,,measles-comb-010,diarrhea|fatigue|fever|rash,WHO Measles Fact Sheet,https://www.who.int/news-room/fact-sheets/detail/measles,Signs and symptoms,"Symptoms of measles usually begin 7–14 days after exposure to the virus. A prominent rash is the most visible symptom. Early symptoms usually last 4–7 days. They include: fever running nose cough red and watery eyes small white spots inside the cheeks. The rash appears 3 to 5 days after the first symptoms, usually on the face and upper neck. It spreads over about 3 days, eventually downward to the trunk, arms, legs and feet. It usually lasts 4–8 days before fading. Most deaths from measles are from complications related to the disease. Complications can include: blindness encephalitis (an infection causing brain swelling and potentially brain damage) severe diarrhoea and related dehydration ear infections severe breathing problems including pneumonia. If a woman catches measles during pregnancy, this can be dangerous for the mother and can result in miscarriage or her baby being born prematurely with a low birth weight. Complications are most common in children under 5 years and adults over age 30. They are more likely in children who are malnourished, especially those without enough vitamin A or with a weak immune system from HIV or other diseases. Measles itself also weakens the immune system and can make the body “forget” how to protect itself against infections, leaving children extremely vulnerable.",2026-09-19T01:48:30.047918+00:00,Subset of the symptoms attested by the 'Signs and symptoms' section of WHO Measles Fact Sheet. Every term appears in source_quote; the co-occurrence shown here is synthetic.
measles-comb-011,severe diarrhoea ear infections weak,measles,source_combination,,measles-comb-011,diarrhea|ear infection|fatigue,WHO Measles Fact Sheet,https://www.who.int/news-room/fact-sheets/detail/measles,Signs and symptoms,"Symptoms of measles usually begin 7–14 days after exposure to the virus. A prominent rash is the most visible symptom. Early symptoms usually last 4–7 days. They include: fever running nose cough red and watery eyes small white spots inside the cheeks. The rash appears 3 to 5 days after the first symptoms, usually on the face and upper neck. It spreads over about 3 days, eventually downward to the trunk, arms, legs and feet. It usually lasts 4–8 days before fading. Most deaths from measles are from complications related to the disease. Complications can include: blindness encephalitis (an infection causing brain swelling and potentially brain damage) severe diarrhoea and related dehydration ear infections severe breathing problems including pneumonia. If a woman catches measles during pregnancy, this can be dangerous for the mother and can result in miscarriage or her baby being born prematurely with a low birth weight. Complications are most common in children under 5 years and adults over age 30. They are more likely in children who are malnourished, especially those without enough vitamin A or with a weak immune system from HIV or other diseases. Measles itself also weakens the immune system and can make the body “forget” how to protect itself against infections, leaving children extremely vulnerable.",2026-09-19T01:48:30.047918+00:00,Subset of the symptoms attested by the 'Signs and symptoms' section of WHO Measles Fact Sheet. Every term appears in source_quote; the co-occurrence shown here is synthetic.
measles-comb-012,rash cough severe diarrhoea weak,measles,source_combination,,measles-comb-012,cough|diarrhea|fatigue|rash,WHO Measles Fact Sheet,https://www.who.int/news-room/fact-sheets/detail/measles,Signs and symptoms,"Symptoms of measles usually begin 7–14 days after exposure to the virus. A prominent rash is the most visible symptom. Early symptoms usually last 4–7 days. They include: fever running nose cough red and watery eyes small white spots inside the cheeks. The rash appears 3 to 5 days after the first symptoms, usually on the face and upper neck. It spreads over about 3 days, eventually downward to the trunk, arms, legs and feet. It usually lasts 4–8 days before fading. Most deaths from measles are from complications related to the disease. Complications can include: blindness encephalitis (an infection causing brain swelling and potentially brain damage) severe diarrhoea and related dehydration ear infections severe breathing problems including pneumonia. If a woman catches measles during pregnancy, this can be dangerous for the mother and can result in miscarriage or her baby being born prematurely with a low birth weight. Complications are most common in children under 5 years and adults over age 30. They are more likely in children who are malnourished, especially those without enough vitamin A or with a weak immune system from HIV or other diseases. Measles itself also weakens the immune system and can make the body “forget” how to protect itself against infections, leaving children extremely vulnerable.",2026-09-19T01:48:30.047918+00:00,Subset of the symptoms attested by the 'Signs and symptoms' section of WHO Measles Fact Sheet. Every term appears in source_quote; the co-occurrence shown here is synthetic.
measles-comb-013,rash fever cough severe diarrhoea dehydration breathing problems,measles,source_combination,,measles-comb-013,cough|dehydration|diarrhea|fever|rash|shortness of breath,WHO Measles Fact Sheet,https://www.who.int/news-room/fact-sheets/detail/measles,Signs and symptoms,"Symptoms of measles usually begin 7–14 days after exposure to the virus. A prominent rash is the most visible symptom. Early symptoms usually last 4–7 days. They include: fever running nose cough red and watery eyes small white spots inside the cheeks. The rash appears 3 to 5 days after the first symptoms, usually on the face and upper neck. It spreads over about 3 days, eventually downward to the trunk, arms, legs and feet. It usually lasts 4–8 days before fading. Most deaths from measles are from complications related to the disease. Complications can include: blindness encephalitis (an infection causing brain swelling and potentially brain damage) severe diarrhoea and related dehydration ear infections severe breathing problems including pneumonia. If a woman catches measles during pregnancy, this can be dangerous for the mother and can result in miscarriage or her baby being born prematurely with a low birth weight. Complications are most common in children under 5 years and adults over age 30. They are more likely in children who are malnourished, especially those without enough vitamin A or with a weak immune system from HIV or other diseases. Measles itself also weakens the immune system and can make the body “forget” how to protect itself against infections, leaving children extremely vulnerable.",2026-09-19T01:48:30.047918+00:00,Subset of the symptoms attested by the 'Signs and symptoms' section of WHO Measles Fact Sheet. Every term appears in source_quote; the co-occurrence shown here is synthetic.
measles-comb-014,"high fever runny nose red, watery eyes",measles,source_combination,,measles-comb-014,fever|red watery eyes|runny nose,CDC Measles Symptoms,https://www.cdc.gov/measles/signs-symptoms/index.html,7–14 days after a measles infection: first symptoms show,"Measles symptoms appear 7 to 14 days after contact with the virus. Measles typically begins with: High fever (may spike to more than 104°) Cough Runny nose (coryza) Red, watery eyes ( conjunctivitis or pink eye )",2026-09-19T01:48:29.686532+00:00,Subset of the symptoms attested by the '7–14 days after a measles infection: first symptoms show' section of CDC Measles Symptoms. Every term appears in source_quote; the co-occurrence shown here is synthetic.
measles-comb-015,rash fever dehydration ear infections breathing problems weak,measles,source_combination,,measles-comb-015,dehydration|ear infection|fatigue|fever|rash|shortness of breath,WHO Measles Fact Sheet,https://www.who.int/news-room/fact-sheets/detail/measles,Signs and symptoms,"Symptoms of measles usually begin 7–14 days after exposure to the virus. A prominent rash is the most visible symptom. Early symptoms usually last 4–7 days. They include: fever running nose cough red and watery eyes small white spots inside the cheeks. The rash appears 3 to 5 days after the first symptoms, usually on the face and upper neck. It spreads over about 3 days, eventually downward to the trunk, arms, legs and feet. It usually lasts 4–8 days before fading. Most deaths from measles are from complications related to the disease. Complications can include: blindness encephalitis (an infection causing brain swelling and potentially brain damage) severe diarrhoea and related dehydration ear infections severe breathing problems including pneumonia. If a woman catches measles during pregnancy, this can be dangerous for the mother and can result in miscarriage or her baby being born prematurely with a low birth weight. Complications are most common in children under 5 years and adults over age 30. They are more likely in children who are malnourished, especially those without enough vitamin A or with a weak immune system from HIV or other diseases. Measles itself also weakens the immune system and can make the body “forget” how to protect itself against infections, leaving children extremely vulnerable.",2026-09-19T01:48:30.047918+00:00,Subset of the symptoms attested by the 'Signs and symptoms' section of WHO Measles Fact Sheet. Every term appears in source_quote; the co-occurrence shown here is synthetic.
measles-comb-016,rash fever dehydration ear infections weak,measles,source_combination,,measles-comb-016,dehydration|ear infection|fatigue|fever|rash,WHO Measles Fact Sheet,https://www.who.int/news-room/fact-sheets/detail/measles,Signs and symptoms,"Symptoms of measles usually begin 7–14 days after exposure to the virus. A prominent rash is the most visible symptom. Early symptoms usually last 4–7 days. They include: fever running nose cough red and watery eyes small white spots inside the cheeks. The rash appears 3 to 5 days after the first symptoms, usually on the face and upper neck. It spreads over about 3 days, eventually downward to the trunk, arms, legs and feet. It usually lasts 4–8 days before fading. Most deaths from measles are from complications related to the disease. Complications can include: blindness encephalitis (an infection causing brain swelling and potentially brain damage) severe diarrhoea and related dehydration ear infections severe breathing problems including pneumonia. If a woman catches measles during pregnancy, this can be dangerous for the mother and can result in miscarriage or her baby being born prematurely with a low birth weight. Complications are most common in children under 5 years and adults over age 30. They are more likely in children who are malnourished, especially those without enough vitamin A or with a weak immune system from HIV or other diseases. Measles itself also weakens the immune system and can make the body “forget” how to protect itself against infections, leaving children extremely vulnerable.",2026-09-19T01:48:30.047918+00:00,Subset of the symptoms attested by the 'Signs and symptoms' section of WHO Measles Fact Sheet. Every term appears in source_quote; the co-occurrence shown here is synthetic.
meningitis-para-001,"she has had trouble catching my breath, feeling sick to my stomach, low blood pressure, vomiting, altered mental status, a skin rash, tiredness, feeling irritable, seizures, a fever, neck stiffness, head pain and light hurting my eyes for three days",meningitis,paraphrase,meningitis-src-002,meningitis-src-002,confusion|fatigue|fever|headache|irritability|light sensitivity|low blood pressure|nausea|rash|seizures|shortness of breath|stiff neck|vomiting,WHO Meningitis Fact Sheet,https://www.who.int/news-room/fact-sheets/detail/meningitis,Signs and symptoms,"The symptoms of meningitis can differ based on the cause, how quickly the disease progresses, how long it lasts, brain involvement, and other serious complications like sepsis. Common symptoms of meningitis are fever, neck stiffness, confusion or altered mental status, headache, sensitivity to light, nausea and vomiting. Less frequent symptoms include seizures, coma and neurological deficits, such as weakness of the limbs. Infants often have different symptoms compared to adults: unusual behaviour, such as the child being less active and difficult to wake irritability weak, continuous cry poor feeding bulging of the soft spot in their head. Some bacterial pathogens may also account for other symptoms as a result of bloodstream infection, which can quickly lead to sepsis, including cold hands and feet, fast breathing and low blood pressure. A characteristic, non-blanching skin rash may appear with meningococcal sepsis.",2026-09-19T01:48:31.229068+00:00,"Wording variant of meningitis-src-002. Same symptom set, patient-voice phrasing and synonyms only; no clinical content added."
meningitis-para-002,"my symptoms are a fever, confusion, a headache, nausea and being sick",meningitis,paraphrase,meningitis-comb-001,meningitis-comb-001,confusion|fever|headache|nausea|vomiting,CDC Meningitis About,https://www.cdc.gov/meningitis/about/index.html,Symptoms,"Common meningitis symptoms include Fever Headache Stiff neck There are often other symptoms, such as Nausea Vomiting Photophobia (eyes being more sensitive to light) Altered mental status (confusion)",2026-09-19T01:48:30.412725+00:00,"Wording variant of meningitis-comb-001. Same symptom set, patient-voice phrasing and synonyms only; no clinical content added."
meningitis-para-003,"came in complaining of neck stiffness, a headache, feeling irritable, confusion and no energy",meningitis,paraphrase,meningitis-comb-002,meningitis-comb-002,confusion|fatigue|headache|irritability|stiff neck,WHO Meningitis Fact Sheet,https://www.who.int/news-room/fact-sheets/detail/meningitis,Signs and symptoms,"The symptoms of meningitis can differ based on the cause, how quickly the disease progresses, how long it lasts, brain involvement, and other serious complications like sepsis. Common symptoms of meningitis are fever, neck stiffness, confusion or altered mental status, headache, sensitivity to light, nausea and vomiting. Less frequent symptoms include seizures, coma and neurological deficits, such as weakness of the limbs. Infants often have different symptoms compared to adults: unusual behaviour, such as the child being less active and difficult to wake irritability weak, continuous cry poor feeding bulging of the soft spot in their head. Some bacterial pathogens may also account for other symptoms as a result of bloodstream infection, which can quickly lead to sepsis, including cold hands and feet, fast breathing and low blood pressure. A characteristic, non-blanching skin rash may appear with meningococcal sepsis.",2026-09-19T01:48:31.229068+00:00,"Wording variant of meningitis-comb-002. Same symptom set, patient-voice phrasing and synonyms only; no clinical content added."
meningitis-para-004,"i have been having feeling feverish, feeling confused and neck stiffness for about a week",meningitis,paraphrase,meningitis-comb-003,meningitis-comb-003,confusion|fever|stiff neck,CDC Meningitis About,https://www.cdc.gov/meningitis/about/index.html,Symptoms,"Common meningitis symptoms include Fever Headache Stiff neck There are often other symptoms, such as Nausea Vomiting Photophobia (eyes being more sensitive to light) Altered mental status (confusion)",2026-09-19T01:48:30.412725+00:00,"Wording variant of meningitis-comb-003. Same symptom set, patient-voice phrasing and synonyms only; no clinical content added."
meningitis-para-005,"he has neck stiffness, irritability, seizures and being sick",meningitis,paraphrase,meningitis-comb-004,meningitis-comb-004,irritability|seizures|stiff neck|vomiting,WHO Meningitis Fact Sheet,https://www.who.int/news-room/fact-sheets/detail/meningitis,Signs and symptoms,"The symptoms of meningitis can differ based on the cause, how quickly the disease progresses, how long it lasts, brain involvement, and other serious complications like sepsis. Common symptoms of meningitis are fever, neck stiffness, confusion or altered mental status, headache, sensitivity to light, nausea and vomiting. Less frequent symptoms include seizures, coma and neurological deficits, such as weakness of the limbs. Infants often have different symptoms compared to adults: unusual behaviour, such as the child being less active and difficult to wake irritability weak, continuous cry poor feeding bulging of the soft spot in their head. Some bacterial pathogens may also account for other symptoms as a result of bloodstream infection, which can quickly lead to sepsis, including cold hands and feet, fast breathing and low blood pressure. A characteristic, non-blanching skin rash may appear with meningococcal sepsis.",2026-09-19T01:48:31.229068+00:00,"Wording variant of meningitis-comb-004. Same symptom set, patient-voice phrasing and synonyms only; no clinical content added."
meningitis-para-006,"my child has a fever, head pain, vomiting and sensitivity to light",meningitis,paraphrase,meningitis-comb-005,meningitis-comb-005,fever|headache|light sensitivity|vomiting,CDC Meningitis About,https://www.cdc.gov/meningitis/about/index.html,Symptoms,"Common meningitis symptoms include Fever Headache Stiff neck There are often other symptoms, such as Nausea Vomiting Photophobia (eyes being more sensitive to light) Altered mental status (confusion)",2026-09-19T01:48:30.412725+00:00,"Wording variant of meningitis-comb-005. Same symptom set, patient-voice phrasing and synonyms only; no clinical content added."
meningitis-para-007,"i started with head pain, nausea, neck stiffness, vomiting and light hurting my eyes for about a week",meningitis,paraphrase,meningitis-comb-006,meningitis-comb-006,headache|light sensitivity|nausea|stiff neck|vomiting,CDC Meningitis About,https://www.cdc.gov/meningitis/about/index.html,Symptoms,"Common meningitis symptoms include Fever Headache Stiff neck There are often other symptoms, such as Nausea Vomiting Photophobia (eyes being more sensitive to light) Altered mental status (confusion)",2026-09-19T01:48:30.412725+00:00,"Wording variant of meningitis-comb-006. Same symptom set, patient-voice phrasing and synonyms only; no clinical content added."
meningitis-para-008,"i have had feeling nauseous, feeling confused, shortness of breath, being sick and a rash for three days",meningitis,paraphrase,meningitis-comb-007,meningitis-comb-007,confusion|nausea|rash|shortness of breath|vomiting,WHO Meningitis Fact Sheet,https://www.who.int/news-room/fact-sheets/detail/meningitis,Signs and symptoms,"The symptoms of meningitis can differ based on the cause, how quickly the disease progresses, how long it lasts, brain involvement, and other serious complications like sepsis. Common symptoms of meningitis are fever, neck stiffness, confusion or altered mental status, headache, sensitivity to light, nausea and vomiting. Less frequent symptoms include seizures, coma and neurological deficits, such as weakness of the limbs. Infants often have different symptoms compared to adults: unusual behaviour, such as the child being less active and difficult to wake irritability weak, continuous cry poor feeding bulging of the soft spot in their head. Some bacterial pathogens may also account for other symptoms as a result of bloodstream infection, which can quickly lead to sepsis, including cold hands and feet, fast breathing and low blood pressure. A characteristic, non-blanching skin rash may appear with meningococcal sepsis.",2026-09-19T01:48:31.229068+00:00,"Wording variant of meningitis-comb-007. Same symptom set, patient-voice phrasing and synonyms only; no clinical content added."
meningitis-para-009,"feeling sick to my stomach, a high temperature, head pain, neck stiffness and sensitivity to light for several days now",meningitis,paraphrase,meningitis-comb-008,meningitis-comb-008,fever|headache|light sensitivity|nausea|stiff neck,CDC Meningitis About,https://www.cdc.gov/meningitis/about/index.html,Symptoms,"Common meningitis symptoms include Fever Headache Stiff neck There are often other symptoms, such as Nausea Vomiting Photophobia (eyes being more sensitive to light) Altered mental status (confusion)",2026-09-19T01:48:30.412725+00:00,"Wording variant of meningitis-comb-008. Same symptom set, patient-voice phrasing and synonyms only; no clinical content added."
meningitis-para-010,"patient reports a rash, fits, feeling irritable, pain in my head, trouble catching my breath and confusion",meningitis,paraphrase,meningitis-comb-009,meningitis-comb-009,confusion|headache|irritability|rash|seizures|shortness of breath,WHO Meningitis Fact Sheet,https://www.who.int/news-room/fact-sheets/detail/meningitis,Signs and symptoms,"The symptoms of meningitis can differ based on the cause, how quickly the disease progresses, how long it lasts, brain involvement, and other serious complications like sepsis. Common symptoms of meningitis are fever, neck stiffness, confusion or altered mental status, headache, sensitivity to light, nausea and vomiting. Less frequent symptoms include seizures, coma and neurological deficits, such as weakness of the limbs. Infants often have different symptoms compared to adults: unusual behaviour, such as the child being less active and difficult to wake irritability weak, continuous cry poor feeding bulging of the soft spot in their head. Some bacterial pathogens may also account for other symptoms as a result of bloodstream infection, which can quickly lead to sepsis, including cold hands and feet, fast breathing and low blood pressure. A characteristic, non-blanching skin rash may appear with meningococcal sepsis.",2026-09-19T01:48:31.229068+00:00,"Wording variant of meningitis-comb-009. Same symptom set, patient-voice phrasing and synonyms only; no clinical content added."
meningitis-para-011,"came in complaining of head pain, feeling sick to my stomach and feeling confused",meningitis,paraphrase,meningitis-comb-010,meningitis-comb-010,confusion|headache|nausea,CDC Meningitis About,https://www.cdc.gov/meningitis/about/index.html,Symptoms,"Common meningitis symptoms include Fever Headache Stiff neck There are often other symptoms, such as Nausea Vomiting Photophobia (eyes being more sensitive to light) Altered mental status (confusion)",2026-09-19T01:48:30.412725+00:00,"Wording variant of meningitis-comb-010. Same symptom set, patient-voice phrasing and synonyms only; no clinical content added."
meningitis-para-012,"no energy, low blood pressure, nausea, sensitivity to light and a rash for the past two days",meningitis,paraphrase,meningitis-comb-011,meningitis-comb-011,fatigue|light sensitivity|low blood pressure|nausea|rash,WHO Meningitis Fact Sheet,https://www.who.int/news-room/fact-sheets/detail/meningitis,Signs and symptoms,"The symptoms of meningitis can differ based on the cause, how quickly the disease progresses, how long it lasts, brain involvement, and other serious complications like sepsis. Common symptoms of meningitis are fever, neck stiffness, confusion or altered mental status, headache, sensitivity to light, nausea and vomiting. Less frequent symptoms include seizures, coma and neurological deficits, such as weakness of the limbs. Infants often have different symptoms compared to adults: unusual behaviour, such as the child being less active and difficult to wake irritability weak, continuous cry poor feeding bulging of the soft spot in their head. Some bacterial pathogens may also account for other symptoms as a result of bloodstream infection, which can quickly lead to sepsis, including cold hands and feet, fast breathing and low blood pressure. A characteristic, non-blanching skin rash may appear with meningococcal sepsis.",2026-09-19T01:48:31.229068+00:00,"Wording variant of meningitis-comb-011. Same symptom set, patient-voice phrasing and synonyms only; no clinical content added."
meningitis-para-013,"i am experiencing a fever, difficulty breathing, neck stiffness, low blood pressure, confusion and irritability",meningitis,paraphrase,meningitis-comb-012,meningitis-comb-012,confusion|fever|irritability|low blood pressure|shortness of breath|stiff neck,WHO Meningitis Fact Sheet,https://www.who.int/news-room/fact-sheets/detail/meningitis,Signs and symptoms,"The symptoms of meningitis can differ based on the cause, how quickly the disease progresses, how long it lasts, brain involvement, and other serious complications like sepsis. Common symptoms of meningitis are fever, neck stiffness, confusion or altered mental status, headache, sensitivity to light, nausea and vomiting. Less frequent symptoms include seizures, coma and neurological deficits, such as weakness of the limbs. Infants often have different symptoms compared to adults: unusual behaviour, such as the child being less active and difficult to wake irritability weak, continuous cry poor feeding bulging of the soft spot in their head. Some bacterial pathogens may also account for other symptoms as a result of bloodstream infection, which can quickly lead to sepsis, including cold hands and feet, fast breathing and low blood pressure. A characteristic, non-blanching skin rash may appear with meningococcal sepsis.",2026-09-19T01:48:31.229068+00:00,"Wording variant of meningitis-comb-012. Same symptom set, patient-voice phrasing and synonyms only; no clinical content added."
meningitis-para-014,"he has head pain, fits and trouble catching my breath",meningitis,paraphrase,meningitis-comb-013,meningitis-comb-013,headache|seizures|shortness of breath,WHO Meningitis Fact Sheet,https://www.who.int/news-room/fact-sheets/detail/meningitis,Signs and symptoms,"The symptoms of meningitis can differ based on the cause, how quickly the disease progresses, how long it lasts, brain involvement, and other serious complications like sepsis. Common symptoms of meningitis are fever, neck stiffness, confusion or altered mental status, headache, sensitivity to light, nausea and vomiting. Less frequent symptoms include seizures, coma and neurological deficits, such as weakness of the limbs. Infants often have different symptoms compared to adults: unusual behaviour, such as the child being less active and difficult to wake irritability weak, continuous cry poor feeding bulging of the soft spot in their head. Some bacterial pathogens may also account for other symptoms as a result of bloodstream infection, which can quickly lead to sepsis, including cold hands and feet, fast breathing and low blood pressure. A characteristic, non-blanching skin rash may appear with meningococcal sepsis.",2026-09-19T01:48:31.229068+00:00,"Wording variant of meningitis-comb-013. Same symptom set, patient-voice phrasing and synonyms only; no clinical content added."
meningitis-para-015,"i started with being sick, a stiff neck, feeling nauseous, sensitivity to light, feeling confused and a headache for three days",meningitis,paraphrase,meningitis-comb-014,meningitis-comb-014,confusion|headache|light sensitivity|nausea|stiff neck|vomiting,CDC Meningitis About,https://www.cdc.gov/meningitis/about/index.html,Symptoms,"Common meningitis symptoms include Fever Headache Stiff neck There are often other symptoms, such as Nausea Vomiting Photophobia (eyes being more sensitive to light) Altered mental status (confusion)",2026-09-19T01:48:30.412725+00:00,"Wording variant of meningitis-comb-014. Same symptom set, patient-voice phrasing and synonyms only; no clinical content added."
meningitis-para-016,"i started with pain in my head, a stiff neck, feeling feverish and sensitivity to light for the last few days",meningitis,paraphrase,meningitis-comb-015,meningitis-comb-015,fever|headache|light sensitivity|stiff neck,CDC Meningitis About,https://www.cdc.gov/meningitis/about/index.html,Symptoms,"Common meningitis symptoms include Fever Headache Stiff neck There are often other symptoms, such as Nausea Vomiting Photophobia (eyes being more sensitive to light) Altered mental status (confusion)",2026-09-19T01:48:30.412725+00:00,"Wording variant of meningitis-comb-015. Same symptom set, patient-voice phrasing and synonyms only; no clinical content added."
meningitis-para-017,"i have been having trouble catching my breath, neck stiffness, no energy and feeling sick to my stomach for three days",meningitis,paraphrase,meningitis-comb-016,meningitis-comb-016,fatigue|nausea|shortness of breath|stiff neck,WHO Meningitis Fact Sheet,https://www.who.int/news-room/fact-sheets/detail/meningitis,Signs and symptoms,"The symptoms of meningitis can differ based on the cause, how quickly the disease progresses, how long it lasts, brain involvement, and other serious complications like sepsis. Common symptoms of meningitis are fever, neck stiffness, confusion or altered mental status, headache, sensitivity to light, nausea and vomiting. Less frequent symptoms include seizures, coma and neurological deficits, such as weakness of the limbs. Infants often have different symptoms compared to adults: unusual behaviour, such as the child being less active and difficult to wake irritability weak, continuous cry poor feeding bulging of the soft spot in their head. Some bacterial pathogens may also account for other symptoms as a result of bloodstream infection, which can quickly lead to sepsis, including cold hands and feet, fast breathing and low blood pressure. A characteristic, non-blanching skin rash may appear with meningococcal sepsis.",2026-09-19T01:48:31.229068+00:00,"Wording variant of meningitis-comb-016. Same symptom set, patient-voice phrasing and synonyms only; no clinical content added."
meningitis-para-018,"my symptoms are feeling nauseous, confusion, light hurting my eyes, being sick, a stiff neck, a fever and a headache",meningitis,paraphrase,meningitis-src-001,meningitis-src-001,confusion|fever|headache|light sensitivity|nausea|stiff neck|vomiting,CDC Meningitis About,https://www.cdc.gov/meningitis/about/index.html,Symptoms,"Common meningitis symptoms include Fever Headache Stiff neck There are often other symptoms, such as Nausea Vomiting Photophobia (eyes being more sensitive to light) Altered mental status (confusion)",2026-09-19T01:48:30.412725+00:00,"Wording variant of meningitis-src-001. Same symptom set, patient-voice phrasing and synonyms only; no clinical content added."
meningitis-para-019,"i am experiencing no energy, a stiff neck, difficulty breathing, sensitivity to light, feeling sick to my stomach, confusion, head pain, feeling feverish, low blood pressure, irritability, throwing up, a rash and fits",meningitis,paraphrase,meningitis-src-002,meningitis-src-002,confusion|fatigue|fever|headache|irritability|light sensitivity|low blood pressure|nausea|rash|seizures|shortness of breath|stiff neck|vomiting,WHO Meningitis Fact Sheet,https://www.who.int/news-room/fact-sheets/detail/meningitis,Signs and symptoms,"The symptoms of meningitis can differ based on the cause, how quickly the disease progresses, how long it lasts, brain involvement, and other serious complications like sepsis. Common symptoms of meningitis are fever, neck stiffness, confusion or altered mental status, headache, sensitivity to light, nausea and vomiting. Less frequent symptoms include seizures, coma and neurological deficits, such as weakness of the limbs. Infants often have different symptoms compared to adults: unusual behaviour, such as the child being less active and difficult to wake irritability weak, continuous cry poor feeding bulging of the soft spot in their head. Some bacterial pathogens may also account for other symptoms as a result of bloodstream infection, which can quickly lead to sepsis, including cold hands and feet, fast breathing and low blood pressure. A characteristic, non-blanching skin rash may appear with meningococcal sepsis.",2026-09-19T01:48:31.229068+00:00,"Wording variant of meningitis-src-002. Same symptom set, patient-voice phrasing and synonyms only; no clinical content added."
meningitis-para-020,"i have been having altered mental status, a fever, a headache, nausea and vomiting for the last few days",meningitis,paraphrase,meningitis-comb-001,meningitis-comb-001,confusion|fever|headache|nausea|vomiting,CDC Meningitis About,https://www.cdc.gov/meningitis/about/index.html,Symptoms,"Common meningitis symptoms include Fever Headache Stiff neck There are often other symptoms, such as Nausea Vomiting Photophobia (eyes being more sensitive to light) Altered mental status (confusion)",2026-09-19T01:48:30.412725+00:00,"Wording variant of meningitis-comb-001. Same symptom set, patient-voice phrasing and synonyms only; no clinical content added."
meningitis-para-021,"i have been having feeling confused, irritability, head pain, neck stiffness and feeling tired for three days",meningitis,paraphrase,meningitis-comb-002,meningitis-comb-002,confusion|fatigue|headache|irritability|stiff neck,WHO Meningitis Fact Sheet,https://www.who.int/news-room/fact-sheets/detail/meningitis,Signs and symptoms,"The symptoms of meningitis can differ based on the cause, how quickly the disease progresses, how long it lasts, brain involvement, and other serious complications like sepsis. Common symptoms of meningitis are fever, neck stiffness, confusion or altered mental status, headache, sensitivity to light, nausea and vomiting. Less frequent symptoms include seizures, coma and neurological deficits, such as weakness of the limbs. Infants often have different symptoms compared to adults: unusual behaviour, such as the child being less active and difficult to wake irritability weak, continuous cry poor feeding bulging of the soft spot in their head. Some bacterial pathogens may also account for other symptoms as a result of bloodstream infection, which can quickly lead to sepsis, including cold hands and feet, fast breathing and low blood pressure. A characteristic, non-blanching skin rash may appear with meningococcal sepsis.",2026-09-19T01:48:31.229068+00:00,"Wording variant of meningitis-comb-002. Same symptom set, patient-voice phrasing and synonyms only; no clinical content added."
meningitis-para-022,"altered mental status, a fever and neck stiffness for the past two days",meningitis,paraphrase,meningitis-comb-003,meningitis-comb-003,confusion|fever|stiff neck,CDC Meningitis About,https://www.cdc.gov/meningitis/about/index.html,Symptoms,"Common meningitis symptoms include Fever Headache Stiff neck There are often other symptoms, such as Nausea Vomiting Photophobia (eyes being more sensitive to light) Altered mental status (confusion)",2026-09-19T01:48:30.412725+00:00,"Wording variant of meningitis-comb-003. Same symptom set, patient-voice phrasing and synonyms only; no clinical content added."
meningitis-para-023,"i have neck stiffness, seizures, irritability and being sick",meningitis,paraphrase,meningitis-comb-004,meningitis-comb-004,irritability|seizures|stiff neck|vomiting,WHO Meningitis Fact Sheet,https://www.who.int/news-room/fact-sheets/detail/meningitis,Signs and symptoms,"The symptoms of meningitis can differ based on the cause, how quickly the disease progresses, how long it lasts, brain involvement, and other serious complications like sepsis. Common symptoms of meningitis are fever, neck stiffness, confusion or altered mental status, headache, sensitivity to light, nausea and vomiting. Less frequent symptoms include seizures, coma and neurological deficits, such as weakness of the limbs. Infants often have different symptoms compared to adults: unusual behaviour, such as the child being less active and difficult to wake irritability weak, continuous cry poor feeding bulging of the soft spot in their head. Some bacterial pathogens may also account for other symptoms as a result of bloodstream infection, which can quickly lead to sepsis, including cold hands and feet, fast breathing and low blood pressure. A characteristic, non-blanching skin rash may appear with meningococcal sepsis.",2026-09-19T01:48:31.229068+00:00,"Wording variant of meningitis-comb-004. Same symptom set, patient-voice phrasing and synonyms only; no clinical content added."
meningitis-para-024,"i have been having sensitivity to light, a fever, being sick and pain in my head for the past two days",meningitis,paraphrase,meningitis-comb-005,meningitis-comb-005,fever|headache|light sensitivity|vomiting,CDC Meningitis About,https://www.cdc.gov/meningitis/about/index.html,Symptoms,"Common meningitis symptoms include Fever Headache Stiff neck There are often other symptoms, such as Nausea Vomiting Photophobia (eyes being more sensitive to light) Altered mental status (confusion)",2026-09-19T01:48:30.412725+00:00,"Wording variant of meningitis-comb-005. Same symptom set, patient-voice phrasing and synonyms only; no clinical content added."
meningitis-para-025,"came in complaining of head pain, a stiff neck, nausea, throwing up and sensitivity to light",meningitis,paraphrase,meningitis-comb-006,meningitis-comb-006,headache|light sensitivity|nausea|stiff neck|vomiting,CDC Meningitis About,https://www.cdc.gov/meningitis/about/index.html,Symptoms,"Common meningitis symptoms include Fever Headache Stiff neck There are often other symptoms, such as Nausea Vomiting Photophobia (eyes being more sensitive to light) Altered mental status (confusion)",2026-09-19T01:48:30.412725+00:00,"Wording variant of meningitis-comb-006. Same symptom set, patient-voice phrasing and synonyms only; no clinical content added."
meningitis-para-026,"i started with feeling confused, shortness of breath, throwing up, a rash and feeling nauseous since yesterday",meningitis,paraphrase,meningitis-comb-007,meningitis-comb-007,confusion|nausea|rash|shortness of breath|vomiting,WHO Meningitis Fact Sheet,https://www.who.int/news-room/fact-sheets/detail/meningitis,Signs and symptoms,"The symptoms of meningitis can differ based on the cause, how quickly the disease progresses, how long it lasts, brain involvement, and other serious complications like sepsis. Common symptoms of meningitis are fever, neck stiffness, confusion or altered mental status, headache, sensitivity to light, nausea and vomiting. Less frequent symptoms include seizures, coma and neurological deficits, such as weakness of the limbs. Infants often have different symptoms compared to adults: unusual behaviour, such as the child being less active and difficult to wake irritability weak, continuous cry poor feeding bulging of the soft spot in their head. Some bacterial pathogens may also account for other symptoms as a result of bloodstream infection, which can quickly lead to sepsis, including cold hands and feet, fast breathing and low blood pressure. A characteristic, non-blanching skin rash may appear with meningococcal sepsis.",2026-09-19T01:48:31.229068+00:00,"Wording variant of meningitis-comb-007. Same symptom set, patient-voice phrasing and synonyms only; no clinical content added."
meningitis-src-001,fever headache stiff neck nausea vomiting photophobia altered mental status,meningitis,source,,meningitis-src-001,confusion|fever|headache|light sensitivity|nausea|stiff neck|vomiting,CDC Meningitis About,https://www.cdc.gov/meningitis/about/index.html,Symptoms,"Common meningitis symptoms include Fever Headache Stiff neck There are often other symptoms, such as Nausea Vomiting Photophobia (eyes being more sensitive to light) Altered mental status (confusion)",2026-09-19T01:48:30.412725+00:00,"Full symptom set attested by the 'Symptoms' section of CDC Meningitis About, in the order the passage lists them."
meningitis-src-002,fever neck stiffness altered mental status headache sensitivity to light nausea vomiting seizures weakness irritability fast breathing low blood pressure skin rash,meningitis,source,,meningitis-src-002,confusion|fatigue|fever|headache|irritability|light sensitivity|low blood pressure|nausea|rash|seizures|shortness of breath|stiff neck|vomiting,WHO Meningitis Fact Sheet,https://www.who.int/news-room/fact-sheets/detail/meningitis,Signs and symptoms,"The symptoms of meningitis can differ based on the cause, how quickly the disease progresses, how long it lasts, brain involvement, and other serious complications like sepsis. Common symptoms of meningitis are fever, neck stiffness, confusion or altered mental status, headache, sensitivity to light, nausea and vomiting. Less frequent symptoms include seizures, coma and neurological deficits, such as weakness of the limbs. Infants often have different symptoms compared to adults: unusual behaviour, such as the child being less active and difficult to wake irritability weak, continuous cry poor feeding bulging of the soft spot in their head. Some bacterial pathogens may also account for other symptoms as a result of bloodstream infection, which can quickly lead to sepsis, including cold hands and feet, fast breathing and low blood pressure. A characteristic, non-blanching skin rash may appear with meningococcal sepsis.",2026-09-19T01:48:31.229068+00:00,"Full symptom set attested by the 'Signs and symptoms' section of WHO Meningitis Fact Sheet, in the order the passage lists them."
meningitis-comb-001,fever headache nausea vomiting altered mental status,meningitis,source_combination,,meningitis-comb-001,confusion|fever|headache|nausea|vomiting,CDC Meningitis About,https://www.cdc.gov/meningitis/about/index.html,Symptoms,"Common meningitis symptoms include Fever Headache Stiff neck There are often other symptoms, such as Nausea Vomiting Photophobia (eyes being more sensitive to light) Altered mental status (confusion)",2026-09-19T01:48:30.412725+00:00,Subset of the symptoms attested by the 'Symptoms' section of CDC Meningitis About. Every term appears in source_quote; the co-occurrence shown here is synthetic.
meningitis-comb-002,neck stiffness altered mental status headache weakness irritability,meningitis,source_combination,,meningitis-comb-002,confusion|fatigue|headache|irritability|stiff neck,WHO Meningitis Fact Sheet,https://www.who.int/news-room/fact-sheets/detail/meningitis,Signs and symptoms,"The symptoms of meningitis can differ based on the cause, how quickly the disease progresses, how long it lasts, brain involvement, and other serious complications like sepsis. Common symptoms of meningitis are fever, neck stiffness, confusion or altered mental status, headache, sensitivity to light, nausea and vomiting. Less frequent symptoms include seizures, coma and neurological deficits, such as weakness of the limbs. Infants often have different symptoms compared to adults: unusual behaviour, such as the child being less active and difficult to wake irritability weak, continuous cry poor feeding bulging of the soft spot in their head. Some bacterial pathogens may also account for other symptoms as a result of bloodstream infection, which can quickly lead to sepsis, including cold hands and feet, fast breathing and low blood pressure. A characteristic, non-blanching skin rash may appear with meningococcal sepsis.",2026-09-19T01:48:31.229068+00:00,Subset of the symptoms attested by the 'Signs and symptoms' section of WHO Meningitis Fact Sheet. Every term appears in source_quote; the co-occurrence shown here is synthetic.
meningitis-comb-003,fever stiff neck altered mental status,meningitis,source_combination,,meningitis-comb-003,confusion|fever|stiff neck,CDC Meningitis About,https://www.cdc.gov/meningitis/about/index.html,Symptoms,"Common meningitis symptoms include Fever Headache Stiff neck There are often other symptoms, such as Nausea Vomiting Photophobia (eyes being more sensitive to light) Altered mental status (confusion)",2026-09-19T01:48:30.412725+00:00,Subset of the symptoms attested by the 'Symptoms' section of CDC Meningitis About. Every term appears in source_quote; the co-occurrence shown here is synthetic.
meningitis-comb-004,neck stiffness vomiting seizures irritability,meningitis,source_combination,,meningitis-comb-004,irritability|seizures|stiff neck|vomiting,WHO Meningitis Fact Sheet,https://www.who.int/news-room/fact-sheets/detail/meningitis,Signs and symptoms,"The symptoms of meningitis can differ based on the cause, how quickly the disease progresses, how long it lasts, brain involvement, and other serious complications like sepsis. Common symptoms of meningitis are fever, neck stiffness, confusion or altered mental status, headache, sensitivity to light, nausea and vomiting. Less frequent symptoms include seizures, coma and neurological deficits, such as weakness of the limbs. Infants often have different symptoms compared to adults: unusual behaviour, such as the child being less active and difficult to wake irritability weak, continuous cry poor feeding bulging of the soft spot in their head. Some bacterial pathogens may also account for other symptoms as a result of bloodstream infection, which can quickly lead to sepsis, including cold hands and feet, fast breathing and low blood pressure. A characteristic, non-blanching skin rash may appear with meningococcal sepsis.",2026-09-19T01:48:31.229068+00:00,Subset of the symptoms attested by the 'Signs and symptoms' section of WHO Meningitis Fact Sheet. Every term appears in source_quote; the co-occurrence shown here is synthetic.
meningitis-comb-005,fever headache vomiting photophobia,meningitis,source_combination,,meningitis-comb-005,fever|headache|light sensitivity|vomiting,CDC Meningitis About,https://www.cdc.gov/meningitis/about/index.html,Symptoms,"Common meningitis symptoms include Fever Headache Stiff neck There are often other symptoms, such as Nausea Vomiting Photophobia (eyes being more sensitive to light) Altered mental status (confusion)",2026-09-19T01:48:30.412725+00:00,Subset of the symptoms attested by the 'Symptoms' section of CDC Meningitis About. Every term appears in source_quote; the co-occurrence shown here is synthetic.
meningitis-comb-006,headache stiff neck nausea vomiting photophobia,meningitis,source_combination,,meningitis-comb-006,headache|light sensitivity|nausea|stiff neck|vomiting,CDC Meningitis About,https://www.cdc.gov/meningitis/about/index.html,Symptoms,"Common meningitis symptoms include Fever Headache Stiff neck There are often other symptoms, such as Nausea Vomiting Photophobia (eyes being more sensitive to light) Altered mental status (confusion)",2026-09-19T01:48:30.412725+00:00,Subset of the symptoms attested by the 'Symptoms' section of CDC Meningitis About. Every term appears in source_quote; the co-occurrence shown here is synthetic.
meningitis-comb-007,altered mental status nausea vomiting fast breathing skin rash,meningitis,source_combination,,meningitis-comb-007,confusion|nausea|rash|shortness of breath|vomiting,WHO Meningitis Fact Sheet,https://www.who.int/news-room/fact-sheets/detail/meningitis,Signs and symptoms,"The symptoms of meningitis can differ based on the cause, how quickly the disease progresses, how long it lasts, brain involvement, and other serious complications like sepsis. Common symptoms of meningitis are fever, neck stiffness, confusion or altered mental status, headache, sensitivity to light, nausea and vomiting. Less frequent symptoms include seizures, coma and neurological deficits, such as weakness of the limbs. Infants often have different symptoms compared to adults: unusual behaviour, such as the child being less active and difficult to wake irritability weak, continuous cry poor feeding bulging of the soft spot in their head. Some bacterial pathogens may also account for other symptoms as a result of bloodstream infection, which can quickly lead to sepsis, including cold hands and feet, fast breathing and low blood pressure. A characteristic, non-blanching skin rash may appear with meningococcal sepsis.",2026-09-19T01:48:31.229068+00:00,Subset of the symptoms attested by the 'Signs and symptoms' section of WHO Meningitis Fact Sheet. Every term appears in source_quote; the co-occurrence shown here is synthetic.
meningitis-comb-008,fever headache stiff neck nausea photophobia,meningitis,source_combination,,meningitis-comb-008,fever|headache|light sensitivity|nausea|stiff neck,CDC Meningitis About,https://www.cdc.gov/meningitis/about/index.html,Symptoms,"Common meningitis symptoms include Fever Headache Stiff neck There are often other symptoms, such as Nausea Vomiting Photophobia (eyes being more sensitive to light) Altered mental status (confusion)",2026-09-19T01:48:30.412725+00:00,Subset of the symptoms attested by the 'Symptoms' section of CDC Meningitis About. Every term appears in source_quote; the co-occurrence shown here is synthetic.
meningitis-comb-009,altered mental status headache seizures irritability fast breathing skin rash,meningitis,source_combination,,meningitis-comb-009,confusion|headache|irritability|rash|seizures|shortness of breath,WHO Meningitis Fact Sheet,https://www.who.int/news-room/fact-sheets/detail/meningitis,Signs and symptoms,"The symptoms of meningitis can differ based on the cause, how quickly the disease progresses, how long it lasts, brain involvement, and other serious complications like sepsis. Common symptoms of meningitis are fever, neck stiffness, confusion or altered mental status, headache, sensitivity to light, nausea and vomiting. Less frequent symptoms include seizures, coma and neurological deficits, such as weakness of the limbs. Infants often have different symptoms compared to adults: unusual behaviour, such as the child being less active and difficult to wake irritability weak, continuous cry poor feeding bulging of the soft spot in their head. Some bacterial pathogens may also account for other symptoms as a result of bloodstream infection, which can quickly lead to sepsis, including cold hands and feet, fast breathing and low blood pressure. A characteristic, non-blanching skin rash may appear with meningococcal sepsis.",2026-09-19T01:48:31.229068+00:00,Subset of the symptoms attested by the 'Signs and symptoms' section of WHO Meningitis Fact Sheet. Every term appears in source_quote; the co-occurrence shown here is synthetic.
meningitis-comb-010,headache nausea altered mental status,meningitis,source_combination,,meningitis-comb-010,confusion|headache|nausea,CDC Meningitis About,https://www.cdc.gov/meningitis/about/index.html,Symptoms,"Common meningitis symptoms include Fever Headache Stiff neck There are often other symptoms, such as Nausea Vomiting Photophobia (eyes being more sensitive to light) Altered mental status (confusion)",2026-09-19T01:48:30.412725+00:00,Subset of the symptoms attested by the 'Symptoms' section of CDC Meningitis About. Every term appears in source_quote; the co-occurrence shown here is synthetic.
meningitis-comb-011,sensitivity to light nausea weakness low blood pressure skin rash,meningitis,source_combination,,meningitis-comb-011,fatigue|light sensitivity|low blood pressure|nausea|rash,WHO Meningitis Fact Sheet,https://www.who.int/news-room/fact-sheets/detail/meningitis,Signs and symptoms,"The symptoms of meningitis can differ based on the cause, how quickly the disease progresses, how long it lasts, brain involvement, and other serious complications like sepsis. Common symptoms of meningitis are fever, neck stiffness, confusion or altered mental status, headache, sensitivity to light, nausea and vomiting. Less frequent symptoms include seizures, coma and neurological deficits, such as weakness of the limbs. Infants often have different symptoms compared to adults: unusual behaviour, such as the child being less active and difficult to wake irritability weak, continuous cry poor feeding bulging of the soft spot in their head. Some bacterial pathogens may also account for other symptoms as a result of bloodstream infection, which can quickly lead to sepsis, including cold hands and feet, fast breathing and low blood pressure. A characteristic, non-blanching skin rash may appear with meningococcal sepsis.",2026-09-19T01:48:31.229068+00:00,Subset of the symptoms attested by the 'Signs and symptoms' section of WHO Meningitis Fact Sheet. Every term appears in source_quote; the co-occurrence shown here is synthetic.
meningitis-comb-012,fever neck stiffness altered mental status irritability fast breathing low blood pressure,meningitis,source_combination,,meningitis-comb-012,confusion|fever|irritability|low blood pressure|shortness of breath|stiff neck,WHO Meningitis Fact Sheet,https://www.who.int/news-room/fact-sheets/detail/meningitis,Signs and symptoms,"The symptoms of meningitis can differ based on the cause, how quickly the disease progresses, how long it lasts, brain involvement, and other serious complications like sepsis. Common symptoms of meningitis are fever, neck stiffness, confusion or altered mental status, headache, sensitivity to light, nausea and vomiting. Less frequent symptoms include seizures, coma and neurological deficits, such as weakness of the limbs. Infants often have different symptoms compared to adults: unusual behaviour, such as the child being less active and difficult to wake irritability weak, continuous cry poor feeding bulging of the soft spot in their head. Some bacterial pathogens may also account for other symptoms as a result of bloodstream infection, which can quickly lead to sepsis, including cold hands and feet, fast breathing and low blood pressure. A characteristic, non-blanching skin rash may appear with meningococcal sepsis.",2026-09-19T01:48:31.229068+00:00,Subset of the symptoms attested by the 'Signs and symptoms' section of WHO Meningitis Fact Sheet. Every term appears in source_quote; the co-occurrence shown here is synthetic.
meningitis-comb-013,headache seizures fast breathing,meningitis,source_combination,,meningitis-comb-013,headache|seizures|shortness of breath,WHO Meningitis Fact Sheet,https://www.who.int/news-room/fact-sheets/detail/meningitis,Signs and symptoms,"The symptoms of meningitis can differ based on the cause, how quickly the disease progresses, how long it lasts, brain involvement, and other serious complications like sepsis. Common symptoms of meningitis are fever, neck stiffness, confusion or altered mental status, headache, sensitivity to light, nausea and vomiting. Less frequent symptoms include seizures, coma and neurological deficits, such as weakness of the limbs. Infants often have different symptoms compared to adults: unusual behaviour, such as the child being less active and difficult to wake irritability weak, continuous cry poor feeding bulging of the soft spot in their head. Some bacterial pathogens may also account for other symptoms as a result of bloodstream infection, which can quickly lead to sepsis, including cold hands and feet, fast breathing and low blood pressure. A characteristic, non-blanching skin rash may appear with meningococcal sepsis.",2026-09-19T01:48:31.229068+00:00,Subset of the symptoms attested by the 'Signs and symptoms' section of WHO Meningitis Fact Sheet. Every term appears in source_quote; the co-occurrence shown here is synthetic.
meningitis-comb-014,headache stiff neck nausea vomiting photophobia altered mental status,meningitis,source_combination,,meningitis-comb-014,confusion|headache|light sensitivity|nausea|stiff neck|vomiting,CDC Meningitis About,https://www.cdc.gov/meningitis/about/index.html,Symptoms,"Common meningitis symptoms include Fever Headache Stiff neck There are often other symptoms, such as Nausea Vomiting Photophobia (eyes being more sensitive to light) Altered mental status (confusion)",2026-09-19T01:48:30.412725+00:00,Subset of the symptoms attested by the 'Symptoms' section of CDC Meningitis About. Every term appears in source_quote; the co-occurrence shown here is synthetic.
meningitis-comb-015,fever headache stiff neck photophobia,meningitis,source_combination,,meningitis-comb-015,fever|headache|light sensitivity|stiff neck,CDC Meningitis About,https://www.cdc.gov/meningitis/about/index.html,Symptoms,"Common meningitis symptoms include Fever Headache Stiff neck There are often other symptoms, such as Nausea Vomiting Photophobia (eyes being more sensitive to light) Altered mental status (confusion)",2026-09-19T01:48:30.412725+00:00,Subset of the symptoms attested by the 'Symptoms' section of CDC Meningitis About. Every term appears in source_quote; the co-occurrence shown here is synthetic.
meningitis-comb-016,neck stiffness nausea weakness fast breathing,meningitis,source_combination,,meningitis-comb-016,fatigue|nausea|shortness of breath|stiff neck,WHO Meningitis Fact Sheet,https://www.who.int/news-room/fact-sheets/detail/meningitis,Signs and symptoms,"The symptoms of meningitis can differ based on the cause, how quickly the disease progresses, how long it lasts, brain involvement, and other serious complications like sepsis. Common symptoms of meningitis are fever, neck stiffness, confusion or altered mental status, headache, sensitivity to light, nausea and vomiting. Less frequent symptoms include seizures, coma and neurological deficits, such as weakness of the limbs. Infants often have different symptoms compared to adults: unusual behaviour, such as the child being less active and difficult to wake irritability weak, continuous cry poor feeding bulging of the soft spot in their head. Some bacterial pathogens may also account for other symptoms as a result of bloodstream infection, which can quickly lead to sepsis, including cold hands and feet, fast breathing and low blood pressure. A characteristic, non-blanching skin rash may appear with meningococcal sepsis.",2026-09-19T01:48:31.229068+00:00,Subset of the symptoms attested by the 'Signs and symptoms' section of WHO Meningitis Fact Sheet. Every term appears in source_quote; the co-occurrence shown here is synthetic.
pneumonia-para-001,"i have been having the chills, chest pain, no energy, feeling confused and a high temperature for the last few days",pneumonia,paraphrase,pneumonia-comb-001,pneumonia-comb-001,chest pain|chills|confusion|fatigue|fever,CDC Pneumonia About,https://www.cdc.gov/pneumonia/about/index.html,Symptoms,"Common symptoms of pneumonia include: Chest pain when breathing or coughing Altered mental status (confusion) Cough Fatigue (feeling tired) Fever or chills Nausea, vomiting, or diarrhea Shortness of breath",2026-09-19T01:48:31.873308+00:00,"Wording variant of pneumonia-comb-001. Same symptom set, patient-voice phrasing and synonyms only; no clinical content added."
pneumonia-para-002,"i started with a cough, diarrhea, pain in my chest, tiredness, vomiting and feeling feverish for about a week",pneumonia,paraphrase,pneumonia-comb-002,pneumonia-comb-002,chest pain|cough|diarrhea|fatigue|fever|vomiting,CDC Pneumonia About,https://www.cdc.gov/pneumonia/about/index.html,Symptoms,"Common symptoms of pneumonia include: Chest pain when breathing or coughing Altered mental status (confusion) Cough Fatigue (feeling tired) Fever or chills Nausea, vomiting, or diarrhea Shortness of breath",2026-09-19T01:48:31.873308+00:00,"Wording variant of pneumonia-comb-002. Same symptom set, patient-voice phrasing and synonyms only; no clinical content added."
pneumonia-para-003,"i have feeling feverish, altered mental status and vomiting",pneumonia,paraphrase,pneumonia-comb-003,pneumonia-comb-003,confusion|fever|vomiting,CDC Pneumonia About,https://www.cdc.gov/pneumonia/about/index.html,Symptoms,"Common symptoms of pneumonia include: Chest pain when breathing or coughing Altered mental status (confusion) Cough Fatigue (feeling tired) Fever or chills Nausea, vomiting, or diarrhea Shortness of breath",2026-09-19T01:48:31.873308+00:00,"Wording variant of pneumonia-comb-003. Same symptom set, patient-voice phrasing and synonyms only; no clinical content added."
pneumonia-para-004,"my symptoms are the chills, vomiting, no energy and a cough",pneumonia,paraphrase,pneumonia-comb-004,pneumonia-comb-004,chills|cough|fatigue|vomiting,CDC Pneumonia About,https://www.cdc.gov/pneumonia/about/index.html,Symptoms,"Common symptoms of pneumonia include: Chest pain when breathing or coughing Altered mental status (confusion) Cough Fatigue (feeling tired) Fever or chills Nausea, vomiting, or diarrhea Shortness of breath",2026-09-19T01:48:31.873308+00:00,"Wording variant of pneumonia-comb-004. Same symptom set, patient-voice phrasing and synonyms only; no clinical content added."
pneumonia-para-005,"i have been having nausea, vomiting and chest pain for three days",pneumonia,paraphrase,pneumonia-comb-005,pneumonia-comb-005,chest pain|nausea|vomiting,CDC Pneumonia About,https://www.cdc.gov/pneumonia/about/index.html,Symptoms,"Common symptoms of pneumonia include: Chest pain when breathing or coughing Altered mental status (confusion) Cough Fatigue (feeling tired) Fever or chills Nausea, vomiting, or diarrhea Shortness of breath",2026-09-19T01:48:31.873308+00:00,"Wording variant of pneumonia-comb-005. Same symptom set, patient-voice phrasing and synonyms only; no clinical content added."
pneumonia-para-006,"i have a cough, trouble catching my breath, chest pain, a high temperature, chills and altered mental status",pneumonia,paraphrase,pneumonia-comb-006,pneumonia-comb-006,chest pain|chills|confusion|cough|fever|shortness of breath,CDC Pneumonia About,https://www.cdc.gov/pneumonia/about/index.html,Symptoms,"Common symptoms of pneumonia include: Chest pain when breathing or coughing Altered mental status (confusion) Cough Fatigue (feeling tired) Fever or chills Nausea, vomiting, or diarrhea Shortness of breath",2026-09-19T01:48:31.873308+00:00,"Wording variant of pneumonia-comb-006. Same symptom set, patient-voice phrasing and synonyms only; no clinical content added."
pneumonia-para-007,"he has difficulty breathing, altered mental status, diarrhea and throwing up",pneumonia,paraphrase,pneumonia-comb-007,pneumonia-comb-007,confusion|diarrhea|shortness of breath|vomiting,CDC Pneumonia About,https://www.cdc.gov/pneumonia/about/index.html,Symptoms,"Common symptoms of pneumonia include: Chest pain when breathing or coughing Altered mental status (confusion) Cough Fatigue (feeling tired) Fever or chills Nausea, vomiting, or diarrhea Shortness of breath",2026-09-19T01:48:31.873308+00:00,"Wording variant of pneumonia-comb-007. Same symptom set, patient-voice phrasing and synonyms only; no clinical content added."
pneumonia-para-008,"came in complaining of feeling feverish, diarrhea and shortness of breath",pneumonia,paraphrase,pneumonia-comb-008,pneumonia-comb-008,diarrhea|fever|shortness of breath,CDC Pneumonia About,https://www.cdc.gov/pneumonia/about/index.html,Symptoms,"Common symptoms of pneumonia include: Chest pain when breathing or coughing Altered mental status (confusion) Cough Fatigue (feeling tired) Fever or chills Nausea, vomiting, or diarrhea Shortness of breath",2026-09-19T01:48:31.873308+00:00,"Wording variant of pneumonia-comb-008. Same symptom set, patient-voice phrasing and synonyms only; no clinical content added."
pneumonia-para-009,"came in complaining of chest pain, vomiting, no energy, a fever, shortness of breath and chills",pneumonia,paraphrase,pneumonia-comb-009,pneumonia-comb-009,chest pain|chills|fatigue|fever|shortness of breath|vomiting,CDC Pneumonia About,https://www.cdc.gov/pneumonia/about/index.html,Symptoms,"Common symptoms of pneumonia include: Chest pain when breathing or coughing Altered mental status (confusion) Cough Fatigue (feeling tired) Fever or chills Nausea, vomiting, or diarrhea Shortness of breath",2026-09-19T01:48:31.873308+00:00,"Wording variant of pneumonia-comb-009. Same symptom set, patient-voice phrasing and synonyms only; no clinical content added."
pneumonia-para-010,"my symptoms are diarrhea, feeling feverish, altered mental status and coughing",pneumonia,paraphrase,pneumonia-comb-010,pneumonia-comb-010,confusion|cough|diarrhea|fever,CDC Pneumonia About,https://www.cdc.gov/pneumonia/about/index.html,Symptoms,"Common symptoms of pneumonia include: Chest pain when breathing or coughing Altered mental status (confusion) Cough Fatigue (feeling tired) Fever or chills Nausea, vomiting, or diarrhea Shortness of breath",2026-09-19T01:48:31.873308+00:00,"Wording variant of pneumonia-comb-010. Same symptom set, patient-voice phrasing and synonyms only; no clinical content added."
pneumonia-para-011,"came in complaining of diarrhea, shivering, feeling nauseous, coughing, confusion and trouble catching my breath",pneumonia,paraphrase,pneumonia-comb-011,pneumonia-comb-011,chills|confusion|cough|diarrhea|nausea|shortness of breath,CDC Pneumonia About,https://www.cdc.gov/pneumonia/about/index.html,Symptoms,"Common symptoms of pneumonia include: Chest pain when breathing or coughing Altered mental status (confusion) Cough Fatigue (feeling tired) Fever or chills Nausea, vomiting, or diarrhea Shortness of breath",2026-09-19T01:48:31.873308+00:00,"Wording variant of pneumonia-comb-011. Same symptom set, patient-voice phrasing and synonyms only; no clinical content added."
pneumonia-para-012,"my symptoms are pain in my chest, coughing, trouble catching my breath, altered mental status and vomiting",pneumonia,paraphrase,pneumonia-comb-012,pneumonia-comb-012,chest pain|confusion|cough|shortness of breath|vomiting,CDC Pneumonia About,https://www.cdc.gov/pneumonia/about/index.html,Symptoms,"Common symptoms of pneumonia include: Chest pain when breathing or coughing Altered mental status (confusion) Cough Fatigue (feeling tired) Fever or chills Nausea, vomiting, or diarrhea Shortness of breath",2026-09-19T01:48:31.873308+00:00,"Wording variant of pneumonia-comb-012. Same symptom set, patient-voice phrasing and synonyms only; no clinical content added."
pneumonia-para-013,"diarrhea, the chills, a high temperature and feeling tired for several days now",pneumonia,paraphrase,pneumonia-comb-013,pneumonia-comb-013,chills|diarrhea|fatigue|fever,CDC Pneumonia About,https://www.cdc.gov/pneumonia/about/index.html,Symptoms,"Common symptoms of pneumonia include: Chest pain when breathing or coughing Altered mental status (confusion) Cough Fatigue (feeling tired) Fever or chills Nausea, vomiting, or diarrhea Shortness of breath",2026-09-19T01:48:31.873308+00:00,"Wording variant of pneumonia-comb-013. Same symptom set, patient-voice phrasing and synonyms only; no clinical content added."
pneumonia-para-014,"i have had fatigue, feeling sick to my stomach, loose stools, a high temperature, shortness of breath and coughing for the past two days",pneumonia,paraphrase,pneumonia-comb-014,pneumonia-comb-014,cough|diarrhea|fatigue|fever|nausea|shortness of breath,CDC Pneumonia About,https://www.cdc.gov/pneumonia/about/index.html,Symptoms,"Common symptoms of pneumonia include: Chest pain when breathing or coughing Altered mental status (confusion) Cough Fatigue (feeling tired) Fever or chills Nausea, vomiting, or diarrhea Shortness of breath",2026-09-19T01:48:31.873308+00:00,"Wording variant of pneumonia-comb-014. Same symptom set, patient-voice phrasing and synonyms only; no clinical content added."
pneumonia-para-015,"my child has pain in my chest, feeling nauseous, throwing up, a cough, confusion and chills",pneumonia,paraphrase,pneumonia-comb-015,pneumonia-comb-015,chest pain|chills|confusion|cough|nausea|vomiting,CDC Pneumonia About,https://www.cdc.gov/pneumonia/about/index.html,Symptoms,"Common symptoms of pneumonia include: Chest pain when breathing or coughing Altered mental status (confusion) Cough Fatigue (feeling tired) Fever or chills Nausea, vomiting, or diarrhea Shortness of breath",2026-09-19T01:48:31.873308+00:00,"Wording variant of pneumonia-comb-015. Same symptom set, patient-voice phrasing and synonyms only; no clinical content added."
pneumonia-para-016,"patient reports no energy, coughing, trouble catching my breath, a fever and feeling sick to my stomach",pneumonia,paraphrase,pneumonia-comb-016,pneumonia-comb-016,cough|fatigue|fever|nausea|shortness of breath,CDC Pneumonia About,https://www.cdc.gov/pneumonia/about/index.html,Symptoms,"Common symptoms of pneumonia include: Chest pain when breathing or coughing Altered mental status (confusion) Cough Fatigue (feeling tired) Fever or chills Nausea, vomiting, or diarrhea Shortness of breath",2026-09-19T01:48:31.873308+00:00,"Wording variant of pneumonia-comb-016. Same symptom set, patient-voice phrasing and synonyms only; no clinical content added."
pneumonia-para-017,"i started with a fever, nausea, vomiting, fatigue, loose stools, the chills, pain in my chest, confusion, difficulty breathing and coughing for the past two days",pneumonia,paraphrase,pneumonia-src-001,pneumonia-src-001,chest pain|chills|confusion|cough|diarrhea|fatigue|fever|nausea|shortness of breath|vomiting,CDC Pneumonia About,https://www.cdc.gov/pneumonia/about/index.html,Symptoms,"Common symptoms of pneumonia include: Chest pain when breathing or coughing Altered mental status (confusion) Cough Fatigue (feeling tired) Fever or chills Nausea, vomiting, or diarrhea Shortness of breath",2026-09-19T01:48:31.873308+00:00,"Wording variant of pneumonia-src-001. Same symptom set, patient-voice phrasing and synonyms only; no clinical content added."
pneumonia-para-018,"my child has altered mental status, feeling feverish, feeling tired, pain in my chest and chills",pneumonia,paraphrase,pneumonia-comb-001,pneumonia-comb-001,chest pain|chills|confusion|fatigue|fever,CDC Pneumonia About,https://www.cdc.gov/pneumonia/about/index.html,Symptoms,"Common symptoms of pneumonia include: Chest pain when breathing or coughing Altered mental status (confusion) Cough Fatigue (feeling tired) Fever or chills Nausea, vomiting, or diarrhea Shortness of breath",2026-09-19T01:48:31.873308+00:00,"Wording variant of pneumonia-comb-001. Same symptom set, patient-voice phrasing and synonyms only; no clinical content added."
pneumonia-para-019,"i have had loose stools, pain in my chest, vomiting, a cough, a high temperature and no energy since yesterday",pneumonia,paraphrase,pneumonia-comb-002,pneumonia-comb-002,chest pain|cough|diarrhea|fatigue|fever|vomiting,CDC Pneumonia About,https://www.cdc.gov/pneumonia/about/index.html,Symptoms,"Common symptoms of pneumonia include: Chest pain when breathing or coughing Altered mental status (confusion) Cough Fatigue (feeling tired) Fever or chills Nausea, vomiting, or diarrhea Shortness of breath",2026-09-19T01:48:31.873308+00:00,"Wording variant of pneumonia-comb-002. Same symptom set, patient-voice phrasing and synonyms only; no clinical content added."
pneumonia-para-020,"vomiting, altered mental status and a fever for about a week",pneumonia,paraphrase,pneumonia-comb-003,pneumonia-comb-003,confusion|fever|vomiting,CDC Pneumonia About,https://www.cdc.gov/pneumonia/about/index.html,Symptoms,"Common symptoms of pneumonia include: Chest pain when breathing or coughing Altered mental status (confusion) Cough Fatigue (feeling tired) Fever or chills Nausea, vomiting, or diarrhea Shortness of breath",2026-09-19T01:48:31.873308+00:00,"Wording variant of pneumonia-comb-003. Same symptom set, patient-voice phrasing and synonyms only; no clinical content added."
pneumonia-para-021,"i have had vomiting, coughing, feeling tired and the chills for about a week",pneumonia,paraphrase,pneumonia-comb-004,pneumonia-comb-004,chills|cough|fatigue|vomiting,CDC Pneumonia About,https://www.cdc.gov/pneumonia/about/index.html,Symptoms,"Common symptoms of pneumonia include: Chest pain when breathing or coughing Altered mental status (confusion) Cough Fatigue (feeling tired) Fever or chills Nausea, vomiting, or diarrhea Shortness of breath",2026-09-19T01:48:31.873308+00:00,"Wording variant of pneumonia-comb-004. Same symptom set, patient-voice phrasing and synonyms only; no clinical content added."
pneumonia-para-022,"pain in my chest, vomiting and nausea for several days now",pneumonia,paraphrase,pneumonia-comb-005,pneumonia-comb-005,chest pain|nausea|vomiting,CDC Pneumonia About,https://www.cdc.gov/pneumonia/about/index.html,Symptoms,"Common symptoms of pneumonia include: Chest pain when breathing or coughing Altered mental status (confusion) Cough Fatigue (feeling tired) Fever or chills Nausea, vomiting, or diarrhea Shortness of breath",2026-09-19T01:48:31.873308+00:00,"Wording variant of pneumonia-comb-005. Same symptom set, patient-voice phrasing and synonyms only; no clinical content added."
pneumonia-para-023,"she has had altered mental status, pain in my chest, coughing, a fever, shortness of breath and the chills for the past two days",pneumonia,paraphrase,pneumonia-comb-006,pneumonia-comb-006,chest pain|chills|confusion|cough|fever|shortness of breath,CDC Pneumonia About,https://www.cdc.gov/pneumonia/about/index.html,Symptoms,"Common symptoms of pneumonia include: Chest pain when breathing or coughing Altered mental status (confusion) Cough Fatigue (feeling tired) Fever or chills Nausea, vomiting, or diarrhea Shortness of breath",2026-09-19T01:48:31.873308+00:00,"Wording variant of pneumonia-comb-006. Same symptom set, patient-voice phrasing and synonyms only; no clinical content added."
pneumonia-para-024,"came in complaining of altered mental status, vomiting, loose stools and difficulty breathing",pneumonia,paraphrase,pneumonia-comb-007,pneumonia-comb-007,confusion|diarrhea|shortness of breath|vomiting,CDC Pneumonia About,https://www.cdc.gov/pneumonia/about/index.html,Symptoms,"Common symptoms of pneumonia include: Chest pain when breathing or coughing Altered mental status (confusion) Cough Fatigue (feeling tired) Fever or chills Nausea, vomiting, or diarrhea Shortness of breath",2026-09-19T01:48:31.873308+00:00,"Wording variant of pneumonia-comb-007. Same symptom set, patient-voice phrasing and synonyms only; no clinical content added."
pneumonia-para-025,"my symptoms are loose stools, shortness of breath and a fever",pneumonia,paraphrase,pneumonia-comb-008,pneumonia-comb-008,diarrhea|fever|shortness of breath,CDC Pneumonia About,https://www.cdc.gov/pneumonia/about/index.html,Symptoms,"Common symptoms of pneumonia include: Chest pain when breathing or coughing Altered mental status (confusion) Cough Fatigue (feeling tired) Fever or chills Nausea, vomiting, or diarrhea Shortness of breath",2026-09-19T01:48:31.873308+00:00,"Wording variant of pneumonia-comb-008. Same symptom set, patient-voice phrasing and synonyms only; no clinical content added."
pneumonia-para-026,"she has had pain in my chest, vomiting, trouble catching my breath, chills, feeling tired and feeling feverish for about a week",pneumonia,paraphrase,pneumonia-comb-009,pneumonia-comb-009,chest pain|chills|fatigue|fever|shortness of breath|vomiting,CDC Pneumonia About,https://www.cdc.gov/pneumonia/about/index.html,Symptoms,"Common symptoms of pneumonia include: Chest pain when breathing or coughing Altered mental status (confusion) Cough Fatigue (feeling tired) Fever or chills Nausea, vomiting, or diarrhea Shortness of breath",2026-09-19T01:48:31.873308+00:00,"Wording variant of pneumonia-comb-009. Same symptom set, patient-voice phrasing and synonyms only; no clinical content added."
pneumonia-src-001,chest pain coughing altered mental status feeling tired fever chills nausea vomiting diarrhea shortness of breath,pneumonia,source,,pneumonia-src-001,chest pain|chills|confusion|cough|diarrhea|fatigue|fever|nausea|shortness of breath|vomiting,CDC Pneumonia About,https://www.cdc.gov/pneumonia/about/index.html,Symptoms,"Common symptoms of pneumonia include: Chest pain when breathing or coughing Altered mental status (confusion) Cough Fatigue (feeling tired) Fever or chills Nausea, vomiting, or diarrhea Shortness of breath",2026-09-19T01:48:31.873308+00:00,"Full symptom set attested by the 'Symptoms' section of CDC Pneumonia About, in the order the passage lists them."
pneumonia-comb-001,chest pain altered mental status feeling tired fever chills,pneumonia,source_combination,,pneumonia-comb-001,chest pain|chills|confusion|fatigue|fever,CDC Pneumonia About,https://www.cdc.gov/pneumonia/about/index.html,Symptoms,"Common symptoms of pneumonia include: Chest pain when breathing or coughing Altered mental status (confusion) Cough Fatigue (feeling tired) Fever or chills Nausea, vomiting, or diarrhea Shortness of breath",2026-09-19T01:48:31.873308+00:00,Subset of the symptoms attested by the 'Symptoms' section of CDC Pneumonia About. Every term appears in source_quote; the co-occurrence shown here is synthetic.
pneumonia-comb-002,chest pain coughing feeling tired fever vomiting diarrhea,pneumonia,source_combination,,pneumonia-comb-002,chest pain|cough|diarrhea|fatigue|fever|vomiting,CDC Pneumonia About,https://www.cdc.gov/pneumonia/about/index.html,Symptoms,"Common symptoms of pneumonia include: Chest pain when breathing or coughing Altered mental status (confusion) Cough Fatigue (feeling tired) Fever or chills Nausea, vomiting, or diarrhea Shortness of breath",2026-09-19T01:48:31.873308+00:00,Subset of the symptoms attested by the 'Symptoms' section of CDC Pneumonia About. Every term appears in source_quote; the co-occurrence shown here is synthetic.
pneumonia-comb-003,altered mental status fever vomiting,pneumonia,source_combination,,pneumonia-comb-003,confusion|fever|vomiting,CDC Pneumonia About,https://www.cdc.gov/pneumonia/about/index.html,Symptoms,"Common symptoms of pneumonia include: Chest pain when breathing or coughing Altered mental status (confusion) Cough Fatigue (feeling tired) Fever or chills Nausea, vomiting, or diarrhea Shortness of breath",2026-09-19T01:48:31.873308+00:00,Subset of the symptoms attested by the 'Symptoms' section of CDC Pneumonia About. Every term appears in source_quote; the co-occurrence shown here is synthetic.
pneumonia-comb-004,coughing feeling tired chills vomiting,pneumonia,source_combination,,pneumonia-comb-004,chills|cough|fatigue|vomiting,CDC Pneumonia About,https://www.cdc.gov/pneumonia/about/index.html,Symptoms,"Common symptoms of pneumonia include: Chest pain when breathing or coughing Altered mental status (confusion) Cough Fatigue (feeling tired) Fever or chills Nausea, vomiting, or diarrhea Shortness of breath",2026-09-19T01:48:31.873308+00:00,Subset of the symptoms attested by the 'Symptoms' section of CDC Pneumonia About. Every term appears in source_quote; the co-occurrence shown here is synthetic.
pneumonia-comb-005,chest pain nausea vomiting,pneumonia,source_combination,,pneumonia-comb-005,chest pain|nausea|vomiting,CDC Pneumonia About,https://www.cdc.gov/pneumonia/about/index.html,Symptoms,"Common symptoms of pneumonia include: Chest pain when breathing or coughing Altered mental status (confusion) Cough Fatigue (feeling tired) Fever or chills Nausea, vomiting, or diarrhea Shortness of breath",2026-09-19T01:48:31.873308+00:00,Subset of the symptoms attested by the 'Symptoms' section of CDC Pneumonia About. Every term appears in source_quote; the co-occurrence shown here is synthetic.
pneumonia-comb-006,chest pain coughing altered mental status fever chills shortness of breath,pneumonia,source_combination,,pneumonia-comb-006,chest pain|chills|confusion|cough|fever|shortness of breath,CDC Pneumonia About,https://www.cdc.gov/pneumonia/about/index.html,Symptoms,"Common symptoms of pneumonia include: Chest pain when breathing or coughing Altered mental status (confusion) Cough Fatigue (feeling tired) Fever or chills Nausea, vomiting, or diarrhea Shortness of breath",2026-09-19T01:48:31.873308+00:00,Subset of the symptoms attested by the 'Symptoms' section of CDC Pneumonia About. Every term appears in source_quote; the co-occurrence shown here is synthetic.
pneumonia-comb-007,altered mental status vomiting diarrhea shortness of breath,pneumonia,source_combination,,pneumonia-comb-007,confusion|diarrhea|shortness of breath|vomiting,CDC Pneumonia About,https://www.cdc.gov/pneumonia/about/index.html,Symptoms,"Common symptoms of pneumonia include: Chest pain when breathing or coughing Altered mental status (confusion) Cough Fatigue (feeling tired) Fever or chills Nausea, vomiting, or diarrhea Shortness of breath",2026-09-19T01:48:31.873308+00:00,Subset of the symptoms attested by the 'Symptoms' section of CDC Pneumonia About. Every term appears in source_quote; the co-occurrence shown here is synthetic.
pneumonia-comb-008,fever diarrhea shortness of breath,pneumonia,source_combination,,pneumonia-comb-008,diarrhea|fever|shortness of breath,CDC Pneumonia About,https://www.cdc.gov/pneumonia/about/index.html,Symptoms,"Common symptoms of pneumonia include: Chest pain when breathing or coughing Altered mental status (confusion) Cough Fatigue (feeling tired) Fever or chills Nausea, vomiting, or diarrhea Shortness of breath",2026-09-19T01:48:31.873308+00:00,Subset of the symptoms attested by the 'Symptoms' section of CDC Pneumonia About. Every term appears in source_quote; the co-occurrence shown here is synthetic.
pneumonia-comb-009,chest pain feeling tired fever chills vomiting shortness of breath,pneumonia,source_combination,,pneumonia-comb-009,chest pain|chills|fatigue|fever|shortness of breath|vomiting,CDC Pneumonia About,https://www.cdc.gov/pneumonia/about/index.html,Symptoms,"Common symptoms of pneumonia include: Chest pain when breathing or coughing Altered mental status (confusion) Cough Fatigue (feeling tired) Fever or chills Nausea, vomiting, or diarrhea Shortness of breath",2026-09-19T01:48:31.873308+00:00,Subset of the symptoms attested by the 'Symptoms' section of CDC Pneumonia About. Every term appears in source_quote; the co-occurrence shown here is synthetic.
pneumonia-comb-010,coughing altered mental status fever diarrhea,pneumonia,source_combination,,pneumonia-comb-010,confusion|cough|diarrhea|fever,CDC Pneumonia About,https://www.cdc.gov/pneumonia/about/index.html,Symptoms,"Common symptoms of pneumonia include: Chest pain when breathing or coughing Altered mental status (confusion) Cough Fatigue (feeling tired) Fever or chills Nausea, vomiting, or diarrhea Shortness of breath",2026-09-19T01:48:31.873308+00:00,Subset of the symptoms attested by the 'Symptoms' section of CDC Pneumonia About. Every term appears in source_quote; the co-occurrence shown here is synthetic.
pneumonia-comb-011,coughing altered mental status chills nausea diarrhea shortness of breath,pneumonia,source_combination,,pneumonia-comb-011,chills|confusion|cough|diarrhea|nausea|shortness of breath,CDC Pneumonia About,https://www.cdc.gov/pneumonia/about/index.html,Symptoms,"Common symptoms of pneumonia include: Chest pain when breathing or coughing Altered mental status (confusion) Cough Fatigue (feeling tired) Fever or chills Nausea, vomiting, or diarrhea Shortness of breath",2026-09-19T01:48:31.873308+00:00,Subset of the symptoms attested by the 'Symptoms' section of CDC Pneumonia About. Every term appears in source_quote; the co-occurrence shown here is synthetic.
pneumonia-comb-012,chest pain coughing altered mental status vomiting shortness of breath,pneumonia,source_combination,,pneumonia-comb-012,chest pain|confusion|cough|shortness of breath|vomiting,CDC Pneumonia About,https://www.cdc.gov/pneumonia/about/index.html,Symptoms,"Common symptoms of pneumonia include: Chest pain when breathing or coughing Altered mental status (confusion) Cough Fatigue (feeling tired) Fever or chills Nausea, vomiting, or diarrhea Shortness of breath",2026-09-19T01:48:31.873308+00:00,Subset of the symptoms attested by the 'Symptoms' section of CDC Pneumonia About. Every term appears in source_quote; the co-occurrence shown here is synthetic.
pneumonia-comb-013,feeling tired fever chills diarrhea,pneumonia,source_combination,,pneumonia-comb-013,chills|diarrhea|fatigue|fever,CDC Pneumonia About,https://www.cdc.gov/pneumonia/about/index.html,Symptoms,"Common symptoms of pneumonia include: Chest pain when breathing or coughing Altered mental status (confusion) Cough Fatigue (feeling tired) Fever or chills Nausea, vomiting, or diarrhea Shortness of breath",2026-09-19T01:48:31.873308+00:00,Subset of the symptoms attested by the 'Symptoms' section of CDC Pneumonia About. Every term appears in source_quote; the co-occurrence shown here is synthetic.
pneumonia-comb-014,coughing feeling tired fever nausea diarrhea shortness of breath,pneumonia,source_combination,,pneumonia-comb-014,cough|diarrhea|fatigue|fever|nausea|shortness of breath,CDC Pneumonia About,https://www.cdc.gov/pneumonia/about/index.html,Symptoms,"Common symptoms of pneumonia include: Chest pain when breathing or coughing Altered mental status (confusion) Cough Fatigue (feeling tired) Fever or chills Nausea, vomiting, or diarrhea Shortness of breath",2026-09-19T01:48:31.873308+00:00,Subset of the symptoms attested by the 'Symptoms' section of CDC Pneumonia About. Every term appears in source_quote; the co-occurrence shown here is synthetic.
pneumonia-comb-015,chest pain coughing altered mental status chills nausea vomiting,pneumonia,source_combination,,pneumonia-comb-015,chest pain|chills|confusion|cough|nausea|vomiting,CDC Pneumonia About,https://www.cdc.gov/pneumonia/about/index.html,Symptoms,"Common symptoms of pneumonia include: Chest pain when breathing or coughing Altered mental status (confusion) Cough Fatigue (feeling tired) Fever or chills Nausea, vomiting, or diarrhea Shortness of breath",2026-09-19T01:48:31.873308+00:00,Subset of the symptoms attested by the 'Symptoms' section of CDC Pneumonia About. Every term appears in source_quote; the co-occurrence shown here is synthetic.
pneumonia-comb-016,coughing feeling tired fever nausea shortness of breath,pneumonia,source_combination,,pneumonia-comb-016,cough|fatigue|fever|nausea|shortness of breath,CDC Pneumonia About,https://www.cdc.gov/pneumonia/about/index.html,Symptoms,"Common symptoms of pneumonia include: Chest pain when breathing or coughing Altered mental status (confusion) Cough Fatigue (feeling tired) Fever or chills Nausea, vomiting, or diarrhea Shortness of breath",2026-09-19T01:48:31.873308+00:00,Subset of the symptoms attested by the 'Symptoms' section of CDC Pneumonia About. Every term appears in source_quote; the co-occurrence shown here is synthetic.
tuberculosis-para-001,"i am experiencing a fever, night sweats, weight loss, coughing, no energy, blood in my sputum and pain in my chest",tuberculosis,paraphrase,tuberculosis-src-002,tuberculosis-src-002,blood in sputum|chest pain|cough|fatigue|fever|night sweats|weight loss,WHO Tuberculosis Fact Sheet,https://www.who.int/news-room/fact-sheets/detail/tuberculosis,Symptoms,"In general, people with TB infection don’t feel sick and are not contagious. Only a small proportion of people who get infected with TB will get TB disease and develop symptoms. Babies and children are at higher risk of developing the disease if they are infected. TB disease occurs when bacteria multiply in the body and affect different organs. TB symptoms may be mild for many months, so it is easy to spread TB to others without knowing it. Symptoms depend on which part of the body is affected. While TB usually affects the lungs, it can also affect the kidneys, brain, and spine. Some people with TB disease do not have any symptoms but can still spread TB. Common symptoms of TB are: prolonged cough (sometimes with blood); chest pain; weakness; fatigue; weight loss; fever; and night sweats The symptoms people get depend on which part of the body is affected by TB. While TB usually affects the lungs, it can also involve the kidneys, brain, spine and skin.",2026-09-19T01:48:35.877169+00:00,"Wording variant of tuberculosis-src-002. Same symptom set, patient-voice phrasing and synonyms only; no clinical content added."
tuberculosis-para-002,"feeling feverish, losing weight, tiredness, a cough and chest pain for the past two days",tuberculosis,paraphrase,tuberculosis-comb-001,tuberculosis-comb-001,chest pain|cough|fatigue|fever|weight loss,WHO Tuberculosis Fact Sheet,https://www.who.int/news-room/fact-sheets/detail/tuberculosis,Symptoms,"In general, people with TB infection don’t feel sick and are not contagious. Only a small proportion of people who get infected with TB will get TB disease and develop symptoms. Babies and children are at higher risk of developing the disease if they are infected. TB disease occurs when bacteria multiply in the body and affect different organs. TB symptoms may be mild for many months, so it is easy to spread TB to others without knowing it. Symptoms depend on which part of the body is affected. While TB usually affects the lungs, it can also affect the kidneys, brain, and spine. Some people with TB disease do not have any symptoms but can still spread TB. Common symptoms of TB are: prolonged cough (sometimes with blood); chest pain; weakness; fatigue; weight loss; fever; and night sweats The symptoms people get depend on which part of the body is affected by TB. While TB usually affects the lungs, it can also involve the kidneys, brain, spine and skin.",2026-09-19T01:48:35.877169+00:00,"Wording variant of tuberculosis-comb-001. Same symptom set, patient-voice phrasing and synonyms only; no clinical content added."
tuberculosis-para-003,"patient reports pain in my chest, loss of appetite, night sweats and losing weight",tuberculosis,paraphrase,tuberculosis-comb-002,tuberculosis-comb-002,chest pain|loss of appetite|night sweats|weight loss,CDC About Tuberculosis,https://www.cdc.gov/tb/about/index.html,Symptoms of active TB disease include:,"A cough that lasts three weeks or longer Chest pain Coughing up blood or sputum (phlegm from deep inside the lungs) Weakness or fatigue Weight loss Loss of appetite Chills Fever Night sweats People with inactive TB do not have symptoms. However, without treatment, they can develop active TB disease and become sick.",2026-09-19T01:48:33.797955+00:00,"Wording variant of tuberculosis-comb-002. Same symptom set, patient-voice phrasing and synonyms only; no clinical content added."
tuberculosis-para-004,"i am experiencing a high temperature, chest pain, waking up sweating at night, coughing, weight loss and coughing up blood",tuberculosis,paraphrase,tuberculosis-comb-003,tuberculosis-comb-003,blood in sputum|chest pain|cough|fever|night sweats|weight loss,WHO Tuberculosis Fact Sheet,https://www.who.int/news-room/fact-sheets/detail/tuberculosis,Symptoms,"In general, people with TB infection don’t feel sick and are not contagious. Only a small proportion of people who get infected with TB will get TB disease and develop symptoms. Babies and children are at higher risk of developing the disease if they are infected. TB disease occurs when bacteria multiply in the body and affect different organs. TB symptoms may be mild for many months, so it is easy to spread TB to others without knowing it. Symptoms depend on which part of the body is affected. While TB usually affects the lungs, it can also affect the kidneys, brain, and spine. Some people with TB disease do not have any symptoms but can still spread TB. Common symptoms of TB are: prolonged cough (sometimes with blood); chest pain; weakness; fatigue; weight loss; fever; and night sweats The symptoms people get depend on which part of the body is affected by TB. While TB usually affects the lungs, it can also involve the kidneys, brain, spine and skin.",2026-09-19T01:48:35.877169+00:00,"Wording variant of tuberculosis-comb-003. Same symptom set, patient-voice phrasing and synonyms only; no clinical content added."
tuberculosis-para-005,"my symptoms are fatigue, pain in my chest, loss of appetite, coughing and waking up sweating at night",tuberculosis,paraphrase,tuberculosis-comb-004,tuberculosis-comb-004,chest pain|cough|fatigue|loss of appetite|night sweats,CDC About Tuberculosis,https://www.cdc.gov/tb/about/index.html,Symptoms of active TB disease include:,"A cough that lasts three weeks or longer Chest pain Coughing up blood or sputum (phlegm from deep inside the lungs) Weakness or fatigue Weight loss Loss of appetite Chills Fever Night sweats People with inactive TB do not have symptoms. However, without treatment, they can develop active TB disease and become sick.",2026-09-19T01:48:33.797955+00:00,"Wording variant of tuberculosis-comb-004. Same symptom set, patient-voice phrasing and synonyms only; no clinical content added."
tuberculosis-para-006,"feeling tired, a high temperature, blood in my sputum, weight loss, night sweats and coughing for the past two days",tuberculosis,paraphrase,tuberculosis-comb-005,tuberculosis-comb-005,blood in sputum|cough|fatigue|fever|night sweats|weight loss,WHO Tuberculosis Fact Sheet,https://www.who.int/news-room/fact-sheets/detail/tuberculosis,Symptoms,"In general, people with TB infection don’t feel sick and are not contagious. Only a small proportion of people who get infected with TB will get TB disease and develop symptoms. Babies and children are at higher risk of developing the disease if they are infected. TB disease occurs when bacteria multiply in the body and affect different organs. TB symptoms may be mild for many months, so it is easy to spread TB to others without knowing it. Symptoms depend on which part of the body is affected. While TB usually affects the lungs, it can also affect the kidneys, brain, and spine. Some people with TB disease do not have any symptoms but can still spread TB. Common symptoms of TB are: prolonged cough (sometimes with blood); chest pain; weakness; fatigue; weight loss; fever; and night sweats The symptoms people get depend on which part of the body is affected by TB. While TB usually affects the lungs, it can also involve the kidneys, brain, spine and skin.",2026-09-19T01:48:35.877169+00:00,"Wording variant of tuberculosis-comb-005. Same symptom set, patient-voice phrasing and synonyms only; no clinical content added."
tuberculosis-para-007,"patient reports blood in my sputum, weight loss, pain in my chest, coughing and sweating at night",tuberculosis,paraphrase,tuberculosis-comb-006,tuberculosis-comb-006,blood in sputum|chest pain|cough|night sweats|weight loss,CDC About Tuberculosis,https://www.cdc.gov/tb/about/index.html,Symptoms of active TB disease include:,"A cough that lasts three weeks or longer Chest pain Coughing up blood or sputum (phlegm from deep inside the lungs) Weakness or fatigue Weight loss Loss of appetite Chills Fever Night sweats People with inactive TB do not have symptoms. However, without treatment, they can develop active TB disease and become sick.",2026-09-19T01:48:33.797955+00:00,"Wording variant of tuberculosis-comb-006. Same symptom set, patient-voice phrasing and synonyms only; no clinical content added."
tuberculosis-para-008,"i have been having coughing, no appetite, pain in my chest, sweating at night, feeling tired and a high temperature since yesterday",tuberculosis,paraphrase,tuberculosis-comb-007,tuberculosis-comb-007,chest pain|cough|fatigue|fever|loss of appetite|night sweats,CDC About Tuberculosis,https://www.cdc.gov/tb/about/index.html,Symptoms of active TB disease include:,"A cough that lasts three weeks or longer Chest pain Coughing up blood or sputum (phlegm from deep inside the lungs) Weakness or fatigue Weight loss Loss of appetite Chills Fever Night sweats People with inactive TB do not have symptoms. However, without treatment, they can develop active TB disease and become sick.",2026-09-19T01:48:33.797955+00:00,"Wording variant of tuberculosis-comb-007. Same symptom set, patient-voice phrasing and synonyms only; no clinical content added."
tuberculosis-para-009,"she has had coughing up blood, a cough, sweating at night, not wanting to eat, a fever and pain in my chest for three days",tuberculosis,paraphrase,tuberculosis-comb-008,tuberculosis-comb-008,blood in sputum|chest pain|cough|fever|loss of appetite|night sweats,CDC About Tuberculosis,https://www.cdc.gov/tb/about/index.html,Symptoms of active TB disease include:,"A cough that lasts three weeks or longer Chest pain Coughing up blood or sputum (phlegm from deep inside the lungs) Weakness or fatigue Weight loss Loss of appetite Chills Fever Night sweats People with inactive TB do not have symptoms. However, without treatment, they can develop active TB disease and become sick.",2026-09-19T01:48:33.797955+00:00,"Wording variant of tuberculosis-comb-008. Same symptom set, patient-voice phrasing and synonyms only; no clinical content added."
tuberculosis-para-010,"i started with losing weight, no energy and pain in my chest for the past two days",tuberculosis,paraphrase,tuberculosis-comb-009,tuberculosis-comb-009,chest pain|fatigue|weight loss,WHO Tuberculosis Fact Sheet,https://www.who.int/news-room/fact-sheets/detail/tuberculosis,Symptoms,"In general, people with TB infection don’t feel sick and are not contagious. Only a small proportion of people who get infected with TB will get TB disease and develop symptoms. Babies and children are at higher risk of developing the disease if they are infected. TB disease occurs when bacteria multiply in the body and affect different organs. TB symptoms may be mild for many months, so it is easy to spread TB to others without knowing it. Symptoms depend on which part of the body is affected. While TB usually affects the lungs, it can also affect the kidneys, brain, and spine. Some people with TB disease do not have any symptoms but can still spread TB. Common symptoms of TB are: prolonged cough (sometimes with blood); chest pain; weakness; fatigue; weight loss; fever; and night sweats The symptoms people get depend on which part of the body is affected by TB. While TB usually affects the lungs, it can also involve the kidneys, brain, spine and skin.",2026-09-19T01:48:35.877169+00:00,"Wording variant of tuberculosis-comb-009. Same symptom set, patient-voice phrasing and synonyms only; no clinical content added."
tuberculosis-para-011,"no appetite, a cough, waking up sweating at night, blood in my sputum and feeling tired for three days",tuberculosis,paraphrase,tuberculosis-comb-010,tuberculosis-comb-010,blood in sputum|cough|fatigue|loss of appetite|night sweats,CDC About Tuberculosis,https://www.cdc.gov/tb/about/index.html,Symptoms of active TB disease include:,"A cough that lasts three weeks or longer Chest pain Coughing up blood or sputum (phlegm from deep inside the lungs) Weakness or fatigue Weight loss Loss of appetite Chills Fever Night sweats People with inactive TB do not have symptoms. However, without treatment, they can develop active TB disease and become sick.",2026-09-19T01:48:33.797955+00:00,"Wording variant of tuberculosis-comb-010. Same symptom set, patient-voice phrasing and synonyms only; no clinical content added."
tuberculosis-para-012,"feeling tired, night sweats, coughing, the chills, losing weight and chest pain for the last few days",tuberculosis,paraphrase,tuberculosis-comb-011,tuberculosis-comb-011,chest pain|chills|cough|fatigue|night sweats|weight loss,CDC About Tuberculosis,https://www.cdc.gov/tb/about/index.html,Symptoms of active TB disease include:,"A cough that lasts three weeks or longer Chest pain Coughing up blood or sputum (phlegm from deep inside the lungs) Weakness or fatigue Weight loss Loss of appetite Chills Fever Night sweats People with inactive TB do not have symptoms. However, without treatment, they can develop active TB disease and become sick.",2026-09-19T01:48:33.797955+00:00,"Wording variant of tuberculosis-comb-011. Same symptom set, patient-voice phrasing and synonyms only; no clinical content added."
tuberculosis-para-013,"i have had coughing up blood, coughing, waking up sweating at night, feeling tired, loss of appetite and a high temperature for several days now",tuberculosis,paraphrase,tuberculosis-comb-012,tuberculosis-comb-012,blood in sputum|cough|fatigue|fever|loss of appetite|night sweats,CDC About Tuberculosis,https://www.cdc.gov/tb/about/index.html,Symptoms of active TB disease include:,"A cough that lasts three weeks or longer Chest pain Coughing up blood or sputum (phlegm from deep inside the lungs) Weakness or fatigue Weight loss Loss of appetite Chills Fever Night sweats People with inactive TB do not have symptoms. However, without treatment, they can develop active TB disease and become sick.",2026-09-19T01:48:33.797955+00:00,"Wording variant of tuberculosis-comb-012. Same symptom set, patient-voice phrasing and synonyms only; no clinical content added."
tuberculosis-para-014,"came in complaining of feeling tired, pain in my chest, a cough and losing weight",tuberculosis,paraphrase,tuberculosis-comb-013,tuberculosis-comb-013,chest pain|cough|fatigue|weight loss,WHO Tuberculosis Fact Sheet,https://www.who.int/news-room/fact-sheets/detail/tuberculosis,Symptoms,"In general, people with TB infection don’t feel sick and are not contagious. Only a small proportion of people who get infected with TB will get TB disease and develop symptoms. Babies and children are at higher risk of developing the disease if they are infected. TB disease occurs when bacteria multiply in the body and affect different organs. TB symptoms may be mild for many months, so it is easy to spread TB to others without knowing it. Symptoms depend on which part of the body is affected. While TB usually affects the lungs, it can also affect the kidneys, brain, and spine. Some people with TB disease do not have any symptoms but can still spread TB. Common symptoms of TB are: prolonged cough (sometimes with blood); chest pain; weakness; fatigue; weight loss; fever; and night sweats The symptoms people get depend on which part of the body is affected by TB. While TB usually affects the lungs, it can also involve the kidneys, brain, spine and skin.",2026-09-19T01:48:35.877169+00:00,"Wording variant of tuberculosis-comb-013. Same symptom set, patient-voice phrasing and synonyms only; no clinical content added."
tuberculosis-para-015,"i have been having loss of appetite, a fever, losing weight, a cough, tiredness and blood in my sputum for several days now",tuberculosis,paraphrase,tuberculosis-comb-014,tuberculosis-comb-014,blood in sputum|cough|fatigue|fever|loss of appetite|weight loss,CDC About Tuberculosis,https://www.cdc.gov/tb/about/index.html,Symptoms of active TB disease include:,"A cough that lasts three weeks or longer Chest pain Coughing up blood or sputum (phlegm from deep inside the lungs) Weakness or fatigue Weight loss Loss of appetite Chills Fever Night sweats People with inactive TB do not have symptoms. However, without treatment, they can develop active TB disease and become sick.",2026-09-19T01:48:33.797955+00:00,"Wording variant of tuberculosis-comb-014. Same symptom set, patient-voice phrasing and synonyms only; no clinical content added."
tuberculosis-para-016,"no energy, chest pain, coughing up blood, a fever and sweating at night for three days",tuberculosis,paraphrase,tuberculosis-comb-015,tuberculosis-comb-015,blood in sputum|chest pain|fatigue|fever|night sweats,WHO Tuberculosis Fact Sheet,https://www.who.int/news-room/fact-sheets/detail/tuberculosis,Symptoms,"In general, people with TB infection don’t feel sick and are not contagious. Only a small proportion of people who get infected with TB will get TB disease and develop symptoms. Babies and children are at higher risk of developing the disease if they are infected. TB disease occurs when bacteria multiply in the body and affect different organs. TB symptoms may be mild for many months, so it is easy to spread TB to others without knowing it. Symptoms depend on which part of the body is affected. While TB usually affects the lungs, it can also affect the kidneys, brain, and spine. Some people with TB disease do not have any symptoms but can still spread TB. Common symptoms of TB are: prolonged cough (sometimes with blood); chest pain; weakness; fatigue; weight loss; fever; and night sweats The symptoms people get depend on which part of the body is affected by TB. While TB usually affects the lungs, it can also involve the kidneys, brain, spine and skin.",2026-09-19T01:48:35.877169+00:00,"Wording variant of tuberculosis-comb-015. Same symptom set, patient-voice phrasing and synonyms only; no clinical content added."
tuberculosis-para-017,"patient reports blood in my sputum, coughing, fatigue and a fever",tuberculosis,paraphrase,tuberculosis-comb-016,tuberculosis-comb-016,blood in sputum|cough|fatigue|fever,CDC About Tuberculosis,https://www.cdc.gov/tb/about/index.html,Symptoms of active TB disease include:,"A cough that lasts three weeks or longer Chest pain Coughing up blood or sputum (phlegm from deep inside the lungs) Weakness or fatigue Weight loss Loss of appetite Chills Fever Night sweats People with inactive TB do not have symptoms. However, without treatment, they can develop active TB disease and become sick.",2026-09-19T01:48:33.797955+00:00,"Wording variant of tuberculosis-comb-016. Same symptom set, patient-voice phrasing and synonyms only; no clinical content added."
tuberculosis-para-018,"chest pain, fatigue, sweating at night, the chills, no appetite, a fever, losing weight, coughing and coughing up blood since yesterday",tuberculosis,paraphrase,tuberculosis-src-001,tuberculosis-src-001,blood in sputum|chest pain|chills|cough|fatigue|fever|loss of appetite|night sweats|weight loss,CDC About Tuberculosis,https://www.cdc.gov/tb/about/index.html,Symptoms of active TB disease include:,"A cough that lasts three weeks or longer Chest pain Coughing up blood or sputum (phlegm from deep inside the lungs) Weakness or fatigue Weight loss Loss of appetite Chills Fever Night sweats People with inactive TB do not have symptoms. However, without treatment, they can develop active TB disease and become sick.",2026-09-19T01:48:33.797955+00:00,"Wording variant of tuberculosis-src-001. Same symptom set, patient-voice phrasing and synonyms only; no clinical content added."
tuberculosis-para-019,"she has had a high temperature, blood in my sputum, a cough, chest pain, losing weight, waking up sweating at night and fatigue for the past two days",tuberculosis,paraphrase,tuberculosis-src-002,tuberculosis-src-002,blood in sputum|chest pain|cough|fatigue|fever|night sweats|weight loss,WHO Tuberculosis Fact Sheet,https://www.who.int/news-room/fact-sheets/detail/tuberculosis,Symptoms,"In general, people with TB infection don’t feel sick and are not contagious. Only a small proportion of people who get infected with TB will get TB disease and develop symptoms. Babies and children are at higher risk of developing the disease if they are infected. TB disease occurs when bacteria multiply in the body and affect different organs. TB symptoms may be mild for many months, so it is easy to spread TB to others without knowing it. Symptoms depend on which part of the body is affected. While TB usually affects the lungs, it can also affect the kidneys, brain, and spine. Some people with TB disease do not have any symptoms but can still spread TB. Common symptoms of TB are: prolonged cough (sometimes with blood); chest pain; weakness; fatigue; weight loss; fever; and night sweats The symptoms people get depend on which part of the body is affected by TB. While TB usually affects the lungs, it can also involve the kidneys, brain, spine and skin.",2026-09-19T01:48:35.877169+00:00,"Wording variant of tuberculosis-src-002. Same symptom set, patient-voice phrasing and synonyms only; no clinical content added."
tuberculosis-para-020,"my symptoms are feeling feverish, no energy, weight loss, a cough and pain in my chest",tuberculosis,paraphrase,tuberculosis-comb-001,tuberculosis-comb-001,chest pain|cough|fatigue|fever|weight loss,WHO Tuberculosis Fact Sheet,https://www.who.int/news-room/fact-sheets/detail/tuberculosis,Symptoms,"In general, people with TB infection don’t feel sick and are not contagious. Only a small proportion of people who get infected with TB will get TB disease and develop symptoms. Babies and children are at higher risk of developing the disease if they are infected. TB disease occurs when bacteria multiply in the body and affect different organs. TB symptoms may be mild for many months, so it is easy to spread TB to others without knowing it. Symptoms depend on which part of the body is affected. While TB usually affects the lungs, it can also affect the kidneys, brain, and spine. Some people with TB disease do not have any symptoms but can still spread TB. Common symptoms of TB are: prolonged cough (sometimes with blood); chest pain; weakness; fatigue; weight loss; fever; and night sweats The symptoms people get depend on which part of the body is affected by TB. While TB usually affects the lungs, it can also involve the kidneys, brain, spine and skin.",2026-09-19T01:48:35.877169+00:00,"Wording variant of tuberculosis-comb-001. Same symptom set, patient-voice phrasing and synonyms only; no clinical content added."
tuberculosis-para-021,"my symptoms are losing weight, sweating at night, not wanting to eat and pain in my chest",tuberculosis,paraphrase,tuberculosis-comb-002,tuberculosis-comb-002,chest pain|loss of appetite|night sweats|weight loss,CDC About Tuberculosis,https://www.cdc.gov/tb/about/index.html,Symptoms of active TB disease include:,"A cough that lasts three weeks or longer Chest pain Coughing up blood or sputum (phlegm from deep inside the lungs) Weakness or fatigue Weight loss Loss of appetite Chills Fever Night sweats People with inactive TB do not have symptoms. However, without treatment, they can develop active TB disease and become sick.",2026-09-19T01:48:33.797955+00:00,"Wording variant of tuberculosis-comb-002. Same symptom set, patient-voice phrasing and synonyms only; no clinical content added."
tuberculosis-para-022,"my symptoms are a cough, blood in my sputum, night sweats, chest pain, a high temperature and losing weight",tuberculosis,paraphrase,tuberculosis-comb-003,tuberculosis-comb-003,blood in sputum|chest pain|cough|fever|night sweats|weight loss,WHO Tuberculosis Fact Sheet,https://www.who.int/news-room/fact-sheets/detail/tuberculosis,Symptoms,"In general, people with TB infection don’t feel sick and are not contagious. Only a small proportion of people who get infected with TB will get TB disease and develop symptoms. Babies and children are at higher risk of developing the disease if they are infected. TB disease occurs when bacteria multiply in the body and affect different organs. TB symptoms may be mild for many months, so it is easy to spread TB to others without knowing it. Symptoms depend on which part of the body is affected. While TB usually affects the lungs, it can also affect the kidneys, brain, and spine. Some people with TB disease do not have any symptoms but can still spread TB. Common symptoms of TB are: prolonged cough (sometimes with blood); chest pain; weakness; fatigue; weight loss; fever; and night sweats The symptoms people get depend on which part of the body is affected by TB. While TB usually affects the lungs, it can also involve the kidneys, brain, spine and skin.",2026-09-19T01:48:35.877169+00:00,"Wording variant of tuberculosis-comb-003. Same symptom set, patient-voice phrasing and synonyms only; no clinical content added."
tuberculosis-para-023,"he has no appetite, chest pain, coughing, fatigue and sweating at night",tuberculosis,paraphrase,tuberculosis-comb-004,tuberculosis-comb-004,chest pain|cough|fatigue|loss of appetite|night sweats,CDC About Tuberculosis,https://www.cdc.gov/tb/about/index.html,Symptoms of active TB disease include:,"A cough that lasts three weeks or longer Chest pain Coughing up blood or sputum (phlegm from deep inside the lungs) Weakness or fatigue Weight loss Loss of appetite Chills Fever Night sweats People with inactive TB do not have symptoms. However, without treatment, they can develop active TB disease and become sick.",2026-09-19T01:48:33.797955+00:00,"Wording variant of tuberculosis-comb-004. Same symptom set, patient-voice phrasing and synonyms only; no clinical content added."
tuberculosis-para-024,"i have had a fever, feeling tired, night sweats, coughing up blood, a cough and losing weight since yesterday",tuberculosis,paraphrase,tuberculosis-comb-005,tuberculosis-comb-005,blood in sputum|cough|fatigue|fever|night sweats|weight loss,WHO Tuberculosis Fact Sheet,https://www.who.int/news-room/fact-sheets/detail/tuberculosis,Symptoms,"In general, people with TB infection don’t feel sick and are not contagious. Only a small proportion of people who get infected with TB will get TB disease and develop symptoms. Babies and children are at higher risk of developing the disease if they are infected. TB disease occurs when bacteria multiply in the body and affect different organs. TB symptoms may be mild for many months, so it is easy to spread TB to others without knowing it. Symptoms depend on which part of the body is affected. While TB usually affects the lungs, it can also affect the kidneys, brain, and spine. Some people with TB disease do not have any symptoms but can still spread TB. Common symptoms of TB are: prolonged cough (sometimes with blood); chest pain; weakness; fatigue; weight loss; fever; and night sweats The symptoms people get depend on which part of the body is affected by TB. While TB usually affects the lungs, it can also involve the kidneys, brain, spine and skin.",2026-09-19T01:48:35.877169+00:00,"Wording variant of tuberculosis-comb-005. Same symptom set, patient-voice phrasing and synonyms only; no clinical content added."
tuberculosis-para-025,"i started with chest pain, blood in my sputum, sweating at night, a cough and weight loss for the past two days",tuberculosis,paraphrase,tuberculosis-comb-006,tuberculosis-comb-006,blood in sputum|chest pain|cough|night sweats|weight loss,CDC About Tuberculosis,https://www.cdc.gov/tb/about/index.html,Symptoms of active TB disease include:,"A cough that lasts three weeks or longer Chest pain Coughing up blood or sputum (phlegm from deep inside the lungs) Weakness or fatigue Weight loss Loss of appetite Chills Fever Night sweats People with inactive TB do not have symptoms. However, without treatment, they can develop active TB disease and become sick.",2026-09-19T01:48:33.797955+00:00,"Wording variant of tuberculosis-comb-006. Same symptom set, patient-voice phrasing and synonyms only; no clinical content added."
tuberculosis-para-026,"i have been having sweating at night, a cough, a high temperature, no energy, not wanting to eat and pain in my chest for about a week",tuberculosis,paraphrase,tuberculosis-comb-007,tuberculosis-comb-007,chest pain|cough|fatigue|fever|loss of appetite|night sweats,CDC About Tuberculosis,https://www.cdc.gov/tb/about/index.html,Symptoms of active TB disease include:,"A cough that lasts three weeks or longer Chest pain Coughing up blood or sputum (phlegm from deep inside the lungs) Weakness or fatigue Weight loss Loss of appetite Chills Fever Night sweats People with inactive TB do not have symptoms. However, without treatment, they can develop active TB disease and become sick.",2026-09-19T01:48:33.797955+00:00,"Wording variant of tuberculosis-comb-007. Same symptom set, patient-voice phrasing and synonyms only; no clinical content added."
tuberculosis-src-001,cough chest pain coughing up blood weakness weight loss loss of appetite chills fever night sweats,tuberculosis,source,,tuberculosis-src-001,blood in sputum|chest pain|chills|cough|fatigue|fever|loss of appetite|night sweats|weight loss,CDC About Tuberculosis,https://www.cdc.gov/tb/about/index.html,Symptoms of active TB disease include:,"A cough that lasts three weeks or longer Chest pain Coughing up blood or sputum (phlegm from deep inside the lungs) Weakness or fatigue Weight loss Loss of appetite Chills Fever Night sweats People with inactive TB do not have symptoms. However, without treatment, they can develop active TB disease and become sick.",2026-09-19T01:48:33.797955+00:00,"Full symptom set attested by the 'Symptoms of active TB disease include:' section of CDC About Tuberculosis, in the order the passage lists them."
tuberculosis-src-002,prolonged cough sometimes with blood chest pain weakness weight loss fever night sweats,tuberculosis,source,,tuberculosis-src-002,blood in sputum|chest pain|cough|fatigue|fever|night sweats|weight loss,WHO Tuberculosis Fact Sheet,https://www.who.int/news-room/fact-sheets/detail/tuberculosis,Symptoms,"In general, people with TB infection don’t feel sick and are not contagious. Only a small proportion of people who get infected with TB will get TB disease and develop symptoms. Babies and children are at higher risk of developing the disease if they are infected. TB disease occurs when bacteria multiply in the body and affect different organs. TB symptoms may be mild for many months, so it is easy to spread TB to others without knowing it. Symptoms depend on which part of the body is affected. While TB usually affects the lungs, it can also affect the kidneys, brain, and spine. Some people with TB disease do not have any symptoms but can still spread TB. Common symptoms of TB are: prolonged cough (sometimes with blood); chest pain; weakness; fatigue; weight loss; fever; and night sweats The symptoms people get depend on which part of the body is affected by TB. While TB usually affects the lungs, it can also involve the kidneys, brain, spine and skin.",2026-09-19T01:48:35.877169+00:00,"Full symptom set attested by the 'Symptoms' section of WHO Tuberculosis Fact Sheet, in the order the passage lists them."
tuberculosis-comb-001,prolonged cough chest pain weakness weight loss fever,tuberculosis,source_combination,,tuberculosis-comb-001,chest pain|cough|fatigue|fever|weight loss,WHO Tuberculosis Fact Sheet,https://www.who.int/news-room/fact-sheets/detail/tuberculosis,Symptoms,"In general, people with TB infection don’t feel sick and are not contagious. Only a small proportion of people who get infected with TB will get TB disease and develop symptoms. Babies and children are at higher risk of developing the disease if they are infected. TB disease occurs when bacteria multiply in the body and affect different organs. TB symptoms may be mild for many months, so it is easy to spread TB to others without knowing it. Symptoms depend on which part of the body is affected. While TB usually affects the lungs, it can also affect the kidneys, brain, and spine. Some people with TB disease do not have any symptoms but can still spread TB. Common symptoms of TB are: prolonged cough (sometimes with blood); chest pain; weakness; fatigue; weight loss; fever; and night sweats The symptoms people get depend on which part of the body is affected by TB. While TB usually affects the lungs, it can also involve the kidneys, brain, spine and skin.",2026-09-19T01:48:35.877169+00:00,Subset of the symptoms attested by the 'Symptoms' section of WHO Tuberculosis Fact Sheet. Every term appears in source_quote; the co-occurrence shown here is synthetic.
tuberculosis-comb-002,chest pain weight loss loss of appetite night sweats,tuberculosis,source_combination,,tuberculosis-comb-002,chest pain|loss of appetite|night sweats|weight loss,CDC About Tuberculosis,https://www.cdc.gov/tb/about/index.html,Symptoms of active TB disease include:,"A cough that lasts three weeks or longer Chest pain Coughing up blood or sputum (phlegm from deep inside the lungs) Weakness or fatigue Weight loss Loss of appetite Chills Fever Night sweats People with inactive TB do not have symptoms. However, without treatment, they can develop active TB disease and become sick.",2026-09-19T01:48:33.797955+00:00,Subset of the symptoms attested by the 'Symptoms of active TB disease include:' section of CDC About Tuberculosis. Every term appears in source_quote; the co-occurrence shown here is synthetic.
tuberculosis-comb-003,prolonged cough sometimes with blood chest pain weight loss fever night sweats,tuberculosis,source_combination,,tuberculosis-comb-003,blood in sputum|chest pain|cough|fever|night sweats|weight loss,WHO Tuberculosis Fact Sheet,https://www.who.int/news-room/fact-sheets/detail/tuberculosis,Symptoms,"In general, people with TB infection don’t feel sick and are not contagious. Only a small proportion of people who get infected with TB will get TB disease and develop symptoms. Babies and children are at higher risk of developing the disease if they are infected. TB disease occurs when bacteria multiply in the body and affect different organs. TB symptoms may be mild for many months, so it is easy to spread TB to others without knowing it. Symptoms depend on which part of the body is affected. While TB usually affects the lungs, it can also affect the kidneys, brain, and spine. Some people with TB disease do not have any symptoms but can still spread TB. Common symptoms of TB are: prolonged cough (sometimes with blood); chest pain; weakness; fatigue; weight loss; fever; and night sweats The symptoms people get depend on which part of the body is affected by TB. While TB usually affects the lungs, it can also involve the kidneys, brain, spine and skin.",2026-09-19T01:48:35.877169+00:00,Subset of the symptoms attested by the 'Symptoms' section of WHO Tuberculosis Fact Sheet. Every term appears in source_quote; the co-occurrence shown here is synthetic.
tuberculosis-comb-004,cough chest pain weakness loss of appetite night sweats,tuberculosis,source_combination,,tuberculosis-comb-004,chest pain|cough|fatigue|loss of appetite|night sweats,CDC About Tuberculosis,https://www.cdc.gov/tb/about/index.html,Symptoms of active TB disease include:,"A cough that lasts three weeks or longer Chest pain Coughing up blood or sputum (phlegm from deep inside the lungs) Weakness or fatigue Weight loss Loss of appetite Chills Fever Night sweats People with inactive TB do not have symptoms. However, without treatment, they can develop active TB disease and become sick.",2026-09-19T01:48:33.797955+00:00,Subset of the symptoms attested by the 'Symptoms of active TB disease include:' section of CDC About Tuberculosis. Every term appears in source_quote; the co-occurrence shown here is synthetic.
tuberculosis-comb-005,prolonged cough sometimes with blood weakness weight loss fever night sweats,tuberculosis,source_combination,,tuberculosis-comb-005,blood in sputum|cough|fatigue|fever|night sweats|weight loss,WHO Tuberculosis Fact Sheet,https://www.who.int/news-room/fact-sheets/detail/tuberculosis,Symptoms,"In general, people with TB infection don’t feel sick and are not contagious. Only a small proportion of people who get infected with TB will get TB disease and develop symptoms. Babies and children are at higher risk of developing the disease if they are infected. TB disease occurs when bacteria multiply in the body and affect different organs. TB symptoms may be mild for many months, so it is easy to spread TB to others without knowing it. Symptoms depend on which part of the body is affected. While TB usually affects the lungs, it can also affect the kidneys, brain, and spine. Some people with TB disease do not have any symptoms but can still spread TB. Common symptoms of TB are: prolonged cough (sometimes with blood); chest pain; weakness; fatigue; weight loss; fever; and night sweats The symptoms people get depend on which part of the body is affected by TB. While TB usually affects the lungs, it can also involve the kidneys, brain, spine and skin.",2026-09-19T01:48:35.877169+00:00,Subset of the symptoms attested by the 'Symptoms' section of WHO Tuberculosis Fact Sheet. Every term appears in source_quote; the co-occurrence shown here is synthetic.
tuberculosis-comb-006,cough chest pain coughing up blood weight loss night sweats,tuberculosis,source_combination,,tuberculosis-comb-006,blood in sputum|chest pain|cough|night sweats|weight loss,CDC About Tuberculosis,https://www.cdc.gov/tb/about/index.html,Symptoms of active TB disease include:,"A cough that lasts three weeks or longer Chest pain Coughing up blood or sputum (phlegm from deep inside the lungs) Weakness or fatigue Weight loss Loss of appetite Chills Fever Night sweats People with inactive TB do not have symptoms. However, without treatment, they can develop active TB disease and become sick.",2026-09-19T01:48:33.797955+00:00,Subset of the symptoms attested by the 'Symptoms of active TB disease include:' section of CDC About Tuberculosis. Every term appears in source_quote; the co-occurrence shown here is synthetic.
tuberculosis-comb-007,cough chest pain weakness loss of appetite fever night sweats,tuberculosis,source_combination,,tuberculosis-comb-007,chest pain|cough|fatigue|fever|loss of appetite|night sweats,CDC About Tuberculosis,https://www.cdc.gov/tb/about/index.html,Symptoms of active TB disease include:,"A cough that lasts three weeks or longer Chest pain Coughing up blood or sputum (phlegm from deep inside the lungs) Weakness or fatigue Weight loss Loss of appetite Chills Fever Night sweats People with inactive TB do not have symptoms. However, without treatment, they can develop active TB disease and become sick.",2026-09-19T01:48:33.797955+00:00,Subset of the symptoms attested by the 'Symptoms of active TB disease include:' section of CDC About Tuberculosis. Every term appears in source_quote; the co-occurrence shown here is synthetic.
tuberculosis-comb-008,cough chest pain coughing up blood loss of appetite fever night sweats,tuberculosis,source_combination,,tuberculosis-comb-008,blood in sputum|chest pain|cough|fever|loss of appetite|night sweats,CDC About Tuberculosis,https://www.cdc.gov/tb/about/index.html,Symptoms of active TB disease include:,"A cough that lasts three weeks or longer Chest pain Coughing up blood or sputum (phlegm from deep inside the lungs) Weakness or fatigue Weight loss Loss of appetite Chills Fever Night sweats People with inactive TB do not have symptoms. However, without treatment, they can develop active TB disease and become sick.",2026-09-19T01:48:33.797955+00:00,Subset of the symptoms attested by the 'Symptoms of active TB disease include:' section of CDC About Tuberculosis. Every term appears in source_quote; the co-occurrence shown here is synthetic.
tuberculosis-comb-009,chest pain weakness weight loss,tuberculosis,source_combination,,tuberculosis-comb-009,chest pain|fatigue|weight loss,WHO Tuberculosis Fact Sheet,https://www.who.int/news-room/fact-sheets/detail/tuberculosis,Symptoms,"In general, people with TB infection don’t feel sick and are not contagious. Only a small proportion of people who get infected with TB will get TB disease and develop symptoms. Babies and children are at higher risk of developing the disease if they are infected. TB disease occurs when bacteria multiply in the body and affect different organs. TB symptoms may be mild for many months, so it is easy to spread TB to others without knowing it. Symptoms depend on which part of the body is affected. While TB usually affects the lungs, it can also affect the kidneys, brain, and spine. Some people with TB disease do not have any symptoms but can still spread TB. Common symptoms of TB are: prolonged cough (sometimes with blood); chest pain; weakness; fatigue; weight loss; fever; and night sweats The symptoms people get depend on which part of the body is affected by TB. While TB usually affects the lungs, it can also involve the kidneys, brain, spine and skin.",2026-09-19T01:48:35.877169+00:00,Subset of the symptoms attested by the 'Symptoms' section of WHO Tuberculosis Fact Sheet. Every term appears in source_quote; the co-occurrence shown here is synthetic.
tuberculosis-comb-010,cough coughing up blood weakness loss of appetite night sweats,tuberculosis,source_combination,,tuberculosis-comb-010,blood in sputum|cough|fatigue|loss of appetite|night sweats,CDC About Tuberculosis,https://www.cdc.gov/tb/about/index.html,Symptoms of active TB disease include:,"A cough that lasts three weeks or longer Chest pain Coughing up blood or sputum (phlegm from deep inside the lungs) Weakness or fatigue Weight loss Loss of appetite Chills Fever Night sweats People with inactive TB do not have symptoms. However, without treatment, they can develop active TB disease and become sick.",2026-09-19T01:48:33.797955+00:00,Subset of the symptoms attested by the 'Symptoms of active TB disease include:' section of CDC About Tuberculosis. Every term appears in source_quote; the co-occurrence shown here is synthetic.
tuberculosis-comb-011,cough chest pain weakness weight loss chills night sweats,tuberculosis,source_combination,,tuberculosis-comb-011,chest pain|chills|cough|fatigue|night sweats|weight loss,CDC About Tuberculosis,https://www.cdc.gov/tb/about/index.html,Symptoms of active TB disease include:,"A cough that lasts three weeks or longer Chest pain Coughing up blood or sputum (phlegm from deep inside the lungs) Weakness or fatigue Weight loss Loss of appetite Chills Fever Night sweats People with inactive TB do not have symptoms. However, without treatment, they can develop active TB disease and become sick.",2026-09-19T01:48:33.797955+00:00,Subset of the symptoms attested by the 'Symptoms of active TB disease include:' section of CDC About Tuberculosis. Every term appears in source_quote; the co-occurrence shown here is synthetic.
tuberculosis-comb-012,cough coughing up blood weakness loss of appetite fever night sweats,tuberculosis,source_combination,,tuberculosis-comb-012,blood in sputum|cough|fatigue|fever|loss of appetite|night sweats,CDC About Tuberculosis,https://www.cdc.gov/tb/about/index.html,Symptoms of active TB disease include:,"A cough that lasts three weeks or longer Chest pain Coughing up blood or sputum (phlegm from deep inside the lungs) Weakness or fatigue Weight loss Loss of appetite Chills Fever Night sweats People with inactive TB do not have symptoms. However, without treatment, they can develop active TB disease and become sick.",2026-09-19T01:48:33.797955+00:00,Subset of the symptoms attested by the 'Symptoms of active TB disease include:' section of CDC About Tuberculosis. Every term appears in source_quote; the co-occurrence shown here is synthetic.
tuberculosis-comb-013,prolonged cough chest pain weakness weight loss,tuberculosis,source_combination,,tuberculosis-comb-013,chest pain|cough|fatigue|weight loss,WHO Tuberculosis Fact Sheet,https://www.who.int/news-room/fact-sheets/detail/tuberculosis,Symptoms,"In general, people with TB infection don’t feel sick and are not contagious. Only a small proportion of people who get infected with TB will get TB disease and develop symptoms. Babies and children are at higher risk of developing the disease if they are infected. TB disease occurs when bacteria multiply in the body and affect different organs. TB symptoms may be mild for many months, so it is easy to spread TB to others without knowing it. Symptoms depend on which part of the body is affected. While TB usually affects the lungs, it can also affect the kidneys, brain, and spine. Some people with TB disease do not have any symptoms but can still spread TB. Common symptoms of TB are: prolonged cough (sometimes with blood); chest pain; weakness; fatigue; weight loss; fever; and night sweats The symptoms people get depend on which part of the body is affected by TB. While TB usually affects the lungs, it can also involve the kidneys, brain, spine and skin.",2026-09-19T01:48:35.877169+00:00,Subset of the symptoms attested by the 'Symptoms' section of WHO Tuberculosis Fact Sheet. Every term appears in source_quote; the co-occurrence shown here is synthetic.
tuberculosis-comb-014,cough coughing up blood weakness weight loss loss of appetite fever,tuberculosis,source_combination,,tuberculosis-comb-014,blood in sputum|cough|fatigue|fever|loss of appetite|weight loss,CDC About Tuberculosis,https://www.cdc.gov/tb/about/index.html,Symptoms of active TB disease include:,"A cough that lasts three weeks or longer Chest pain Coughing up blood or sputum (phlegm from deep inside the lungs) Weakness or fatigue Weight loss Loss of appetite Chills Fever Night sweats People with inactive TB do not have symptoms. However, without treatment, they can develop active TB disease and become sick.",2026-09-19T01:48:33.797955+00:00,Subset of the symptoms attested by the 'Symptoms of active TB disease include:' section of CDC About Tuberculosis. Every term appears in source_quote; the co-occurrence shown here is synthetic.
tuberculosis-comb-015,sometimes with blood chest pain weakness fever night sweats,tuberculosis,source_combination,,tuberculosis-comb-015,blood in sputum|chest pain|fatigue|fever|night sweats,WHO Tuberculosis Fact Sheet,https://www.who.int/news-room/fact-sheets/detail/tuberculosis,Symptoms,"In general, people with TB infection don’t feel sick and are not contagious. Only a small proportion of people who get infected with TB will get TB disease and develop symptoms. Babies and children are at higher risk of developing the disease if they are infected. TB disease occurs when bacteria multiply in the body and affect different organs. TB symptoms may be mild for many months, so it is easy to spread TB to others without knowing it. Symptoms depend on which part of the body is affected. While TB usually affects the lungs, it can also affect the kidneys, brain, and spine. Some people with TB disease do not have any symptoms but can still spread TB. Common symptoms of TB are: prolonged cough (sometimes with blood); chest pain; weakness; fatigue; weight loss; fever; and night sweats The symptoms people get depend on which part of the body is affected by TB. While TB usually affects the lungs, it can also involve the kidneys, brain, spine and skin.",2026-09-19T01:48:35.877169+00:00,Subset of the symptoms attested by the 'Symptoms' section of WHO Tuberculosis Fact Sheet. Every term appears in source_quote; the co-occurrence shown here is synthetic.
tuberculosis-comb-016,cough coughing up blood weakness fever,tuberculosis,source_combination,,tuberculosis-comb-016,blood in sputum|cough|fatigue|fever,CDC About Tuberculosis,https://www.cdc.gov/tb/about/index.html,Symptoms of active TB disease include:,"A cough that lasts three weeks or longer Chest pain Coughing up blood or sputum (phlegm from deep inside the lungs) Weakness or fatigue Weight loss Loss of appetite Chills Fever Night sweats People with inactive TB do not have symptoms. However, without treatment, they can develop active TB disease and become sick.",2026-09-19T01:48:33.797955+00:00,Subset of the symptoms attested by the 'Symptoms of active TB disease include:' section of CDC About Tuberculosis. Every term appears in source_quote; the co-occurrence shown here is synthetic.
typhoid-fever-para-001,"my symptoms are loose stools, a rash, feeling feverish, pain in my head, feeling sick to my stomach, pain in my belly, tiredness and constipation",typhoid fever,paraphrase,typhoid-fever-src-002,typhoid-fever-src-002,abdominal pain|constipation|diarrhea|fatigue|fever|headache|nausea|rash,WHO Typhoid Fact Sheet,https://www.who.int/news-room/fact-sheets/detail/typhoid,Key facts,"Symptoms include prolonged fever, fatigue, headache, nausea, abdominal pain, and constipation or diarrhoea. Some patients may have a rash. Severe cases may lead to serious complications or even death.",2026-09-19T01:48:37.482164+00:00,"Wording variant of typhoid-fever-src-002. Same symptom set, patient-voice phrasing and synonyms only; no clinical content added."
typhoid-fever-para-002,"i am experiencing pain in my belly, constipation, loose stools, pain in my head, tiredness, a rash, feeling feverish and feeling sick to my stomach",typhoid fever,paraphrase,typhoid-fever-src-003,typhoid-fever-src-003,abdominal pain|constipation|diarrhea|fatigue|fever|headache|nausea|rash,WHO Typhoid Fact Sheet,https://www.who.int/news-room/fact-sheets/detail/typhoid,Symptoms,"Salmonella Typhi lives only in humans. Persons with typhoid fever carry the bacteria in their bloodstream and intestinal tract. Symptoms include prolonged high fever, fatigue, headache, nausea, abdominal pain, and constipation or diarrhoea. Some patients may have a rash. Severe cases may lead to serious complications or even death. Typhoid fever can be confirmed through blood testing.",2026-09-19T01:48:37.482164+00:00,"Wording variant of typhoid-fever-src-003. Same symptom set, patient-voice phrasing and synonyms only; no clinical content added."
typhoid-fever-para-003,"i am experiencing a rash, diarrhea, abdominal pain, no energy and head pain",typhoid fever,paraphrase,typhoid-fever-comb-001,typhoid-fever-comb-001,abdominal pain|diarrhea|fatigue|headache|rash,WHO Typhoid Fact Sheet,https://www.who.int/news-room/fact-sheets/detail/typhoid,Symptoms,"Salmonella Typhi lives only in humans. Persons with typhoid fever carry the bacteria in their bloodstream and intestinal tract. Symptoms include prolonged high fever, fatigue, headache, nausea, abdominal pain, and constipation or diarrhoea. Some patients may have a rash. Severe cases may lead to serious complications or even death. Typhoid fever can be confirmed through blood testing.",2026-09-19T01:48:37.482164+00:00,"Wording variant of typhoid-fever-comb-001. Same symptom set, patient-voice phrasing and synonyms only; no clinical content added."
typhoid-fever-para-004,"she has had a high temperature, constipation and a rash for about a week",typhoid fever,paraphrase,typhoid-fever-comb-002,typhoid-fever-comb-002,constipation|fever|rash,WHO Typhoid Fact Sheet,https://www.who.int/news-room/fact-sheets/detail/typhoid,Symptoms,"Salmonella Typhi lives only in humans. Persons with typhoid fever carry the bacteria in their bloodstream and intestinal tract. Symptoms include prolonged high fever, fatigue, headache, nausea, abdominal pain, and constipation or diarrhoea. Some patients may have a rash. Severe cases may lead to serious complications or even death. Typhoid fever can be confirmed through blood testing.",2026-09-19T01:48:37.482164+00:00,"Wording variant of typhoid-fever-comb-002. Same symptom set, patient-voice phrasing and synonyms only; no clinical content added."
typhoid-fever-para-005,"patient reports abdominal pain, a rash and feeling tired",typhoid fever,paraphrase,typhoid-fever-comb-003,typhoid-fever-comb-003,abdominal pain|fatigue|rash,WHO Typhoid Fact Sheet,https://www.who.int/news-room/fact-sheets/detail/typhoid,Symptoms,"Salmonella Typhi lives only in humans. Persons with typhoid fever carry the bacteria in their bloodstream and intestinal tract. Symptoms include prolonged high fever, fatigue, headache, nausea, abdominal pain, and constipation or diarrhoea. Some patients may have a rash. Severe cases may lead to serious complications or even death. Typhoid fever can be confirmed through blood testing.",2026-09-19T01:48:37.482164+00:00,"Wording variant of typhoid-fever-comb-003. Same symptom set, patient-voice phrasing and synonyms only; no clinical content added."
typhoid-fever-para-006,"my symptoms are constipation, a skin rash and loose stools",typhoid fever,paraphrase,typhoid-fever-comb-004,typhoid-fever-comb-004,constipation|diarrhea|rash,WHO Typhoid Fact Sheet,https://www.who.int/news-room/fact-sheets/detail/typhoid,Symptoms,"Salmonella Typhi lives only in humans. Persons with typhoid fever carry the bacteria in their bloodstream and intestinal tract. Symptoms include prolonged high fever, fatigue, headache, nausea, abdominal pain, and constipation or diarrhoea. Some patients may have a rash. Severe cases may lead to serious complications or even death. Typhoid fever can be confirmed through blood testing.",2026-09-19T01:48:37.482164+00:00,"Wording variant of typhoid-fever-comb-004. Same symptom set, patient-voice phrasing and synonyms only; no clinical content added."
typhoid-fever-para-007,"she has had constipation, a high temperature and nausea since yesterday",typhoid fever,paraphrase,typhoid-fever-comb-005,typhoid-fever-comb-005,constipation|fever|nausea,WHO Typhoid Fact Sheet,https://www.who.int/news-room/fact-sheets/detail/typhoid,Symptoms,"Salmonella Typhi lives only in humans. Persons with typhoid fever carry the bacteria in their bloodstream and intestinal tract. Symptoms include prolonged high fever, fatigue, headache, nausea, abdominal pain, and constipation or diarrhoea. Some patients may have a rash. Severe cases may lead to serious complications or even death. Typhoid fever can be confirmed through blood testing.",2026-09-19T01:48:37.482164+00:00,"Wording variant of typhoid-fever-comb-005. Same symptom set, patient-voice phrasing and synonyms only; no clinical content added."
typhoid-fever-para-008,"she has had stomach pain, no energy, feeling nauseous, diarrhea and feeling feverish for three days",typhoid fever,paraphrase,typhoid-fever-comb-006,typhoid-fever-comb-006,abdominal pain|diarrhea|fatigue|fever|nausea,WHO Typhoid Fact Sheet,https://www.who.int/news-room/fact-sheets/detail/typhoid,Key facts,"Symptoms include prolonged fever, fatigue, headache, nausea, abdominal pain, and constipation or diarrhoea. Some patients may have a rash. Severe cases may lead to serious complications or even death.",2026-09-19T01:48:37.482164+00:00,"Wording variant of typhoid-fever-comb-006. Same symptom set, patient-voice phrasing and synonyms only; no clinical content added."
typhoid-fever-para-009,"my child has pain in my head, constipation and pain in my belly",typhoid fever,paraphrase,typhoid-fever-comb-007,typhoid-fever-comb-007,abdominal pain|constipation|headache,CDC Typhoid Symptoms,https://www.cdc.gov/typhoid-fever/signs-symptoms/index.html,Signs and symptoms,"Fever is common. The fever can be as high as 103–104°F (39–40°C). The fever usually lasts more than 3 days. The fever can be as high as 103–104°F (39–40°C). The fever usually lasts more than 3 days. People can have other symptoms, including: Weakness Stomach pain Headache Constipation or diarrhea Cough Loss of appetite Weakness Stomach pain Headache Constipation or diarrhea Cough Loss of appetite Some people get a rash with flat, rose-colored spots.",2026-09-19T01:48:36.660493+00:00,"Wording variant of typhoid-fever-comb-007. Same symptom set, patient-voice phrasing and synonyms only; no clinical content added."
typhoid-fever-para-010,"a skin rash, nausea, a fever, stomach pain and pain in my head for three days",typhoid fever,paraphrase,typhoid-fever-comb-008,typhoid-fever-comb-008,abdominal pain|fever|headache|nausea|rash,WHO Typhoid Fact Sheet,https://www.who.int/news-room/fact-sheets/detail/typhoid,Symptoms,"Salmonella Typhi lives only in humans. Persons with typhoid fever carry the bacteria in their bloodstream and intestinal tract. Symptoms include prolonged high fever, fatigue, headache, nausea, abdominal pain, and constipation or diarrhoea. Some patients may have a rash. Severe cases may lead to serious complications or even death. Typhoid fever can be confirmed through blood testing.",2026-09-19T01:48:37.482164+00:00,"Wording variant of typhoid-fever-comb-008. Same symptom set, patient-voice phrasing and synonyms only; no clinical content added."
typhoid-fever-para-011,"i have had feeling nauseous, feeling feverish and a rash for three days",typhoid fever,paraphrase,typhoid-fever-comb-009,typhoid-fever-comb-009,fever|nausea|rash,WHO Typhoid Fact Sheet,https://www.who.int/news-room/fact-sheets/detail/typhoid,Symptoms,"Salmonella Typhi lives only in humans. Persons with typhoid fever carry the bacteria in their bloodstream and intestinal tract. Symptoms include prolonged high fever, fatigue, headache, nausea, abdominal pain, and constipation or diarrhoea. Some patients may have a rash. Severe cases may lead to serious complications or even death. Typhoid fever can be confirmed through blood testing.",2026-09-19T01:48:37.482164+00:00,"Wording variant of typhoid-fever-comb-009. Same symptom set, patient-voice phrasing and synonyms only; no clinical content added."
typhoid-fever-para-012,"patient reports diarrhea, coughing, trouble passing stool and pain in my head",typhoid fever,paraphrase,typhoid-fever-comb-010,typhoid-fever-comb-010,constipation|cough|diarrhea|headache,CDC Typhoid Symptoms,https://www.cdc.gov/typhoid-fever/signs-symptoms/index.html,Signs and symptoms,"Fever is common. The fever can be as high as 103–104°F (39–40°C). The fever usually lasts more than 3 days. The fever can be as high as 103–104°F (39–40°C). The fever usually lasts more than 3 days. People can have other symptoms, including: Weakness Stomach pain Headache Constipation or diarrhea Cough Loss of appetite Weakness Stomach pain Headache Constipation or diarrhea Cough Loss of appetite Some people get a rash with flat, rose-colored spots.",2026-09-19T01:48:36.660493+00:00,"Wording variant of typhoid-fever-comb-010. Same symptom set, patient-voice phrasing and synonyms only; no clinical content added."
typhoid-fever-para-013,"she has had not wanting to eat, constipation, a cough, loose stools, feeling feverish and a skin rash since yesterday",typhoid fever,paraphrase,typhoid-fever-comb-011,typhoid-fever-comb-011,constipation|cough|diarrhea|fever|loss of appetite|rash,CDC Typhoid Symptoms,https://www.cdc.gov/typhoid-fever/signs-symptoms/index.html,Signs and symptoms,"Fever is common. The fever can be as high as 103–104°F (39–40°C). The fever usually lasts more than 3 days. The fever can be as high as 103–104°F (39–40°C). The fever usually lasts more than 3 days. People can have other symptoms, including: Weakness Stomach pain Headache Constipation or diarrhea Cough Loss of appetite Weakness Stomach pain Headache Constipation or diarrhea Cough Loss of appetite Some people get a rash with flat, rose-colored spots.",2026-09-19T01:48:36.660493+00:00,"Wording variant of typhoid-fever-comb-011. Same symptom set, patient-voice phrasing and synonyms only; no clinical content added."
typhoid-fever-para-014,"nausea, feeling tired, a rash and diarrhea for several days now",typhoid fever,paraphrase,typhoid-fever-comb-012,typhoid-fever-comb-012,diarrhea|fatigue|nausea|rash,WHO Typhoid Fact Sheet,https://www.who.int/news-room/fact-sheets/detail/typhoid,Symptoms,"Salmonella Typhi lives only in humans. Persons with typhoid fever carry the bacteria in their bloodstream and intestinal tract. Symptoms include prolonged high fever, fatigue, headache, nausea, abdominal pain, and constipation or diarrhoea. Some patients may have a rash. Severe cases may lead to serious complications or even death. Typhoid fever can be confirmed through blood testing.",2026-09-19T01:48:37.482164+00:00,"Wording variant of typhoid-fever-comb-012. Same symptom set, patient-voice phrasing and synonyms only; no clinical content added."
typhoid-fever-para-015,"i have had a skin rash, feeling tired, pain in my head, pain in my belly and not wanting to eat for the last few days",typhoid fever,paraphrase,typhoid-fever-comb-013,typhoid-fever-comb-013,abdominal pain|fatigue|headache|loss of appetite|rash,CDC Typhoid Symptoms,https://www.cdc.gov/typhoid-fever/signs-symptoms/index.html,Signs and symptoms,"Fever is common. The fever can be as high as 103–104°F (39–40°C). The fever usually lasts more than 3 days. The fever can be as high as 103–104°F (39–40°C). The fever usually lasts more than 3 days. People can have other symptoms, including: Weakness Stomach pain Headache Constipation or diarrhea Cough Loss of appetite Weakness Stomach pain Headache Constipation or diarrhea Cough Loss of appetite Some people get a rash with flat, rose-colored spots.",2026-09-19T01:48:36.660493+00:00,"Wording variant of typhoid-fever-comb-013. Same symptom set, patient-voice phrasing and synonyms only; no clinical content added."
typhoid-fever-para-016,"my child has trouble passing stool, abdominal pain, loose stools, a rash, a fever and pain in my head",typhoid fever,paraphrase,typhoid-fever-comb-014,typhoid-fever-comb-014,abdominal pain|constipation|diarrhea|fever|headache|rash,WHO Typhoid Fact Sheet,https://www.who.int/news-room/fact-sheets/detail/typhoid,Key facts,"Symptoms include prolonged fever, fatigue, headache, nausea, abdominal pain, and constipation or diarrhoea. Some patients may have a rash. Severe cases may lead to serious complications or even death.",2026-09-19T01:48:37.482164+00:00,"Wording variant of typhoid-fever-comb-014. Same symptom set, patient-voice phrasing and synonyms only; no clinical content added."
typhoid-fever-para-017,"my child has trouble passing stool, pain in my head, a rash and a fever",typhoid fever,paraphrase,typhoid-fever-comb-015,typhoid-fever-comb-015,constipation|fever|headache|rash,WHO Typhoid Fact Sheet,https://www.who.int/news-room/fact-sheets/detail/typhoid,Symptoms,"Salmonella Typhi lives only in humans. Persons with typhoid fever carry the bacteria in their bloodstream and intestinal tract. Symptoms include prolonged high fever, fatigue, headache, nausea, abdominal pain, and constipation or diarrhoea. Some patients may have a rash. Severe cases may lead to serious complications or even death. Typhoid fever can be confirmed through blood testing.",2026-09-19T01:48:37.482164+00:00,"Wording variant of typhoid-fever-comb-015. Same symptom set, patient-voice phrasing and synonyms only; no clinical content added."
typhoid-fever-para-018,"i am experiencing a fever, head pain, pain in my belly and constipation",typhoid fever,paraphrase,typhoid-fever-comb-016,typhoid-fever-comb-016,abdominal pain|constipation|fever|headache,WHO Typhoid Fact Sheet,https://www.who.int/news-room/fact-sheets/detail/typhoid,Key facts,"Symptoms include prolonged fever, fatigue, headache, nausea, abdominal pain, and constipation or diarrhoea. Some patients may have a rash. Severe cases may lead to serious complications or even death.",2026-09-19T01:48:37.482164+00:00,"Wording variant of typhoid-fever-comb-016. Same symptom set, patient-voice phrasing and synonyms only; no clinical content added."
typhoid-fever-para-019,"patient reports a cough, loss of appetite, a skin rash, feeling tired, head pain, stomach pain, trouble passing stool, diarrhea and a high temperature",typhoid fever,paraphrase,typhoid-fever-src-001,typhoid-fever-src-001,abdominal pain|constipation|cough|diarrhea|fatigue|fever|headache|loss of appetite|rash,CDC Typhoid Symptoms,https://www.cdc.gov/typhoid-fever/signs-symptoms/index.html,Signs and symptoms,"Fever is common. The fever can be as high as 103–104°F (39–40°C). The fever usually lasts more than 3 days. The fever can be as high as 103–104°F (39–40°C). The fever usually lasts more than 3 days. People can have other symptoms, including: Weakness Stomach pain Headache Constipation or diarrhea Cough Loss of appetite Weakness Stomach pain Headache Constipation or diarrhea Cough Loss of appetite Some people get a rash with flat, rose-colored spots.",2026-09-19T01:48:36.660493+00:00,"Wording variant of typhoid-fever-src-001. Same symptom set, patient-voice phrasing and synonyms only; no clinical content added."
typhoid-fever-para-020,"patient reports diarrhea, fatigue, a fever, a headache, pain in my belly, a skin rash, nausea and trouble passing stool",typhoid fever,paraphrase,typhoid-fever-src-002,typhoid-fever-src-002,abdominal pain|constipation|diarrhea|fatigue|fever|headache|nausea|rash,WHO Typhoid Fact Sheet,https://www.who.int/news-room/fact-sheets/detail/typhoid,Key facts,"Symptoms include prolonged fever, fatigue, headache, nausea, abdominal pain, and constipation or diarrhoea. Some patients may have a rash. Severe cases may lead to serious complications or even death.",2026-09-19T01:48:37.482164+00:00,"Wording variant of typhoid-fever-src-002. Same symptom set, patient-voice phrasing and synonyms only; no clinical content added."
typhoid-fever-para-021,"i started with abdominal pain, nausea, trouble passing stool, a skin rash, pain in my head, feeling feverish, fatigue and diarrhea for the last few days",typhoid fever,paraphrase,typhoid-fever-src-003,typhoid-fever-src-003,abdominal pain|constipation|diarrhea|fatigue|fever|headache|nausea|rash,WHO Typhoid Fact Sheet,https://www.who.int/news-room/fact-sheets/detail/typhoid,Symptoms,"Salmonella Typhi lives only in humans. Persons with typhoid fever carry the bacteria in their bloodstream and intestinal tract. Symptoms include prolonged high fever, fatigue, headache, nausea, abdominal pain, and constipation or diarrhoea. Some patients may have a rash. Severe cases may lead to serious complications or even death. Typhoid fever can be confirmed through blood testing.",2026-09-19T01:48:37.482164+00:00,"Wording variant of typhoid-fever-src-003. Same symptom set, patient-voice phrasing and synonyms only; no clinical content added."
typhoid-fever-para-022,"patient reports stomach pain, pain in my head, diarrhea, a skin rash and feeling tired",typhoid fever,paraphrase,typhoid-fever-comb-001,typhoid-fever-comb-001,abdominal pain|diarrhea|fatigue|headache|rash,WHO Typhoid Fact Sheet,https://www.who.int/news-room/fact-sheets/detail/typhoid,Symptoms,"Salmonella Typhi lives only in humans. Persons with typhoid fever carry the bacteria in their bloodstream and intestinal tract. Symptoms include prolonged high fever, fatigue, headache, nausea, abdominal pain, and constipation or diarrhoea. Some patients may have a rash. Severe cases may lead to serious complications or even death. Typhoid fever can be confirmed through blood testing.",2026-09-19T01:48:37.482164+00:00,"Wording variant of typhoid-fever-comb-001. Same symptom set, patient-voice phrasing and synonyms only; no clinical content added."
typhoid-fever-para-023,"i have been having constipation, a skin rash and feeling feverish for the past two days",typhoid fever,paraphrase,typhoid-fever-comb-002,typhoid-fever-comb-002,constipation|fever|rash,WHO Typhoid Fact Sheet,https://www.who.int/news-room/fact-sheets/detail/typhoid,Symptoms,"Salmonella Typhi lives only in humans. Persons with typhoid fever carry the bacteria in their bloodstream and intestinal tract. Symptoms include prolonged high fever, fatigue, headache, nausea, abdominal pain, and constipation or diarrhoea. Some patients may have a rash. Severe cases may lead to serious complications or even death. Typhoid fever can be confirmed through blood testing.",2026-09-19T01:48:37.482164+00:00,"Wording variant of typhoid-fever-comb-002. Same symptom set, patient-voice phrasing and synonyms only; no clinical content added."
typhoid-fever-para-024,"feeling tired, a skin rash and pain in my belly for several days now",typhoid fever,paraphrase,typhoid-fever-comb-003,typhoid-fever-comb-003,abdominal pain|fatigue|rash,WHO Typhoid Fact Sheet,https://www.who.int/news-room/fact-sheets/detail/typhoid,Symptoms,"Salmonella Typhi lives only in humans. Persons with typhoid fever carry the bacteria in their bloodstream and intestinal tract. Symptoms include prolonged high fever, fatigue, headache, nausea, abdominal pain, and constipation or diarrhoea. Some patients may have a rash. Severe cases may lead to serious complications or even death. Typhoid fever can be confirmed through blood testing.",2026-09-19T01:48:37.482164+00:00,"Wording variant of typhoid-fever-comb-003. Same symptom set, patient-voice phrasing and synonyms only; no clinical content added."
typhoid-fever-para-025,"i started with loose stools, a rash and trouble passing stool since yesterday",typhoid fever,paraphrase,typhoid-fever-comb-004,typhoid-fever-comb-004,constipation|diarrhea|rash,WHO Typhoid Fact Sheet,https://www.who.int/news-room/fact-sheets/detail/typhoid,Symptoms,"Salmonella Typhi lives only in humans. Persons with typhoid fever carry the bacteria in their bloodstream and intestinal tract. Symptoms include prolonged high fever, fatigue, headache, nausea, abdominal pain, and constipation or diarrhoea. Some patients may have a rash. Severe cases may lead to serious complications or even death. Typhoid fever can be confirmed through blood testing.",2026-09-19T01:48:37.482164+00:00,"Wording variant of typhoid-fever-comb-004. Same symptom set, patient-voice phrasing and synonyms only; no clinical content added."
typhoid-fever-para-026,"i have had a high temperature, nausea and trouble passing stool for three days",typhoid fever,paraphrase,typhoid-fever-comb-005,typhoid-fever-comb-005,constipation|fever|nausea,WHO Typhoid Fact Sheet,https://www.who.int/news-room/fact-sheets/detail/typhoid,Symptoms,"Salmonella Typhi lives only in humans. Persons with typhoid fever carry the bacteria in their bloodstream and intestinal tract. Symptoms include prolonged high fever, fatigue, headache, nausea, abdominal pain, and constipation or diarrhoea. Some patients may have a rash. Severe cases may lead to serious complications or even death. Typhoid fever can be confirmed through blood testing.",2026-09-19T01:48:37.482164+00:00,"Wording variant of typhoid-fever-comb-005. Same symptom set, patient-voice phrasing and synonyms only; no clinical content added."
typhoid-fever-src-001,fever weakness stomach pain headache constipation diarrhea cough loss of appetite rash,typhoid fever,source,,typhoid-fever-src-001,abdominal pain|constipation|cough|diarrhea|fatigue|fever|headache|loss of appetite|rash,CDC Typhoid Symptoms,https://www.cdc.gov/typhoid-fever/signs-symptoms/index.html,Signs and symptoms,"Fever is common. The fever can be as high as 103–104°F (39–40°C). The fever usually lasts more than 3 days. The fever can be as high as 103–104°F (39–40°C). The fever usually lasts more than 3 days. People can have other symptoms, including: Weakness Stomach pain Headache Constipation or diarrhea Cough Loss of appetite Weakness Stomach pain Headache Constipation or diarrhea Cough Loss of appetite Some people get a rash with flat, rose-colored spots.",2026-09-19T01:48:36.660493+00:00,"Full symptom set attested by the 'Signs and symptoms' section of CDC Typhoid Symptoms, in the order the passage lists them."
typhoid-fever-src-002,prolonged fever fatigue headache nausea abdominal pain constipation diarrhoea rash,typhoid fever,source,,typhoid-fever-src-002,abdominal pain|constipation|diarrhea|fatigue|fever|headache|nausea|rash,WHO Typhoid Fact Sheet,https://www.who.int/news-room/fact-sheets/detail/typhoid,Key facts,"Symptoms include prolonged fever, fatigue, headache, nausea, abdominal pain, and constipation or diarrhoea. Some patients may have a rash. Severe cases may lead to serious complications or even death.",2026-09-19T01:48:37.482164+00:00,"Full symptom set attested by the 'Key facts' section of WHO Typhoid Fact Sheet, in the order the passage lists them."
typhoid-fever-src-003,prolonged high fever fatigue headache nausea abdominal pain constipation diarrhoea rash,typhoid fever,source,,typhoid-fever-src-003,abdominal pain|constipation|diarrhea|fatigue|fever|headache|nausea|rash,WHO Typhoid Fact Sheet,https://www.who.int/news-room/fact-sheets/detail/typhoid,Symptoms,"Salmonella Typhi lives only in humans. Persons with typhoid fever carry the bacteria in their bloodstream and intestinal tract. Symptoms include prolonged high fever, fatigue, headache, nausea, abdominal pain, and constipation or diarrhoea. Some patients may have a rash. Severe cases may lead to serious complications or even death. Typhoid fever can be confirmed through blood testing.",2026-09-19T01:48:37.482164+00:00,"Full symptom set attested by the 'Symptoms' section of WHO Typhoid Fact Sheet, in the order the passage lists them."
typhoid-fever-comb-001,fatigue headache abdominal pain diarrhoea rash,typhoid fever,source_combination,,typhoid-fever-comb-001,abdominal pain|diarrhea|fatigue|headache|rash,WHO Typhoid Fact Sheet,https://www.who.int/news-room/fact-sheets/detail/typhoid,Symptoms,"Salmonella Typhi lives only in humans. Persons with typhoid fever carry the bacteria in their bloodstream and intestinal tract. Symptoms include prolonged high fever, fatigue, headache, nausea, abdominal pain, and constipation or diarrhoea. Some patients may have a rash. Severe cases may lead to serious complications or even death. Typhoid fever can be confirmed through blood testing.",2026-09-19T01:48:37.482164+00:00,Subset of the symptoms attested by the 'Symptoms' section of WHO Typhoid Fact Sheet. Every term appears in source_quote; the co-occurrence shown here is synthetic.
typhoid-fever-comb-002,prolonged high fever constipation rash,typhoid fever,source_combination,,typhoid-fever-comb-002,constipation|fever|rash,WHO Typhoid Fact Sheet,https://www.who.int/news-room/fact-sheets/detail/typhoid,Symptoms,"Salmonella Typhi lives only in humans. Persons with typhoid fever carry the bacteria in their bloodstream and intestinal tract. Symptoms include prolonged high fever, fatigue, headache, nausea, abdominal pain, and constipation or diarrhoea. Some patients may have a rash. Severe cases may lead to serious complications or even death. Typhoid fever can be confirmed through blood testing.",2026-09-19T01:48:37.482164+00:00,Subset of the symptoms attested by the 'Symptoms' section of WHO Typhoid Fact Sheet. Every term appears in source_quote; the co-occurrence shown here is synthetic.
typhoid-fever-comb-003,fatigue abdominal pain rash,typhoid fever,source_combination,,typhoid-fever-comb-003,abdominal pain|fatigue|rash,WHO Typhoid Fact Sheet,https://www.who.int/news-room/fact-sheets/detail/typhoid,Symptoms,"Salmonella Typhi lives only in humans. Persons with typhoid fever carry the bacteria in their bloodstream and intestinal tract. Symptoms include prolonged high fever, fatigue, headache, nausea, abdominal pain, and constipation or diarrhoea. Some patients may have a rash. Severe cases may lead to serious complications or even death. Typhoid fever can be confirmed through blood testing.",2026-09-19T01:48:37.482164+00:00,Subset of the symptoms attested by the 'Symptoms' section of WHO Typhoid Fact Sheet. Every term appears in source_quote; the co-occurrence shown here is synthetic.
typhoid-fever-comb-004,constipation diarrhoea rash,typhoid fever,source_combination,,typhoid-fever-comb-004,constipation|diarrhea|rash,WHO Typhoid Fact Sheet,https://www.who.int/news-room/fact-sheets/detail/typhoid,Symptoms,"Salmonella Typhi lives only in humans. Persons with typhoid fever carry the bacteria in their bloodstream and intestinal tract. Symptoms include prolonged high fever, fatigue, headache, nausea, abdominal pain, and constipation or diarrhoea. Some patients may have a rash. Severe cases may lead to serious complications or even death. Typhoid fever can be confirmed through blood testing.",2026-09-19T01:48:37.482164+00:00,Subset of the symptoms attested by the 'Symptoms' section of WHO Typhoid Fact Sheet. Every term appears in source_quote; the co-occurrence shown here is synthetic.
typhoid-fever-comb-005,prolonged high fever nausea constipation,typhoid fever,source_combination,,typhoid-fever-comb-005,constipation|fever|nausea,WHO Typhoid Fact Sheet,https://www.who.int/news-room/fact-sheets/detail/typhoid,Symptoms,"Salmonella Typhi lives only in humans. Persons with typhoid fever carry the bacteria in their bloodstream and intestinal tract. Symptoms include prolonged high fever, fatigue, headache, nausea, abdominal pain, and constipation or diarrhoea. Some patients may have a rash. Severe cases may lead to serious complications or even death. Typhoid fever can be confirmed through blood testing.",2026-09-19T01:48:37.482164+00:00,Subset of the symptoms attested by the 'Symptoms' section of WHO Typhoid Fact Sheet. Every term appears in source_quote; the co-occurrence shown here is synthetic.
typhoid-fever-comb-006,prolonged fever fatigue nausea abdominal pain diarrhoea,typhoid fever,source_combination,,typhoid-fever-comb-006,abdominal pain|diarrhea|fatigue|fever|nausea,WHO Typhoid Fact Sheet,https://www.who.int/news-room/fact-sheets/detail/typhoid,Key facts,"Symptoms include prolonged fever, fatigue, headache, nausea, abdominal pain, and constipation or diarrhoea. Some patients may have a rash. Severe cases may lead to serious complications or even death.",2026-09-19T01:48:37.482164+00:00,Subset of the symptoms attested by the 'Key facts' section of WHO Typhoid Fact Sheet. Every term appears in source_quote; the co-occurrence shown here is synthetic.
typhoid-fever-comb-007,stomach pain headache constipation,typhoid fever,source_combination,,typhoid-fever-comb-007,abdominal pain|constipation|headache,CDC Typhoid Symptoms,https://www.cdc.gov/typhoid-fever/signs-symptoms/index.html,Signs and symptoms,"Fever is common. The fever can be as high as 103–104°F (39–40°C). The fever usually lasts more than 3 days. The fever can be as high as 103–104°F (39–40°C). The fever usually lasts more than 3 days. People can have other symptoms, including: Weakness Stomach pain Headache Constipation or diarrhea Cough Loss of appetite Weakness Stomach pain Headache Constipation or diarrhea Cough Loss of appetite Some people get a rash with flat, rose-colored spots.",2026-09-19T01:48:36.660493+00:00,Subset of the symptoms attested by the 'Signs and symptoms' section of CDC Typhoid Symptoms. Every term appears in source_quote; the co-occurrence shown here is synthetic.
typhoid-fever-comb-008,prolonged high fever headache nausea abdominal pain rash,typhoid fever,source_combination,,typhoid-fever-comb-008,abdominal pain|fever|headache|nausea|rash,WHO Typhoid Fact Sheet,https://www.who.int/news-room/fact-sheets/detail/typhoid,Symptoms,"Salmonella Typhi lives only in humans. Persons with typhoid fever carry the bacteria in their bloodstream and intestinal tract. Symptoms include prolonged high fever, fatigue, headache, nausea, abdominal pain, and constipation or diarrhoea. Some patients may have a rash. Severe cases may lead to serious complications or even death. Typhoid fever can be confirmed through blood testing.",2026-09-19T01:48:37.482164+00:00,Subset of the symptoms attested by the 'Symptoms' section of WHO Typhoid Fact Sheet. Every term appears in source_quote; the co-occurrence shown here is synthetic.
typhoid-fever-comb-009,prolonged high fever nausea rash,typhoid fever,source_combination,,typhoid-fever-comb-009,fever|nausea|rash,WHO Typhoid Fact Sheet,https://www.who.int/news-room/fact-sheets/detail/typhoid,Symptoms,"Salmonella Typhi lives only in humans. Persons with typhoid fever carry the bacteria in their bloodstream and intestinal tract. Symptoms include prolonged high fever, fatigue, headache, nausea, abdominal pain, and constipation or diarrhoea. Some patients may have a rash. Severe cases may lead to serious complications or even death. Typhoid fever can be confirmed through blood testing.",2026-09-19T01:48:37.482164+00:00,Subset of the symptoms attested by the 'Symptoms' section of WHO Typhoid Fact Sheet. Every term appears in source_quote; the co-occurrence shown here is synthetic.
typhoid-fever-comb-010,headache constipation diarrhea cough,typhoid fever,source_combination,,typhoid-fever-comb-010,constipation|cough|diarrhea|headache,CDC Typhoid Symptoms,https://www.cdc.gov/typhoid-fever/signs-symptoms/index.html,Signs and symptoms,"Fever is common. The fever can be as high as 103–104°F (39–40°C). The fever usually lasts more than 3 days. The fever can be as high as 103–104°F (39–40°C). The fever usually lasts more than 3 days. People can have other symptoms, including: Weakness Stomach pain Headache Constipation or diarrhea Cough Loss of appetite Weakness Stomach pain Headache Constipation or diarrhea Cough Loss of appetite Some people get a rash with flat, rose-colored spots.",2026-09-19T01:48:36.660493+00:00,Subset of the symptoms attested by the 'Signs and symptoms' section of CDC Typhoid Symptoms. Every term appears in source_quote; the co-occurrence shown here is synthetic.
typhoid-fever-comb-011,fever constipation diarrhea cough loss of appetite rash,typhoid fever,source_combination,,typhoid-fever-comb-011,constipation|cough|diarrhea|fever|loss of appetite|rash,CDC Typhoid Symptoms,https://www.cdc.gov/typhoid-fever/signs-symptoms/index.html,Signs and symptoms,"Fever is common. The fever can be as high as 103–104°F (39–40°C). The fever usually lasts more than 3 days. The fever can be as high as 103–104°F (39–40°C). The fever usually lasts more than 3 days. People can have other symptoms, including: Weakness Stomach pain Headache Constipation or diarrhea Cough Loss of appetite Weakness Stomach pain Headache Constipation or diarrhea Cough Loss of appetite Some people get a rash with flat, rose-colored spots.",2026-09-19T01:48:36.660493+00:00,Subset of the symptoms attested by the 'Signs and symptoms' section of CDC Typhoid Symptoms. Every term appears in source_quote; the co-occurrence shown here is synthetic.
typhoid-fever-comb-012,fatigue nausea diarrhoea rash,typhoid fever,source_combination,,typhoid-fever-comb-012,diarrhea|fatigue|nausea|rash,WHO Typhoid Fact Sheet,https://www.who.int/news-room/fact-sheets/detail/typhoid,Symptoms,"Salmonella Typhi lives only in humans. Persons with typhoid fever carry the bacteria in their bloodstream and intestinal tract. Symptoms include prolonged high fever, fatigue, headache, nausea, abdominal pain, and constipation or diarrhoea. Some patients may have a rash. Severe cases may lead to serious complications or even death. Typhoid fever can be confirmed through blood testing.",2026-09-19T01:48:37.482164+00:00,Subset of the symptoms attested by the 'Symptoms' section of WHO Typhoid Fact Sheet. Every term appears in source_quote; the co-occurrence shown here is synthetic.
typhoid-fever-comb-013,weakness stomach pain headache loss of appetite rash,typhoid fever,source_combination,,typhoid-fever-comb-013,abdominal pain|fatigue|headache|loss of appetite|rash,CDC Typhoid Symptoms,https://www.cdc.gov/typhoid-fever/signs-symptoms/index.html,Signs and symptoms,"Fever is common. The fever can be as high as 103–104°F (39–40°C). The fever usually lasts more than 3 days. The fever can be as high as 103–104°F (39–40°C). The fever usually lasts more than 3 days. People can have other symptoms, including: Weakness Stomach pain Headache Constipation or diarrhea Cough Loss of appetite Weakness Stomach pain Headache Constipation or diarrhea Cough Loss of appetite Some people get a rash with flat, rose-colored spots.",2026-09-19T01:48:36.660493+00:00,Subset of the symptoms attested by the 'Signs and symptoms' section of CDC Typhoid Symptoms. Every term appears in source_quote; the co-occurrence shown here is synthetic.
typhoid-fever-comb-014,prolonged fever headache abdominal pain constipation diarrhoea rash,typhoid fever,source_combination,,typhoid-fever-comb-014,abdominal pain|constipation|diarrhea|fever|headache|rash,WHO Typhoid Fact Sheet,https://www.who.int/news-room/fact-sheets/detail/typhoid,Key facts,"Symptoms include prolonged fever, fatigue, headache, nausea, abdominal pain, and constipation or diarrhoea. Some patients may have a rash. Severe cases may lead to serious complications or even death.",2026-09-19T01:48:37.482164+00:00,Subset of the symptoms attested by the 'Key facts' section of WHO Typhoid Fact Sheet. Every term appears in source_quote; the co-occurrence shown here is synthetic.
typhoid-fever-comb-015,prolonged high fever headache constipation rash,typhoid fever,source_combination,,typhoid-fever-comb-015,constipation|fever|headache|rash,WHO Typhoid Fact Sheet,https://www.who.int/news-room/fact-sheets/detail/typhoid,Symptoms,"Salmonella Typhi lives only in humans. Persons with typhoid fever carry the bacteria in their bloodstream and intestinal tract. Symptoms include prolonged high fever, fatigue, headache, nausea, abdominal pain, and constipation or diarrhoea. Some patients may have a rash. Severe cases may lead to serious complications or even death. Typhoid fever can be confirmed through blood testing.",2026-09-19T01:48:37.482164+00:00,Subset of the symptoms attested by the 'Symptoms' section of WHO Typhoid Fact Sheet. Every term appears in source_quote; the co-occurrence shown here is synthetic.
typhoid-fever-comb-016,prolonged fever headache abdominal pain constipation,typhoid fever,source_combination,,typhoid-fever-comb-016,abdominal pain|constipation|fever|headache,WHO Typhoid Fact Sheet,https://www.who.int/news-room/fact-sheets/detail/typhoid,Key facts,"Symptoms include prolonged fever, fatigue, headache, nausea, abdominal pain, and constipation or diarrhoea. Some patients may have a rash. Severe cases may lead to serious complications or even death.",2026-09-19T01:48:37.482164+00:00,Subset of the symptoms attested by the 'Key facts' section of WHO Typhoid Fact Sheet. Every term appears in source_quote; the co-occurrence shown here is synthetic.
